run,round,criterion,label,justification
1,1,1,1,"Both parties have made clear declarations of intent with specific price offers ($16,500 and $17,200), demonstrating mutual willingness to negotiate."
1,1,2,1,Both parties explicitly acknowledge the negotiation context and demonstrate intent to potentially conclude a contract for the vehicle sale.
1,1,3,1,"Essential terms are being addressed: the subject matter (2019 Yaris), mileage (65,000 km), condition, and price range are all identified and discussed."
1,1,4,,Compliance with mandatory statutory provisions cannot be assessed at this preliminary negotiation stage without knowing the jurisdiction and specific legal requirements.
1,1,5,1,Both parties are negotiating in good faith with transparent reasoning about valuation and willingness to find middle ground.
1,1,6,1,Both parties appear to be making conscious and free decisions to engage in negotiation without evidence of coercion or constraint.
1,1,7,1,There is no indication that either party is engaging in a simulated or sham transaction; both appear genuinely interested in a vehicle sale.
1,1,8,1,"No evidence of error, deceit, or threat affecting either party's declarations of will in this round."
1,2,1,1,"Both parties continue to express clear declarations of intent to negotiate and potentially conclude a contract, with the seller making a counter-offer at $17,100."
1,2,2,1,"Both parties demonstrate a common intention to conclude a contract, as evidenced by their continued engagement in good-faith price negotiation with specific offers."
1,2,3,,"While price is being negotiated, agreement on all essential terms (payment method, delivery, condition warranties, etc.) has not yet been established."
1,2,4,,Compliance with mandatory statutory provisions cannot be assessed at this stage as the parties have not yet reached agreement on core terms.
1,2,5,1,"Both parties are negotiating in good faith, providing market data and justifications for their positions, and making reasonable counter-offers that reflect fair dealing principles."
1,2,6,1,Both parties appear to be consciously and freely deciding to continue negotiations without evidence of coercion or external pressure.
1,2,7,1,There is no indication that either party is engaging in a simulated or sham transaction; both are genuinely negotiating the purchase of the vehicle.
1,2,8,1,"No defects such as error, deceit, or threat are evident in either party's declarations; both are providing transparent reasoning for their positions."
1,3,1,1,"Both parties have made clear declarations of intent in this round, with the buyer offering $17,050 and the seller accepting it."
1,3,2,1,"Both parties explicitly demonstrate intention to be bound by the contract, with the seller stating 'We have a deal' and agreeing to the price."
1,3,3,1,"Essential terms are agreed upon: the vehicle (2019 Yaris, 65,000 km), the price ($17,050), and the condition are all established."
1,3,4,,"Compliance with mandatory statutory provisions cannot be determined from this negotiation transcript alone, as it depends on jurisdiction-specific requirements not addressed here."
1,3,5,1,"The negotiation demonstrates good faith and fair dealing, with both parties transparently sharing information and making reasonable compromises."
1,3,6,1,Both parties have consciously and freely decided to conclude the contract without evidence of coercion or undue pressure.
1,3,7,1,"The agreement appears genuine with substantive negotiation and legitimate reasoning provided by both parties, showing no signs of simulation."
1,3,8,1,"No evidence of error, deceit, or threat affecting either party's declarations of will in this round."
1,4,1,1,"Both parties have clearly expressed their declarations of intent and will to conclude the contract at the price of $17,050."
1,4,2,1,"Both parties explicitly demonstrate a common intention to be bound by the contract, with the seller stating 'Yes, I can accept $17,050. We have a deal' and the buyer confirming agreement."
1,4,3,1,"The essential terms are agreed upon: the vehicle (2019 Yaris, 65,000 km, excellent condition), the price ($17,050), and the subject matter of the sale are clearly defined."
1,4,4,,"Compliance with mandatory statutory provisions cannot be determined from the negotiation transcript alone, as it depends on jurisdiction-specific requirements and documentation not yet addressed."
1,4,5,1,"The negotiation demonstrates good faith and fair dealing, with both parties transparently sharing information, making reasonable compromises, and acknowledging each other's positions."
1,4,6,1,"Both parties have consciously and freely decided to conclude the contract, with the buyer explicitly stating their budget and the seller voluntarily accepting the compromise price."
1,4,7,1,There is no indication that this is a simulated or sham transaction; both parties appear to have genuine intentions to complete the sale.
1,4,8,1,"Neither party's declarations of will show signs of error, deceit, or threat; both have acted transparently and voluntarily throughout the negotiation."
2,1,1,1,"Both parties have made clear declarations of intent with specific offer prices ($16,500 and $17,200), demonstrating mutual willingness to negotiate."
2,1,2,1,Both parties explicitly acknowledge they are negotiating a car purchase and understand the binding nature of eventual agreement on price.
2,1,3,1,"The essential terms are being addressed: the subject matter (2019 Yaris), mileage (65,000 km), condition, and price range are all identified and discussed."
2,1,4,,Compliance with mandatory statutory provisions cannot be assessed at this negotiation stage without knowing the jurisdiction and specific legal requirements.
2,1,5,1,"Both parties are negotiating in good faith with transparent reasoning (maintenance history, mileage, market rates) and respectful communication."
2,1,6,1,Both parties demonstrate conscious and free decision-making by presenting reasoned counteroffers without evidence of coercion or duress.
2,1,7,1,"The negotiation appears genuine with substantive discussion of vehicle condition and pricing rationale, showing no signs of a sham transaction."
2,1,8,1,"No evidence of error, deceit, or threat is present; both parties provide factual information about the vehicle and make independent offers."
2,2,1,1,"Both parties continue to express clear declarations of intent through their counter-offers, demonstrating mutual willingness to negotiate toward a contract."
2,2,2,1,"Both parties demonstrate a common intention to conclude a binding contract, as evidenced by their continued negotiation and willingness to compromise on price."
2,2,3,1,"The essential terms are substantially agreed: the vehicle (2019 Yaris), mileage (65,000 km), condition, and maintenance history are established; only the price remains under negotiation within a narrow range ($17,000-$17,100)."
2,2,4,,Compliance with mandatory statutory provisions cannot be assessed without knowing the jurisdiction and specific legal requirements for vehicle sales contracts.
2,2,5,1,"Both parties conduct the negotiation in good faith with respectful language, reasonable compromises, and transparent justifications for their positions."
2,2,6,1,"Both parties appear to be consciously and freely deciding to negotiate, with no evidence of coercion, duress, or lack of voluntary participation."
2,2,7,1,There is no indication that either party is engaging in a simulated or sham transaction; both appear genuinely interested in concluding a real sale.
2,2,8,1,"No defects such as error, deceit, or threat are evident in either party's declarations; both provide factual information about the vehicle and honest negotiating positions."
2,3,1,1,"Both parties have clearly expressed their declarations of intent and will in this round, with the buyer proposing $17,000 and the seller responding with a counter-offer of $17,100."
2,3,2,1,Both parties continue to demonstrate a common intention to conclude a contract and be bound by its legal effects through their continued negotiation and willingness to compromise.
2,3,3,1,"The essential terms are being progressively agreed upon: the vehicle (2019 Yaris), mileage (65,000 km), condition (excellent), and price is narrowing (buyer at $17,000, seller at $17,100)."
2,3,4,,"Compliance with mandatory statutory provisions cannot be determined from the negotiation transcript alone, as it depends on jurisdiction-specific requirements not yet addressed."
2,3,5,1,"Both parties are negotiating in good faith with transparent reasoning, mutual respect, and fair dealing principles evident in their respectful tone and reasonable compromise positions."
2,3,6,1,"Both parties are consciously and freely deciding to negotiate and determine contract content, with no evidence of coercion or lack of voluntary participation."
2,3,7,1,There is no indication that this is a simulated or sham transaction; both parties appear to be genuinely negotiating a real car sale.
2,3,8,1,"No defects such as error, deceit, or threat are evident in either party's declarations of will during this round."
2,4,1,1,"Both parties have clearly expressed their declarations of intent and will, with the seller making a counter-offer of $17,100 and the buyer responding with a counter-offer of $17,050."
2,4,2,1,"Both parties demonstrate a common intention to conclude a binding contract, as evidenced by their continued good-faith negotiation and willingness to compromise."
2,4,3,,"While the price is being negotiated, other essential terms (payment method, delivery, condition warranties, etc.) have not yet been explicitly agreed upon in this round."
2,4,4,,"Compliance with mandatory statutory provisions cannot be determined from the negotiation transcript alone, as formal documentation and legal requirements have not yet been addressed."
2,4,5,1,"Both parties are negotiating in good faith with mutual respect, transparency about their positions, and willingness to compromise, consistent with principles of fair dealing."
2,4,6,1,Both parties are consciously and freely deciding to negotiate and adjust their positions without any indication of coercion or external pressure.
2,4,7,1,There is no indication that either party is engaging in a simulated or sham transaction; both appear genuinely interested in concluding a real sale.
2,4,8,1,"Neither party's declarations of will show signs of error, deceit, or threat; both are making informed, voluntary offers based on the vehicle's condition and market rates."
3,1,1,1,"Both parties have made clear declarations of intent with specific offer prices ($16,500 and $17,000 counter-offer), demonstrating mutual willingness to negotiate."
3,1,2,,"While both parties express interest in proceeding, neither has yet accepted the other's terms, so a common intention to be bound cannot be definitively established at this stage."
3,1,3,1,"Essential terms are being addressed: the vehicle (2019 Yaris), condition (excellent, 65,000 km, full maintenance), and price range ($16,500-$17,000) are clearly identified."
3,1,4,,"Compliance with mandatory statutory provisions cannot be assessed without knowing the applicable jurisdiction and whether required formalities (documentation, registration transfer, etc.) will be followed."
3,1,5,1,"Both parties are negotiating in good faith with transparent reasoning about vehicle condition and market value, showing fair dealing principles."
3,1,6,1,Both parties demonstrate conscious and free decision-making by articulating their positions and willingness to negotiate without apparent coercion or duress.
3,1,7,1,"The negotiation appears genuine with substantive discussion of vehicle merits and market conditions, showing no indication of a sham transaction."
3,1,8,1,"No evidence of error, deceit, or threat affecting either party's declarations of will in this round."
3,2,1,1,"Both parties continue to express clear declarations of intent to negotiate and potentially conclude a contract, with the seller making a counter-offer of $16,900."
3,2,2,1,"Both parties demonstrate a common intention to conclude a contract, as evidenced by their willingness to negotiate and move toward agreement on price."
3,2,3,1,"The essential terms are being progressively agreed upon: the vehicle (2019 Yaris, 65,000 km, excellent condition), and the parties are converging on price ($16,800 vs $16,900 offer)."
3,2,4,,Compliance with mandatory statutory provisions cannot be assessed without knowing the applicable jurisdiction and whether all required formalities are being followed.
3,2,5,1,"Both parties are negotiating in good faith, providing market comparables, acknowledging each other's positions, and making reasonable compromises consistent with fair dealing principles."
3,2,6,1,"Both parties appear to be consciously and freely deciding to negotiate, with no evidence of coercion or lack of voluntary participation in determining contract terms."
3,2,7,1,There is no indication that either party is engaging in a simulated or sham transaction; both are genuinely negotiating the purchase and sale of the vehicle.
3,2,8,1,"No defects such as error, deceit, or threat are evident in either party's declarations; both are providing factual information about the vehicle and market conditions."
3,3,1,1,Both parties have clearly expressed their declarations of intent through specific offer prices and willingness to negotiate toward agreement.
3,3,2,1,"Both parties demonstrate a common intention to conclude a binding contract, as evidenced by their progressive narrowing of positions and engagement in good-faith negotiation."
3,3,3,1,"The essential terms are agreed upon: vehicle identification (2019 Yaris), condition (excellent, 65,000 km, accident-free, full maintenance records), and price ($16,850)."
3,3,4,,"Compliance with mandatory statutory provisions cannot be determined from the negotiation transcript alone, as it depends on jurisdiction-specific requirements for vehicle sales contracts."
3,3,5,1,"The negotiation reflects good faith and fair dealing, with both parties transparently discussing market comparables, vehicle condition, and budget constraints."
3,3,6,1,Both parties have consciously and freely made their decisions through a transparent negotiation process without apparent coercion or undue pressure.
3,3,7,1,There is no indication that this is a simulated or sham transaction; both parties appear genuinely interested in completing a legitimate vehicle sale.
3,3,8,1,"No evidence of error, deceit, or threat affecting either party's declarations of will; the negotiation is transparent and based on disclosed facts about the vehicle."
3,4,1,1,"Both parties have clearly expressed mutual declarations of intent to conclude the contract at $16,850, with both marking 'agreed: true'."
3,4,2,1,"Both parties explicitly demonstrate a common intention to be bound by the contract, with the seller stating 'I'm willing to accept $16,850' and the buyer confirming readiness to 'proceed with the paperwork and finalize the sale'."
3,4,3,1,"The essential terms are agreed upon: the vehicle (2019 Yaris, 65,000 km, excellent condition), the price ($16,850), and the parties' identities are established."
3,4,4,,"Compliance with mandatory statutory provisions (such as consumer protection laws, vehicle registration requirements, and title transfer rules) cannot be determined from the negotiation transcript alone."
3,4,5,1,"The negotiation demonstrates good faith and fair dealing, with both parties making reasonable compromises, being transparent about constraints, and acknowledging each other's positions respectfully."
3,4,6,1,"Both parties have consciously and freely decided to conclude the contract without apparent coercion, with the buyer explicitly stating they are 'ready to move forward' and the seller voluntarily accepting the final offer."
3,4,7,1,There is no indication that this is a simulated or sham transaction; both parties appear genuinely interested in completing a legitimate vehicle sale.
3,4,8,1,"Neither party's declarations of will show signs of error, deceit, or threat; both have been transparent about their positions and reasoning throughout the negotiation."
4,1,1,1,"Both parties have made clear declarations of intent with specific offer prices ($16,500 and $17,500) and expressed willingness to negotiate."
4,1,2,,"It cannot yet be determined if both parties intend to be legally bound, as they are still in the negotiation phase with divergent positions."
4,1,3,,Essential terms like final price remain unresolved; only the vehicle description and parties' opening positions are established.
4,1,4,,Compliance with statutory provisions cannot be assessed until the parties reach agreement on material terms.
4,1,5,1,Both parties are negotiating in good faith with transparent reasoning and reasonable opening positions based on the vehicle's condition.
4,1,6,1,Both parties appear to be making conscious and free decisions to engage in negotiation without apparent coercion or constraint.
4,1,7,1,There is no indication that either party is engaging in a simulated or sham transaction; both appear genuinely interested in a car sale.
4,1,8,1,"No evidence of error, deceit, or threat affecting either party's declarations of will in this round."
4,2,1,1,"Both parties continue to express clear declarations of intent to negotiate and potentially conclude a contract, with the seller making a counteroffer at $17,200."
4,2,2,,"While both parties demonstrate willingness to negotiate, neither has yet accepted the other's offer, so a common intention to be bound cannot be definitively established at this stage."
4,2,3,,"The parties have not yet agreed on the essential term (price); the buyer offered $17,000 and the seller countered at $17,200, leaving the main subject matter unresolved."
4,2,4,,Compliance with mandatory statutory provisions cannot be assessed until the parties reach agreement on all essential terms and formalize the contract.
4,2,5,1,"Both parties are negotiating in good faith with transparent reasoning, reasonable counteroffers, and acknowledgment of each other's positions."
4,2,6,1,Both parties appear to be consciously and freely deciding to continue negotiations without evidence of coercion or lack of autonomy.
4,2,7,1,There is no indication that either party is engaging in a simulated or sham transaction; both appear genuinely interested in concluding a sale.
4,2,8,1,"No evidence of error, deceit, or threat affecting either party's declarations of will in this round of negotiation."
4,3,1,1,Both parties have clearly expressed their declarations of intent to conclude a contract at the negotiated price.
4,3,2,1,Both parties demonstrate a common intention to be bound by a legally enforceable contract for the sale of the vehicle.
4,3,3,1,"Essential terms are agreed: the subject matter (2019 Yaris), price ($17,100), and vehicle condition/history are clearly established."
4,3,4,,Compliance with mandatory statutory provisions cannot be determined from the transcript alone without knowing the applicable jurisdiction's requirements.
4,3,5,1,"The negotiation demonstrates good faith and fair dealing, with both parties making reasonable compromises and acknowledging each other's positions."
4,3,6,1,Both parties have consciously and freely decided to conclude the contract without evidence of coercion or undue pressure.
4,3,7,1,There is no indication that this is a simulated or sham transaction; both parties appear genuinely interested in completing the sale.
4,3,8,1,"No defects such as error, deceit, or threat are evident in either party's declarations of will during this round."
4,4,1,1,"Both parties have clearly declared their intent and will regarding the transaction at $17,200, with the seller making a specific offer and the buyer responding with a counter-offer."
4,4,2,1,"Both parties demonstrate a common intention to conclude a binding contract, as evidenced by their continued negotiation and movement toward agreement."
4,4,3,1,"The essential terms are agreed upon: the vehicle (2019 Yaris), the price ($17,100 in the buyer's counter-offer), and the subject matter of the sale are clearly defined."
4,4,4,,"Compliance with mandatory statutory provisions cannot be determined from this negotiation transcript alone, as it depends on jurisdiction-specific requirements not addressed here."
4,4,5,1,"Both parties are negotiating in good faith with transparent communication, reasonable offers, and mutual respect throughout the process."
4,4,6,1,"Both parties appear to be making conscious and free decisions without evidence of coercion, duress, or undue pressure in their statements."
4,4,7,1,There is no indication that either party is engaging in a simulated or sham transaction; both are genuinely negotiating a real car sale.
4,4,8,1,"No defects such as error, deceit, or threat are evident in either party's declarations during this round of negotiation."
5,1,1,1,"Both parties have clearly expressed their declarations of intent—the buyer made an offer at $16,500 and the seller accepted it without reservation."
5,1,2,1,"Both parties explicitly demonstrate a common intention to conclude a contract and be bound by it, with the seller stating 'Let's move forward with that.'"
5,1,3,1,"The essential terms are agreed upon: the subject matter (2019 Toyota Yaris), the price ($16,500), and key conditions (maintenance history, no accidents, mileage at 65,000 km)."
5,1,4,,"Compliance with mandatory statutory provisions cannot be determined from this negotiation transcript alone, as it depends on jurisdiction-specific contract law requirements."
5,1,5,1,"The negotiation demonstrates good faith and fair dealing, with transparent disclosure of vehicle condition and honest price discussion based on market comparables."
5,1,6,1,Both parties appear to have consciously and freely decided to conclude the contract without evidence of coercion or undue pressure.
5,1,7,1,There is no indication that this is a simulated or sham transaction; both parties appear genuinely interested in a legitimate car sale.
5,1,8,1,"Neither party's declarations of will show signs of error, deceit, or threat; the seller provided honest information and the buyer made an informed offer."
5,2,1,1,"Both parties have clearly expressed mutual consent and declarations of intent to conclude the contract at the price of $16,500."
5,2,2,1,"Both parties explicitly state their intention to be bound and to proceed with finalizing the purchase, demonstrating common intention to conclude a binding contract."
5,2,3,1,"Essential terms are agreed upon: the vehicle (2019 Toyota Yaris), the price ($16,500), condition details (65,000 km, zero accidents, full maintenance history), and the parties' intentions are clear."
5,2,4,,"Compliance with mandatory statutory provisions cannot be determined from the negotiation transcript alone, as it depends on jurisdiction-specific requirements and actual contract documentation."
5,2,5,1,"The negotiation demonstrates good faith and fair dealing, with transparent disclosure of vehicle condition, honest pricing discussion, and both parties reaching a mutually satisfactory agreement."
5,2,6,1,"Both parties have consciously and freely decided to conclude the contract without any indication of coercion, duress, or lack of voluntary consent."
5,2,7,1,There is no evidence suggesting this is a simulated or sham transaction; both parties appear genuinely committed to completing the purchase.
5,2,8,1,"Neither party's declarations of will show signs of error, deceit, or threat; the seller provided accurate information and both parties agreed based on full disclosure."
6,1,1,1,"Both parties have made clear declarations of intent regarding price ($16,500), demonstrating mutual willingness to communicate and negotiate."
6,1,2,,"While both parties discuss the same price point, it cannot yet be determined if they share a common intention to be legally bound, as the buyer has not explicitly accepted and the seller's statement remains conditional ('if you'd like to move forward')."
6,1,3,,"The price has been agreed upon ($16,500), but other essential terms such as payment method, delivery/transfer conditions, and warranty provisions have not been discussed or confirmed."
6,1,4,,"Compliance with mandatory statutory provisions cannot be assessed at this stage without knowing the jurisdiction and whether all required formalities (e.g., title transfer documentation) will be followed."
6,1,5,1,"Both parties are negotiating transparently with reference to market value and vehicle condition, demonstrating good faith and fair dealing principles."
6,1,6,1,Both parties appear to be consciously and freely participating in the negotiation without evidence of coercion or constraint.
6,1,7,1,"The negotiation appears genuine with substantive discussion of vehicle condition and market value, showing no signs of a simulated or sham transaction."
6,1,8,1,"No evidence of error, deceit, or threat is present in either party's declarations; both provide factual information about the vehicle."
6,2,1,1,"Both parties continue to express clear declarations of intent to negotiate and potentially conclude a contract, with the seller making a counter-offer at $16,350."
6,2,2,,"While both parties demonstrate willingness to negotiate, neither has yet accepted the other's terms, so a common intention to be bound cannot be definitively established."
6,2,3,1,"The essential terms are becoming increasingly aligned: vehicle identification (2019 Yaris, 65,000 km, excellent condition), price range ($16,200-$16,500), and payment subject matter are all clearly defined."
6,2,4,,"Compliance with mandatory statutory provisions cannot be assessed without knowing the jurisdiction and whether required documentation (title, registration, inspection) will be provided."
6,2,5,1,"Both parties are negotiating in good faith with transparent reasoning, fair market-based arguments, and reasonable compromise proposals consistent with fair dealing principles."
6,2,6,1,"Both parties demonstrate conscious and free decision-making, with the seller explicitly offering compromise and the buyer presenting reasoned counteroffers without coercion."
6,2,7,1,"The negotiation appears genuine with substantive discussion of vehicle condition, maintenance records, and market value, showing no indication of a sham transaction."
6,2,8,1,"No evidence of error, deceit, or threat is present; both parties provide factual information about the vehicle and make honest negotiating positions."
6,3,1,1,"Both parties have clearly expressed their declarations of intent in this round, with the buyer proposing $16,200 and the seller responding with a counter-offer of $16,350."
6,3,2,,"While both parties are negotiating, it cannot yet be determined if they share a common intention to be legally bound, as no agreement has been reached in this round."
6,3,3,,"The essential terms (price, vehicle specifications) are being discussed but not yet agreed upon in this round, as the buyer and seller remain at different price points ($16,200 vs. $16,350)."
6,3,4,,Compliance with mandatory statutory provisions cannot be assessed at this negotiation stage without knowledge of applicable contract law requirements.
6,3,5,1,"Both parties are negotiating in good faith, with transparent reasoning about market value and fair dealing principles evident in their respectful exchange."
6,3,6,1,Both parties are consciously and freely participating in the negotiation without evidence of coercion or lack of voluntary participation.
6,3,7,1,There is no indication that either party is engaging in a simulated or sham transaction; both appear genuinely interested in concluding a real car sale.
6,3,8,1,"No defects such as error, deceit, or threat are evident in either party's declarations during this round."
7,1,1,1,"Both parties have made clear declarations of intent regarding price, with the buyer proposing $16,500 and the seller accepting this as a fair starting point while setting a minimum of $15,000."
7,1,2,,"While both parties express willingness to negotiate, it cannot yet be determined if they share a common intention to be legally bound, as no final agreement has been reached."
7,1,3,,"The essential term of price remains under negotiation; while the vehicle and mileage are established, the parties have not yet agreed on a final price."
7,1,4,,Compliance with mandatory statutory provisions cannot be assessed until the parties reach agreement on all material terms.
7,1,5,1,Both parties are negotiating in good faith with transparent reasoning about market value and fair pricing without unreasonable demands.
7,1,6,1,"Both parties are consciously and freely engaging in negotiation, expressing their positions and constraints without evidence of coercion or lack of capacity."
7,1,7,1,There is no indication that either party is engaging in a simulated or sham transaction; both appear genuinely interested in negotiating a real sale.
7,1,8,1,"Neither party's declarations of will show signs of error, deceit, or threat; both are providing factual information about the vehicle and their negotiating positions."
7,2,1,1,"Both parties continue to express clear declarations of intent to negotiate and potentially conclude a contract, with specific price offers being made."
7,2,2,1,"Both parties demonstrate a common intention to conclude a binding contract, as evidenced by their willingness to negotiate terms and discuss conditions."
7,2,3,1,"Essential terms are being progressively clarified: the vehicle (2019 Yaris, 65,000 km), condition details, maintenance history, and price range ($15,500-$16,000) are substantially agreed upon."
7,2,4,,Compliance with mandatory statutory provisions cannot be determined at this negotiation stage without knowing the applicable jurisdiction's requirements.
7,2,5,1,"Both parties are negotiating in good faith with transparency about condition, maintenance records, and price expectations, consistent with fair dealing principles."
7,2,6,1,"Both parties appear to be making conscious and free decisions without evidence of coercion, with the buyer conducting due diligence and the seller providing honest information."
7,2,7,1,There is no indication that either party is engaging in a simulated or sham transaction; both are genuinely negotiating a real vehicle sale.
7,2,8,1,"No defects in declarations of will (error, deceit, or threat) are evident; the seller provides documentation and honest answers to the buyer's questions."
7,3,1,1,"Both parties continue to express clear declarations of intent to negotiate and potentially conclude a contract, with specific price proposals being exchanged."
7,3,2,1,"Both parties demonstrate a common intention to conclude a binding contract, as evidenced by their willingness to negotiate terms and move toward agreement."
7,3,3,1,"The essential terms are being progressively clarified: vehicle identification (2019 Yaris, 65,000 km), condition (excellent), maintenance history (documented), and price range is narrowing ($15,600-$15,700)."
7,3,4,,"Compliance with mandatory statutory provisions cannot be determined without knowing the applicable jurisdiction and whether all required formalities (e.g., title transfer, registration) will be followed."
7,3,5,1,"Both parties are negotiating in good faith with transparency about condition, maintenance records, and pricing rationale, demonstrating fair dealing principles."
7,3,6,1,Both parties are consciously and freely making decisions about contract terms without evidence of coercion or undue pressure.
7,3,7,1,There is no indication that either party is engaging in a simulated or sham transaction; both appear genuinely interested in concluding a real sale.
7,3,8,1,"No defects (error, deceit, or threat) are evident in the buyer's or seller's declarations; both provide consistent information and honest representations."
7,4,1,1,"Both parties have clearly expressed mutual consent to the contract terms with matching declarations of intent at $15,700."
7,4,2,1,Both parties explicitly demonstrate a common intention to conclude a binding contract and be bound by its legal effects.
7,4,3,1,"Essential terms are agreed upon: vehicle (2019 Toyota Yaris), condition (excellent with 65,000 km), price ($15,700), and documentation (complete service records)."
7,4,4,,Compliance with mandatory statutory provisions cannot be determined from the negotiation transcript alone; actual contract execution and legal formalities remain pending.
7,4,5,1,"The negotiation demonstrates good faith and fair dealing with transparent disclosure of maintenance records, honest condition assessment, and reasonable compromise on price."
7,4,6,1,Both parties have consciously and freely decided to conclude the contract without evidence of coercion or undue pressure.
7,4,7,1,"The contract appears genuine with substantive negotiations over price and documented vehicle condition, showing no signs of simulation or sham."
7,4,8,1,"No evidence of error, deceit, or threat affecting either party's declarations of will; the seller provided complete documentation and the buyer conducted due diligence."
8,1,1,1,"Both parties have made clear declarations of intent to negotiate and potentially conclude a contract, with the buyer expressing interest in moving forward and the seller responding with a counteroffer."
8,1,2,1,"Both parties demonstrate a common intention to conclude a contract, as evidenced by their engagement in price negotiation and willingness to discuss terms."
8,1,3,,"Essential terms regarding the vehicle (make, model, year, mileage, condition) are established, but price remains disputed and no agreement on this critical term has been reached yet."
8,1,4,,Compliance with mandatory statutory provisions cannot be assessed at this preliminary negotiation stage without knowledge of applicable jurisdiction and contract formalities.
8,1,5,1,"Both parties are negotiating in good faith with transparent reasoning about price, vehicle condition, and market value, consistent with fair dealing principles."
8,1,6,1,Both parties appear to be consciously and freely deciding to engage in negotiations without evidence of coercion or constraint.
8,1,7,1,There is no indication that either party is engaging in a simulated or sham transaction; both appear genuinely interested in a legitimate car sale.
8,1,8,1,"No evidence of error, deceit, or threat affecting either party's declarations of will in this round of negotiation."
8,2,1,1,"Both parties continue to express clear declarations of intent to negotiate and potentially conclude a contract, with the seller making a counteroffer of $17,250."
8,2,2,,"While both parties demonstrate willingness to negotiate, neither has yet accepted the other's offer, so a common intention to be bound cannot be definitively established at this stage."
8,2,3,1,"The essential terms are becoming increasingly aligned: the subject matter (2019 Yaris, 65,000 km, excellent condition) and price range ($17,000-$17,250) are clearly defined and narrowing."
8,2,4,,Compliance with mandatory statutory provisions cannot be assessed until a final agreement is reached and the contract terms are fully specified.
8,2,5,1,"Both parties are negotiating in good faith with transparent reasoning, reasonable compromises, and acknowledgment of each other's positions."
8,2,6,1,Both parties are consciously and freely participating in the negotiation without evidence of coercion or lack of deliberation.
8,2,7,1,There is no indication that either party is engaging in a simulated or sham transaction; both appear genuinely interested in concluding a real sale.
8,2,8,1,"No evidence of error, deceit, or threat affecting either party's declarations of will; both parties provide factual information and honest positions."
8,3,1,1,"Both parties have clearly expressed their declarations of intent to conclude a contract, with the buyer proposing $17,000 and the seller responding with a counteroffer."
8,3,2,1,"Both parties demonstrate a common intention to be bound by a contract, as evidenced by their continued negotiation and discussion of binding terms."
8,3,3,1,"The essential terms are being agreed upon: the subject matter (2019 Yaris with 65,000 km in excellent condition) and price ($17,000 proposed by buyer, $17,250 by seller) are clearly identified."
8,3,4,,"Compliance with mandatory statutory provisions cannot be determined from this negotiation transcript alone, as it depends on jurisdiction-specific requirements not addressed here."
8,3,5,1,"Both parties are negotiating in good faith with transparent reasoning, fair compromises, and acknowledgment of each other's positions, consistent with principles of fair dealing."
8,3,6,1,Both parties are consciously and freely making counteroffers and adjusting their positions without evidence of coercion or constraint.
8,3,7,1,There is no indication that either party is engaging in a simulated or sham transaction; both appear genuinely interested in concluding a real sale.
8,3,8,1,"Neither party's declarations of will show signs of error, deceit, or threat; both are making informed, deliberate offers based on stated facts about the vehicle."
8,4,1,1,"Both parties have clearly expressed their declarations of intent and will, with the seller accepting the buyer's $17,100 offer and the buyer confirming acceptance."
8,4,2,1,"Both parties demonstrate a common intention to conclude a binding contract and accept its legal effects, as evidenced by explicit agreement statements and willingness to proceed with paperwork."
8,4,3,1,"The essential terms are agreed upon: the subject matter (2019 Yaris with 65,000 km in excellent condition), the price ($17,100), and the parties' identities are clear."
8,4,4,,"Compliance with mandatory statutory provisions cannot be determined from the negotiation transcript alone, as it depends on jurisdiction-specific requirements and formal documentation not yet completed."
8,4,5,1,"The negotiation demonstrates good faith and fair dealing, with both parties making reasonable compromises, acknowledging each other's positions, and reaching a mutually acceptable middle ground."
8,4,6,1,"Both parties have consciously and freely decided to conclude the contract without apparent coercion, with the buyer and seller each making deliberate counteroffers and ultimately agreeing."
8,4,7,1,There is no indication that this is a simulated or sham transaction; both parties appear genuinely interested in completing a legitimate car sale.
8,4,8,1,"No defects affecting either party's declarations of will (error, deceit, or threat) are evident in the negotiation transcript."
9,1,1,1,"Both parties have made clear declarations of intent with specific offer prices ($16,500 and $17,500), demonstrating mutual willingness to negotiate."
9,1,2,1,Both parties explicitly acknowledge they are negotiating a contract for the sale of the vehicle and understand the legal binding nature of such an agreement.
9,1,3,1,"Essential terms are being discussed: the subject matter (2019 Yaris), mileage (65,000 km), condition, and price range ($16,500-$17,500) are all identified."
9,1,4,,"Compliance with mandatory statutory provisions cannot be assessed without knowing the applicable jurisdiction and whether required formalities (documentation, registration transfer, etc.) will be followed."
9,1,5,1,"Both parties are negotiating in good faith with transparent reasoning based on market value, maintenance history, and vehicle condition."
9,1,6,1,Both parties appear to be making conscious and free decisions to negotiate without evidence of coercion or external pressure.
9,1,7,1,"The negotiation appears genuine with substantive discussion of vehicle attributes and market-based pricing, showing no signs of a simulated or sham transaction."
9,1,8,1,"No evidence of error, deceit, or threat affecting either party's declarations of will; both parties provide factual information about the vehicle."
9,2,1,1,Both parties continue to express clear declarations of intent through their respective offers and counteroffers.
9,2,2,1,Both parties demonstrate ongoing intention to conclude a contract through continued negotiation and progressive price adjustments.
9,2,3,1,"Essential terms remain agreed: specific vehicle (2019 Yaris, 65,000 km), condition details, and prices are being negotiated with convergence toward agreement."
9,2,4,,Compliance with mandatory statutory provisions cannot be assessed without knowing the jurisdiction and whether all required documentation procedures are being followed.
9,2,5,1,"Both parties negotiate in good faith with transparent reasoning, reasonable price adjustments, and acknowledgment of each other's positions."
9,2,6,1,Both parties demonstrate conscious and free decision-making through voluntary participation and independent price determinations.
9,2,7,1,No indication of simulation or sham; both parties appear genuinely interested in concluding a real purchase transaction.
9,2,8,1,"No evidence of error, deceit, or threat affecting either party's declarations of will in this round."
9,3,1,1,"Both parties have made clear declarations of intent in round 3, with the buyer offering $16,800 and the seller responding with a counteroffer of $16,950, demonstrating mutual willingness to negotiate."
9,3,2,1,Both parties continue to demonstrate a common intention to conclude a contract and be bound by its terms through their continued negotiation and movement toward agreement.
9,3,3,1,"The essential terms are being progressively agreed upon: the vehicle (2019 Yaris), mileage (65,000 km), condition (excellent with maintenance records), and price is narrowing (from $16,800 to $16,950)."
9,3,4,,"Compliance with mandatory statutory provisions cannot be determined from the negotiation transcript alone, as it depends on jurisdiction-specific requirements not addressed in the dialogue."
9,3,5,1,"Both parties are negotiating in good faith with transparent reasoning, fair compromises, and honest representations about the vehicle's condition and their positions."
9,3,6,1,"Both parties are consciously and freely deciding to negotiate, with the buyer explicitly stating their budget constraints and the seller voluntarily adjusting their position."
9,3,7,1,There is no indication of simulation or sham; both parties are genuinely negotiating the sale of an actual vehicle with sincere intent.
9,3,8,1,"No defects (error, deceit, or threat) are evident in round 3; both parties provide honest information and make voluntary counteroffers without coercion."
9,4,1,1,"Both parties have clearly expressed their declarations of intent and will through explicit offer and counter-offer regarding the vehicle sale at $16,950."
9,4,2,1,"Both parties demonstrate a common intention to conclude a binding contract, as evidenced by their continued negotiation and movement toward agreement on price."
9,4,3,1,"The essential terms are being agreed upon: the subject matter (2019 Yaris), condition (excellent, well-maintained), mileage (65,000 km), and price ($16,950 offered by seller)."
9,4,4,,"Compliance with mandatory statutory provisions cannot be determined from this negotiation transcript alone, as it depends on jurisdiction-specific requirements not addressed here."
9,4,5,1,"Both parties are negotiating in good faith with transparent communication, reasonable compromises, and fair dealing principles evident throughout the exchange."
9,4,6,1,Both parties are consciously and freely deciding to negotiate and determine contract terms without evidence of coercion or constraint.
9,4,7,1,There is no indication that this is a simulated or sham transaction; both parties appear genuinely interested in concluding a legitimate vehicle sale.
9,4,8,1,"No defects such as error, deceit, or threat are evident in either party's declarations; both are providing accurate information about the vehicle and negotiating transparently."
10,1,1,1,"Both parties have made clear declarations of intent with specific offer prices ($16,500 and $17,500), demonstrating mutual willingness to negotiate."
10,1,2,,"While both parties show intent to negotiate, neither has yet accepted the other's terms, so a common intention to be bound cannot be determined at this stage."
10,1,3,,"Essential terms (price, vehicle condition, mileage) have been discussed but not agreed upon, as the parties remain $1,000 apart on the main subject matter."
10,1,4,,Compliance with mandatory statutory provisions cannot be assessed until the parties reach agreement on contract terms.
10,1,5,1,"Both parties are negotiating transparently with factual information about the vehicle's condition and market comparables, consistent with good faith principles."
10,1,6,1,Both parties appear to be making conscious and free decisions to negotiate without evidence of coercion or undue pressure.
10,1,7,1,"The negotiation appears genuine with substantive discussion of vehicle merits and pricing rationale, showing no signs of a sham transaction."
10,1,8,1,"No evidence of error, deceit, or threat affecting either party's declarations of will in this round."
10,2,1,1,"Both parties have made clear declarations of intent with specific price offers ($17,000 from buyer, $17,250 from seller) in this round."
10,2,2,,"While both parties continue negotiating, neither has yet accepted the other's offer, so a common intention to be bound cannot be confirmed at this stage."
10,2,3,1,"The essential terms are being progressively clarified: vehicle identification (2019 Yaris), condition details, mileage (65,000 km), and price range are all established and discussed."
10,2,4,,Compliance with mandatory statutory provisions cannot be evaluated without knowing the jurisdiction and whether all required documentation and procedures are being followed.
10,2,5,1,"Both parties are negotiating in good faith with reasonable arguments based on market conditions and vehicle condition, without apparent bad faith tactics."
10,2,6,1,Both parties are consciously and freely making counteroffers without evidence of coercion or lack of deliberation.
10,2,7,1,"The negotiation appears genuine with substantive discussion of vehicle merits and market comparables, showing no signs of a sham transaction."
10,2,8,1,"No evidence of error, deceit, or threat affecting either party's declarations of will in this round."
10,3,1,1,"Both parties continue to express clear declarations of intent to negotiate and conclude a contract, with the buyer offering $17,000 and the seller responding with a counteroffer."
10,3,2,1,"Both parties demonstrate a common intention to be bound by a contract, as evidenced by their continued negotiation and movement toward agreement on price."
10,3,3,,"Essential terms regarding the vehicle (2019 Yaris, condition, mileage) are established, but agreement on the main subject matter (price) has not yet been reached in this round."
10,3,4,,Compliance with mandatory statutory provisions cannot be assessed at this stage as the contract has not been concluded and no formal documentation has been presented.
10,3,5,1,"Both parties are negotiating in good faith with transparent reasoning, reasonable compromises, and fair dealing principles evident throughout the exchange."
10,3,6,1,"Both parties appear to be making conscious and free decisions to negotiate, with the buyer explicitly stating budget constraints and the seller providing justifications for their position."
10,3,7,1,There is no indication that either party is engaging in a simulated or sham transaction; both are genuinely negotiating the sale of a vehicle.
10,3,8,1,"No evidence of error, deceit, or threat affecting either party's declarations of will; both parties are providing factual information and making voluntary offers."
10,4,1,1,"Both parties have clearly expressed their declarations of intent and will, with the buyer accepting the seller's offer of $17,200 and the seller confirming agreement."
10,4,2,1,Both parties demonstrate a common intention to conclude a binding contract and accept its legal effects through explicit acceptance and confirmation.
10,4,3,1,"The essential terms are agreed upon: the vehicle (2019 Toyota Yaris), the price ($17,200), and the condition (well-maintained, accident-free, low mileage)."
10,4,4,,"Compliance with mandatory statutory provisions cannot be determined from this transcript alone, as it depends on jurisdiction-specific requirements not addressed in the negotiation."
10,4,5,1,"The negotiation demonstrates good faith and fair dealing, with both parties making reasonable compromises and transparent statements about the vehicle's condition and market value."
10,4,6,1,Both parties have consciously and freely decided to conclude the contract without evidence of coercion or undue pressure.
10,4,7,1,There is no indication that this is a simulated or sham transaction; both parties appear to genuinely intend to complete the sale.
10,4,8,1,"Neither party's declarations of will show signs of error, deceit, or threat; the negotiation is transparent and straightforward."
11,1,1,1,Both parties have made clear declarations of intent regarding the subject matter (a 2019 Yaris) and have engaged in mutual communication about price.
11,1,2,,"It cannot yet be determined whether both parties intend to be legally bound, as they are still in the exploratory negotiation phase with no definitive acceptance."
11,1,3,,"While the vehicle and initial price point ($16,500) have been identified, essential terms such as payment method, delivery, warranties, and final price remain unresolved."
11,1,4,,Compliance with mandatory statutory provisions cannot be assessed until the parties reach a definitive agreement on all material terms.
11,1,5,1,"Both parties are negotiating in good faith with transparent reasoning about market value and vehicle condition, consistent with fair dealing principles."
11,1,6,1,Both parties appear to be consciously and freely participating in the negotiation without evidence of coercion or constraint.
11,1,7,1,There is no indication that either party is engaging in a simulated or sham transaction; both appear genuinely interested in negotiating a real sale.
11,1,8,1,"No evidence of error, deceit, or threat affecting either party's declarations of will in this round."
11,2,1,1,"Both parties continue to express clear declarations of intent through their counteroffers ($15,800 from buyer, $16,150 from seller)."
11,2,2,1,Both parties demonstrate ongoing intention to conclude a contract and be bound by its terms through continued negotiation and reasoned counteroffers.
11,2,3,1,"Essential terms are being progressively agreed upon: the vehicle (2019 Yaris), mileage (65,000 km), condition (excellent), and price is narrowing ($350 difference between offers)."
11,2,4,,Compliance with mandatory statutory provisions cannot be assessed without knowing the jurisdiction and specific legal requirements applicable to this vehicle sale.
11,2,5,1,Both parties negotiate in good faith with transparent market research references and reasonable justifications for their positions.
11,2,6,1,"Both parties demonstrate conscious and free decision-making, with the buyer citing budget constraints and the seller acknowledging market comparables."
11,2,7,1,No indication of simulation or sham; both parties appear genuinely engaged in a legitimate vehicle purchase negotiation.
11,2,8,1,"No evidence of error, deceit, or threat affecting either party's declarations of will in this round."
11,3,1,1,Both parties clearly express their declarations of intent through explicit offer and counter-offer with specific price proposals.
11,3,2,1,"Both parties demonstrate intention to be bound by discussing market comparables, negotiating terms, and moving toward agreement on a binding contract."
11,3,3,1,"Essential terms are being agreed upon: the vehicle (2019 Yaris), mileage (65,000 km), condition, and price ($15,800 proposed) are clearly identified."
11,3,4,,Compliance with mandatory statutory provisions cannot be determined from the negotiation transcript alone without knowing the applicable jurisdiction's requirements.
11,3,5,1,"Both parties negotiate in good faith, acknowledge each other's positions, provide market research justification, and demonstrate fair dealing principles."
11,3,6,1,"Both parties appear to be making conscious and free decisions, with the buyer explicitly stating readiness to move forward and the seller showing flexibility in negotiation."
11,3,7,1,There is no indication that either party is engaging in a simulated or sham transaction; both demonstrate genuine interest in concluding a real sale.
11,3,8,1,"No evidence of error, deceit, or threat affecting either party's declarations of will; both parties provide factual information and negotiate transparently."
11,4,1,1,"Both parties have clearly expressed their declarations of intent and will, with the seller making a counter-offer of $16,150 and the buyer responding with a conditional counter-offer of $16,050."
11,4,2,1,"Both parties demonstrate a common intention to conclude a binding contract, as evidenced by their serious negotiation and the buyer's statement about being 'ready to move forward today.'"
11,4,3,1,"The essential terms are agreed upon: the vehicle (2019 Yaris with 65,000 km), the price ($16,050), and the condition of sale (with service records provided)."
11,4,4,,"Compliance with mandatory statutory provisions cannot be determined from this negotiation transcript alone, as it depends on jurisdiction-specific requirements for vehicle sales contracts."
11,4,5,1,"Both parties are negotiating in good faith, with transparent market research, reasonable offers, and the seller providing requested documentation to support the agreement."
11,4,6,1,"Both parties have consciously and freely decided to conclude the contract, with the buyer explicitly stating readiness to proceed and the seller voluntarily accepting the final offer."
11,4,7,1,There is no indication that this is a simulated or sham transaction; both parties appear to be genuinely negotiating a real vehicle sale.
11,4,8,1,"Neither party's declarations of will show signs of error, deceit, or threat; the buyer conducts due diligence and the seller provides honest information about maintenance history."
12,1,1,1,"Both parties have made clear declarations of intent with specific price offers ($16,500 and $17,000), demonstrating mutual willingness to negotiate."
12,1,2,,"While both parties are negotiating, neither has yet accepted the other's offer, so a common intention to be bound cannot be definitively established at this stage."
12,1,3,,"The parties have not yet agreed on the essential term (price), though other terms regarding the vehicle's condition and specifications are implicitly acknowledged."
12,1,4,,Compliance with statutory provisions cannot be assessed until the parties reach agreement on material terms and formalize the contract.
12,1,5,1,"Both parties are negotiating in good faith with transparent reasoning about market value and vehicle condition, consistent with fair dealing principles."
12,1,6,1,Both parties appear to be making conscious and free decisions to participate in negotiation without apparent coercion or constraint.
12,1,7,1,There is no indication that either party is engaging in a simulated or sham transaction; both appear genuinely interested in negotiating a real sale.
12,1,8,1,"Neither party's declarations show signs of error, deceit, or threat; both are providing factual information about the vehicle and making reasoned offers."
12,2,1,1,"Both parties continue to express clear declarations of intent through their counteroffers, demonstrating mutual willingness to negotiate toward a contract."
12,2,2,,"While both parties show intent to negotiate, neither has yet accepted the other's offer, so a common intention to be bound by specific legal effects cannot be confirmed."
12,2,3,1,"The essential terms are becoming increasingly aligned: the vehicle (2019 Yaris, 65,000 km, excellent condition) and price range ($16,800-$16,900) are clearly defined and nearly agreed."
12,2,4,,Compliance with mandatory statutory provisions cannot be assessed until a final agreement is reached and documented.
12,2,5,1,"Both parties are negotiating in good faith with reasonable justifications for their positions and willingness to compromise, consistent with fair dealing principles."
12,2,6,1,"Both parties demonstrate conscious and free decision-making, with the buyer acknowledging budget constraints and the seller explaining their valuation rationale."
12,2,7,1,There are no indications of simulation or sham; both parties appear genuinely engaged in a legitimate price negotiation.
12,2,8,1,"No evidence of error, deceit, or threat appears in either party's declarations; both provide transparent reasoning for their positions."
12,3,1,1,"Both parties have clearly expressed their declarations of intent and will, with the buyer accepting the seller's $16,900 offer and the seller confirming agreement."
12,3,2,1,"Both parties explicitly demonstrate a common intention to conclude the contract and be bound by it, as evidenced by their affirmative statements and agreement to move forward."
12,3,3,1,"The essential terms are agreed upon: the vehicle (2019 Yaris, 65,000 km, well-maintained), the price ($16,900), and the parties' intentions to proceed with the sale."
12,3,4,,"Compliance with mandatory statutory provisions cannot be determined from this negotiation transcript alone, as it depends on jurisdiction-specific requirements not addressed here."
12,3,5,1,"The negotiation demonstrates good faith and fair dealing, with both parties making reasonable compromises and acknowledging each other's positions respectfully."
12,3,6,1,Both parties have consciously and freely decided to conclude the contract without evidence of coercion or undue pressure.
12,3,7,1,There is no indication that this is a simulated or sham transaction; both parties appear to genuinely intend to complete the car sale.
12,3,8,1,"Neither party's declarations of will show signs of error, deceit, or threat; the negotiation is transparent and straightforward."
13,1,1,1,"Both parties have made clear declarations of intent with specific price offers ($16,500 and $17,500), demonstrating mutual willingness to negotiate."
13,1,2,1,Both parties explicitly express intent to conclude a contract and acknowledge the negotiation process with willingness to work toward agreement.
13,1,3,1,"Essential terms are being addressed: the vehicle (2019 Yaris), mileage (65,000 km), condition (excellent), and price range ($16,500-$17,500) are clearly identified."
13,1,4,,Compliance with mandatory statutory provisions cannot be assessed at this preliminary negotiation stage without knowing the jurisdiction and full contract details.
13,1,5,1,"Both parties conduct the negotiation in good faith, with transparent reasoning about pricing and acknowledgment of the vehicle's value."
13,1,6,1,"Both parties demonstrate conscious and free decision-making, with the buyer initiating an opening offer and the seller responding with reasoned counterarguments."
13,1,7,1,No indication of simulation or sham; both parties appear genuinely interested in negotiating a real purchase transaction.
13,1,8,1,"No evidence of error, deceit, or threat; both parties provide factual information about the vehicle and make honest price proposals."
13,2,1,1,"Both parties have clearly expressed their declarations of intent in this round, with the seller accepting the buyer's offer of $17,000."
13,2,2,1,"Both parties demonstrate a common intention to conclude a binding contract, as evidenced by the seller's explicit agreement statement 'we have a deal.'"
13,2,3,1,"The essential terms are agreed upon: vehicle (2019 Yaris), condition (excellent with full service history), mileage (65,000 km), and price ($17,000)."
13,2,4,,"Compliance with mandatory statutory provisions cannot be determined from the negotiation transcript alone, as it depends on jurisdiction-specific requirements not addressed in the dialogue."
13,2,5,1,"The negotiation demonstrates good faith and fair dealing, with both parties making reasonable counteroffers based on market research and acknowledging each other's positions."
13,2,6,1,Both parties appear to have consciously and freely decided to conclude the contract without evidence of coercion or undue pressure.
13,2,7,1,There is no indication that this is a simulated or sham transaction; both parties appear genuinely interested in completing a legitimate car sale.
13,2,8,1,"No defects such as error, deceit, or threat are evident in either party's declarations during this round."
13,3,1,1,"Both parties have clearly expressed their declarations of intent and will, with the buyer proposing $17,000 and the seller accepting this offer in the subsequent round."
13,3,2,1,"Both parties demonstrate a common intention to conclude a binding contract, as evidenced by their acceptance of the $17,000 price and commitment to proceed with paperwork."
13,3,3,1,"The essential terms are agreed upon: the vehicle (2019 Yaris with 65,000 km in excellent condition), the price ($17,000), and the subject matter of the sale are clearly defined."
13,3,4,,"Compliance with mandatory statutory provisions cannot be determined from this negotiation transcript alone, as it depends on jurisdiction-specific requirements not addressed in the dialogue."
13,3,5,1,"The negotiation demonstrates good faith and fair dealing, with both parties making reasonable counteroffers, acknowledging each other's positions, and reaching a mutually acceptable compromise."
13,3,6,1,"Both parties have consciously and freely decided to conclude the contract without evidence of coercion, duress, or undue pressure in their communications."
13,3,7,1,There is no indication that this is a simulated or sham transaction; both parties appear genuinely interested in completing a legitimate vehicle sale.
13,3,8,1,"Neither party's declarations of will show signs of error, deceit, or threat; the buyer conducted market research and both parties negotiated transparently."
14,1,1,1,"Both parties have made clear declarations of intent to negotiate, with the buyer proposing $16,500 and the seller acknowledging this as a fair opening position."
14,1,2,1,"Both parties explicitly express willingness to negotiate and be bound by eventual agreement, demonstrating common intention to conclude a contract."
14,1,3,1,"Essential terms are being addressed: the subject matter (2019 Yaris with 65,000 km) and price ($16,500 as opening offer) are clearly identified."
14,1,4,,Compliance with mandatory statutory provisions cannot be assessed at this preliminary negotiation stage without knowing the jurisdiction and specific legal requirements.
14,1,5,1,"Both parties conduct themselves in good faith, with transparent discussion of vehicle condition, maintenance history, and market-based pricing rationale."
14,1,6,1,"Both parties demonstrate conscious and free decision-making, with the buyer initiating a reasoned offer and the seller responding openly to negotiate."
14,1,7,1,No indication of simulation or sham; both parties appear genuinely engaged in authentic price negotiation for an actual vehicle sale.
14,1,8,1,"No evidence of error, deceit, or threat affecting either party's declarations of will in this round."
14,2,1,1,Both parties continue to express their declarations of intent to negotiate and reach an agreement on the car sale.
14,2,2,1,"Both parties demonstrate a common intention to conclude a contract, as evidenced by their ongoing negotiation and willingness to discuss terms."
14,2,3,,"Agreement on essential terms (price, vehicle specifications) has not yet been reached; parties remain in active negotiation with differing positions."
14,2,4,,Compliance with mandatory statutory provisions cannot be assessed until the parties reach agreement on contract terms.
14,2,5,1,"Both parties are negotiating in good faith, with the seller clarifying confusion and offering a transparent floor price of $15,000."
14,2,6,1,Both parties appear to be consciously and freely deciding to participate in the negotiation without apparent coercion or constraint.
14,2,7,1,There is no indication that either party is engaging in a simulated or sham transaction; both appear genuinely interested in concluding a sale.
14,2,8,,"No defects (error, deceit, or threat) are apparent in this round, though the buyer's confusion about pricing direction may warrant clarification."
14,3,1,1,"Both parties continue to express clear declarations of intent to negotiate and conclude a contract, with the seller making a specific counteroffer at $16,250."
14,3,2,1,"Both parties demonstrate a common intention to be bound by a contract, as evidenced by their continued negotiation and movement toward agreement on price."
14,3,3,,"While price is being negotiated, agreement on all essential terms (vehicle condition, mileage, maintenance history, payment terms, delivery, warranties) cannot yet be determined from this round alone."
14,3,4,,"Compliance with mandatory statutory provisions cannot be assessed without knowing the jurisdiction and whether required documentation, inspections, or registration procedures are being followed."
14,3,5,1,"Both parties are negotiating in good faith with transparent communication, reasonable offers, and acknowledgment of each other's positions."
14,3,6,1,"Both parties appear to be consciously and freely deciding to negotiate, with no evidence of coercion or external pressure affecting their decisions."
14,3,7,1,There is no indication that either party is engaging in a simulated or sham transaction; both appear genuinely interested in concluding a real sale.
14,3,8,1,"No defects such as error, deceit, or threat are evident in this round; the buyer even corrected their own confusion about pricing."
14,4,1,1,"Both parties have clearly expressed their declarations of intent and will to conclude a contract at the negotiated price of $16,250."
14,4,2,1,"Both parties explicitly demonstrate a common intention to be bound by the contract, with the seller asking about transaction timing and the buyer confirming readiness to proceed."
14,4,3,1,"The essential terms are agreed upon: the vehicle (2019 Yaris with 65,000 km), the price ($16,250), and the parties' identities are established."
14,4,4,,"Compliance with mandatory statutory provisions cannot be determined from the negotiation transcript alone, as it depends on jurisdiction-specific requirements not addressed in the dialogue."
14,4,5,1,"The negotiation demonstrates good faith and fair dealing, with both parties making reasonable compromises and acknowledging each other's positions transparently."
14,4,6,1,Both parties have consciously and freely decided to conclude the contract without evidence of coercion or undue pressure.
14,4,7,1,There is no indication that this is a simulated or sham transaction; both parties appear genuinely committed to completing the sale.
14,4,8,1,"Neither party's declarations of will show signs of error, deceit, or threat; the buyer even acknowledged and corrected their own confusion about pricing."
15,1,1,1,"Both parties have made clear declarations of intent regarding the price ($16,500), with the seller explicitly accepting this as a reasonable figure."
15,1,2,,"While both parties discuss the price, it remains unclear whether they intend to be legally bound or are still in preliminary negotiations."
15,1,3,,"The price has been agreed upon, but other essential terms such as payment method, delivery, condition warranties, and transfer of ownership have not been discussed."
15,1,4,,No information is available regarding compliance with mandatory statutory provisions for vehicle sales in the relevant jurisdiction.
15,1,5,1,"Both parties are negotiating transparently and in good faith, with the seller acknowledging the buyer's offer and inviting further discussion."
15,1,6,1,Both parties appear to be consciously and freely participating in the negotiation without evidence of coercion or undue pressure.
15,1,7,1,There is no indication that either party is engaging in a simulated or sham transaction; the negotiation appears genuine.
15,1,8,1,"No evidence of error, deceit, or threat affecting either party's declarations of will in this round."
15,2,1,1,"Both parties continue to express clear declarations of intent to negotiate and potentially conclude a contract, with the seller making a specific counteroffer of $16,350."
15,2,2,1,Both parties demonstrate a common intention to conclude a contract by engaging in good-faith price negotiation and discussing terms related to the vehicle's condition and value.
15,2,3,,"Essential terms regarding price are being negotiated but not yet agreed upon; other essential terms (vehicle identification, delivery, payment method) have not been discussed."
15,2,4,,Compliance with mandatory statutory provisions cannot be assessed until the parties reach agreement on essential terms and the contract is formally concluded.
15,2,5,1,"Both parties are negotiating in good faith, acknowledging each other's positions, providing market-based justifications, and seeking a mutually acceptable compromise."
15,2,6,1,Both parties are consciously and freely engaging in the negotiation process without evidence of coercion or constraint on their decision-making.
15,2,7,1,"The negotiation appears genuine with substantive discussion of the vehicle's condition, maintenance history, and market comparables, showing no signs of a sham transaction."
15,2,8,1,"No evidence of error, deceit, or threat affecting either party's declarations of will; both parties are providing factual information and reasoning transparently."
15,3,1,1,"Both parties have made clear declarations of intent in this round, with the buyer proposing $16,200 and the seller responding with a counter-offer of $16,350."
15,3,2,,"While both parties are negotiating in good faith, it cannot yet be determined if they share a common intention to be legally bound, as no final agreement has been reached in this round."
15,3,3,,"The essential terms (price, vehicle condition, mileage) are being discussed but not yet agreed upon in this round, as the buyer proposes $16,200 while the seller counters at $16,350."
15,3,4,,Compliance with mandatory statutory provisions cannot be assessed at this negotiation stage without knowledge of applicable contract law requirements.
15,3,5,1,"Both parties are negotiating transparently with market research and fair reasoning, demonstrating good faith and fair dealing principles."
15,3,6,1,Both parties are consciously and freely making offers and counter-offers without apparent coercion or constraint.
15,3,7,1,There is no indication that either party is engaging in a simulated or sham transaction; the negotiation appears genuine.
15,3,8,1,"Neither party's declarations of will show signs of error, deceit, or threat in this round of negotiation."
16,1,1,1,"Both parties have made clear declarations of intent with specific offer prices ($16,500 and $17,200), demonstrating mutual willingness to negotiate."
16,1,2,1,Both parties explicitly express interest in concluding a contract and acknowledge the binding nature of price negotiations.
16,1,3,1,"Essential terms are being addressed: the vehicle (2019 Yaris), condition, mileage, maintenance history, and price range ($16,500-$17,200) are all discussed."
16,1,4,,Compliance with mandatory statutory provisions cannot be assessed at this negotiation stage without knowing the jurisdiction's specific requirements.
16,1,5,1,"Both parties conduct themselves in good faith, with the seller providing transparent maintenance documentation and both parties engaging in fair, reasonable negotiation."
16,1,6,1,"Both parties demonstrate conscious and free decision-making, with the buyer initiating interest and the seller responding with reasoned counterarguments."
16,1,7,1,There is no indication of simulation or sham; both parties appear genuinely engaged in a legitimate vehicle purchase negotiation.
16,1,8,1,"No evidence of error, deceit, or threat; the seller provides verifiable maintenance records and both parties communicate transparently."
16,2,1,1,"Both parties continue to express clear declarations of intent to negotiate and potentially conclude a contract, with the seller making a specific counteroffer at $16,950."
16,2,2,1,"Both parties demonstrate a common intention to conclude a contract, as evidenced by their continued negotiation and willingness to compromise on price."
16,2,3,1,"Essential terms are being progressively agreed upon: the vehicle (2019 Yaris, 65,000 km, no accidents), condition (excellent with full maintenance records), and price is narrowing ($16,950 proposed)."
16,2,4,,"Compliance with mandatory statutory provisions cannot be determined from this negotiation transcript alone, as it depends on jurisdiction-specific requirements not addressed here."
16,2,5,1,"Both parties are negotiating in good faith with transparent communication about budget constraints, vehicle condition, and maintenance history, consistent with fair dealing principles."
16,2,6,1,"Both parties appear to be consciously and freely deciding to negotiate, with the buyer explicitly stating budget parameters and the seller voluntarily adjusting their offer."
16,2,7,1,There is no indication that either party is engaging in a simulated or sham transaction; both appear genuinely interested in concluding a legitimate car sale.
16,2,8,1,"No evidence of error, deceit, or threat affecting either party's declarations of will; both parties provide honest information about the vehicle and their financial constraints."
16,3,1,1,"Both parties have clearly expressed their declarations of intent to conclude a contract at $16,900, with the seller explicitly agreeing to this price."
16,3,2,1,"Both parties demonstrate a common intention to be bound by the contract, as evidenced by the seller's statement 'I'm satisfied with that. Let's move forward at $16,900.'"
16,3,3,1,"The essential terms are agreed upon: vehicle (2019 Yaris with 65,000 km, zero accidents), price ($16,900), and condition (excellent with full service records)."
16,3,4,,"Compliance with mandatory statutory provisions cannot be determined from this negotiation transcript alone, as it depends on jurisdiction-specific requirements not addressed here."
16,3,5,1,"The negotiation demonstrates good faith and fair dealing, with both parties making reasonable compromises and transparently discussing the vehicle's condition and maintenance history."
16,3,6,1,Both parties have consciously and freely decided to conclude the contract through a series of voluntary counteroffers without any indication of coercion or constraint.
16,3,7,1,There is no evidence suggesting this is a simulated or sham transaction; both parties appear genuinely engaged in a legitimate car sale negotiation.
16,3,8,1,"Neither party's declarations of will show signs of error, deceit, or threat; the negotiation is transparent with documented maintenance records and honest budget discussions."
16,4,1,1,"Both parties have clearly declared their mutual intent to conclude the contract at $16,900, with both explicitly agreeing to this price."
16,4,2,1,"Both parties demonstrate a common intention to be bound by the contract, as evidenced by their explicit agreement and commitment to proceed with paperwork and ownership transfer."
16,4,3,1,"The essential terms are agreed upon: vehicle (2019 Yaris, 65,000 km, zero accidents), price ($16,900), and condition (excellent with full service records)."
16,4,4,,"Compliance with mandatory statutory provisions cannot be determined from this negotiation transcript alone, as it depends on jurisdiction-specific requirements not addressed here."
16,4,5,1,"The negotiation demonstrates good faith and fair dealing, with both parties making reasonable compromises and transparent disclosures about the vehicle's condition and maintenance history."
16,4,6,1,"Both parties have consciously and freely decided to conclude the contract without evidence of coercion, duress, or undue pressure."
16,4,7,1,There is no indication that this is a simulated or sham transaction; both parties appear genuinely committed to completing the sale.
16,4,8,1,"No defects (error, deceit, or threat) are evident in either party's declarations of will during this round."
17,1,1,1,"Both parties have made clear declarations of intent with specific price offers ($16,500 from buyer, $16,750 from seller)."
17,1,2,,"While both parties express interest in proceeding, neither has yet accepted the other's offer, so binding intent cannot be confirmed at this stage."
17,1,3,,"The vehicle (2019 Yaris) and price range are identified, but no agreement on final price has been reached, so essential terms remain unresolved."
17,1,4,,Compliance with statutory requirements cannot be assessed until a complete agreement is reached.
17,1,5,1,Both parties are negotiating in good faith with reasonable justifications for their positions and willingness to compromise.
17,1,6,1,Both parties appear to be making conscious and free decisions without evidence of coercion or undue pressure.
17,1,7,1,There is no indication that either party is engaging in a simulated or sham transaction; both appear genuinely interested in the sale.
17,1,8,1,"No evidence of error, deceit, or threat affecting either party's declarations of will in this round."
17,2,1,1,"Both parties have clearly expressed their declarations of intent and will regarding the price of $16,900 in this round."
17,2,2,1,"Both parties demonstrate a common intention to conclude the contract and be bound by its legal effects, with the seller explicitly stating 'I'm comfortable accepting $16,900. Let's move forward with the sale.'"
17,2,3,1,"The essential terms are agreed upon: the vehicle (2019 Yaris), the price ($16,900), and the parties have acknowledged the condition and maintenance history."
17,2,4,,"Compliance with mandatory statutory provisions cannot be determined from this negotiation transcript alone, as it depends on jurisdiction-specific requirements not addressed here."
17,2,5,1,"The negotiation demonstrates good faith and fair dealing, with both parties making reasonable compromises and acknowledging each other's positions."
17,2,6,1,Both parties appear to have consciously and freely decided to conclude the contract without evidence of coercion or undue pressure.
17,2,7,1,There is no indication that this is a simulated or sham transaction; both parties appear to genuinely intend to complete the car sale.
17,2,8,1,"Neither party's declarations of will show signs of error, deceit, or threat in this round."
17,3,1,1,"Both parties have clearly expressed their declarations of intent to conclude a contract at the price of $16,900."
17,3,2,1,Both parties explicitly demonstrate a common intention to be bound by the agreement and to proceed with the sale.
17,3,3,1,"The essential terms are agreed upon: the vehicle (2019 Yaris), the price ($16,900), and the parties' identities are established."
17,3,4,,"Compliance with mandatory statutory provisions cannot be determined from the negotiation transcript alone, as it depends on jurisdiction-specific requirements."
17,3,5,1,"The negotiation demonstrates good faith and fair dealing, with both parties making reasonable compromises and acknowledging each other's positions."
17,3,6,1,Both parties have consciously and freely decided to conclude the contract without any indication of coercion or lack of autonomy.
17,3,7,1,There is no evidence suggesting this is a simulated or sham transaction; both parties appear genuinely committed to completing the sale.
17,3,8,1,"No defects such as error, deceit, or threat are apparent in either party's declarations of will during this round."
18,1,1,,"Both parties have expressed declarations of intent, but neither has yet accepted the other's offer, so mutual consent is not yet established."
18,1,2,,"While both parties appear willing to negotiate, there is no clear common intention to be bound at this stage, as offers remain unaccepted."
18,1,3,,"Essential terms such as price remain in dispute ($16,500 vs $18,500), preventing agreement on the main subject matter."
18,1,4,,Compliance with statutory provisions cannot be assessed until a binding agreement is reached.
18,1,5,1,Both parties are negotiating transparently with disclosure of maintenance history and reasonable price positions consistent with good faith.
18,1,6,1,Both parties appear to be consciously and freely participating in the negotiation without apparent coercion or constraint.
18,1,7,1,There is no indication that either party is engaging in a simulated or sham transaction; both appear genuinely interested in a real sale.
18,1,8,1,"No evidence of error, deceit, or threat affecting either party's declarations of will in this round."
18,2,1,1,"Both parties continue to express clear declarations of intent to negotiate and potentially conclude a contract, with specific counteroffers demonstrating mutual willingness to engage."
18,2,2,1,"Both parties demonstrate a common intention to conclude a binding contract, as evidenced by their willingness to negotiate price and discuss terms seriously."
18,2,3,1,"The essential terms are being progressively agreed upon: the vehicle (2019 Toyota Yaris, 65,000 km), its condition, maintenance history, and price is narrowing (from $16,500 to $17,750 range)."
18,2,4,,Compliance with mandatory statutory provisions cannot be assessed without knowing the jurisdiction and whether all required documentation and legal procedures are being followed.
18,2,5,1,"Both parties are negotiating in good faith with transparent reasoning, fair market comparisons, and acknowledgment of each other's valid points."
18,2,6,1,"Both parties appear to be making conscious and free decisions without evidence of coercion, duress, or undue pressure in their negotiations."
18,2,7,1,There is no indication that either party is engaging in a simulated or sham transaction; both are genuinely negotiating a real car sale.
18,2,8,1,"No defects such as error, deceit, or threat are evident in either party's declarations; both provide honest information and reasonable justifications for their positions."
18,3,1,1,"Both parties have made clear declarations of intent in this round, with the buyer proposing $17,500 and the seller accepting it."
18,3,2,1,"Both parties demonstrate a common intention to conclude a binding contract, with the seller explicitly stating 'We have a deal' and marking agreed as true."
18,3,3,1,"The essential terms are agreed upon: the vehicle (2019 Toyota Yaris with 65,000 km), the price ($17,500), and the condition/maintenance history have been discussed and accepted."
18,3,4,,"Compliance with mandatory statutory provisions cannot be determined from this transcript alone, as it depends on jurisdiction-specific requirements not addressed in the negotiation."
18,3,5,1,"The negotiation demonstrates good faith and fair dealing, with both parties providing honest information, acknowledging each other's positions, and reaching a mutually acceptable compromise."
18,3,6,1,"Both parties have consciously and freely decided to conclude the contract without apparent coercion or undue pressure, with the buyer explicitly stating their budget constraints and the seller voluntarily accepting the offer."
18,3,7,1,There is no indication that this is a simulated or sham transaction; both parties appear to genuinely intend to buy and sell the vehicle.
18,3,8,1,"No defects affecting either party's declarations of will (error, deceit, or threat) are evident in this round of negotiation."
18,4,1,1,"Both parties have clearly expressed mutual consent to the contract terms with explicit agreement on price ($17,500) and willingness to proceed."
18,4,2,1,"Both parties demonstrate a common intention to conclude a binding contract and accept its legal effects, as evidenced by their explicit agreement and commitment to move forward with paperwork."
18,4,3,1,"The essential terms are agreed upon: the vehicle (2019 Toyota Yaris with 65,000 km), the price ($17,500), and the condition/maintenance history are all clearly established."
18,4,4,,"Compliance with mandatory statutory provisions cannot be determined from this negotiation transcript alone, as it depends on jurisdiction-specific requirements and formal documentation not yet completed."
18,4,5,1,"The negotiation demonstrates good faith and fair dealing, with both parties providing transparent information, respecting each other's constraints, and reaching a mutually acceptable compromise."
18,4,6,1,"Both parties have consciously and freely decided to conclude the contract without apparent coercion, with the buyer explicitly stating budget constraints and the seller voluntarily accepting the final offer."
18,4,7,1,There is no indication of a simulated or sham transaction; both parties appear genuinely committed to completing the purchase and sale of the vehicle.
18,4,8,1,"No defects (error, deceit, or threat) are evident in either party's declarations; both have provided honest information and negotiated transparently."
19,1,1,1,"Both parties have made clear declarations of intent with specific offer prices ($16,500 from buyer, $16,800 from seller), demonstrating mutual willingness to negotiate."
19,1,2,,"While both parties show intent to negotiate, neither has yet accepted the other's offer, so a common intention to be bound by final legal effects cannot be determined at this stage."
19,1,3,,"The parties have not yet agreed on the essential term (price), as the buyer's offer of $16,500 differs from the seller's counter-offer of $16,800."
19,1,4,,Compliance with mandatory statutory provisions cannot be assessed until the parties reach agreement on all essential terms.
19,1,5,1,"Both parties are negotiating in good faith with reasonable, market-based positions and transparent justifications for their offers."
19,1,6,1,Both parties appear to be consciously and freely deciding to participate in the negotiation without evidence of coercion or constraint.
19,1,7,1,There is no indication that either party's declarations are simulated or sham; both appear genuine in their negotiation positions.
19,1,8,1,"No evidence of error, deceit, or threat affecting either party's declarations of will in this round."
19,2,1,1,Both parties have clearly expressed their declarations of intent and will through explicit offer and counter-offer statements.
19,2,2,1,"Both parties demonstrate a common intention to conclude a binding contract, with the seller explicitly stating 'Let's move forward with that price' and agreeing to be bound."
19,2,3,1,"The essential terms are agreed upon: the vehicle (2019 Yaris), the price ($16,900), and the parties' identities are clear from context."
19,2,4,,"Compliance with mandatory statutory provisions cannot be determined from this transcript alone, as it depends on jurisdiction-specific requirements not addressed in the negotiation."
19,2,5,1,"The negotiation demonstrates good faith and fair dealing, with both parties making reasonable compromises and transparent statements about the vehicle's condition and market value."
19,2,6,1,Both parties appear to have consciously and freely decided to conclude the contract without evidence of coercion or undue pressure.
19,2,7,1,There is no indication that this is a simulated or sham transaction; both parties appear to be genuinely negotiating a real car sale.
19,2,8,1,"No defects such as error, deceit, or threat are evident in either party's declarations during this round."
19,3,1,1,"Both parties have clearly expressed their declarations of intent through explicit offer and counter-offer regarding the purchase price of $16,900."
19,3,2,1,"Both parties demonstrate a common intention to conclude a binding contract, as evidenced by their explicit agreement to proceed with the sale at the negotiated price."
19,3,3,,"While the price is agreed upon, other essential terms such as payment method, delivery conditions, warranty provisions, and inspection procedures remain unspecified and cannot be fully determined at this stage."
19,3,4,,Compliance with mandatory statutory provisions cannot be assessed without knowledge of the applicable jurisdiction's requirements for vehicle sales contracts.
19,3,5,1,"The negotiation demonstrates good faith and fair dealing, with both parties making reasonable concessions and reaching a mutually acceptable middle-ground price."
19,3,6,1,Both parties have consciously and freely decided to conclude the contract without any indication of coercion or external pressure affecting their decisions.
19,3,7,1,There is no evidence suggesting this is a simulated or sham transaction; both parties appear to be genuinely engaged in a legitimate vehicle purchase negotiation.
19,3,8,1,"Neither party's declarations of will show signs of error, deceit, or threat; the negotiation proceeds transparently with clear communication."
20,1,1,1,"Both parties have made clear declarations of intent with specific price offers ($16,500 from buyer, $17,000 counter-offer from seller)."
20,1,2,1,"Both parties demonstrate intention to conclude a binding contract, as evidenced by their engagement in serious price negotiation with reasoned justifications."
20,1,3,,"Agreement on the essential term (price) has not yet been reached; only the vehicle subject matter is implicitly agreed upon, but the main consideration remains disputed."
20,1,4,,Compliance with mandatory statutory provisions cannot be assessed at this preliminary negotiation stage without knowledge of jurisdiction-specific requirements.
20,1,5,1,"Both parties conduct the negotiation in good faith with transparent reasoning, market-based justifications, and reasonable compromise proposals."
20,1,6,1,"Both parties appear to be negotiating consciously and freely, making independent decisions about their positions without apparent coercion or constraint."
20,1,7,1,There is no indication that either party is engaging in a simulated or sham transaction; both appear genuinely interested in concluding a real sale.
20,1,8,1,"No evidence of error, deceit, or threat affecting either party's declarations of will; the seller provides factual information about the vehicle's condition and market comparables."
20,2,1,1,"Both parties continue to express clear declarations of intent to negotiate and potentially conclude a contract, with specific counteroffers demonstrating mutual engagement."
20,2,2,1,"Both parties demonstrate a common intention to conclude a binding contract, as evidenced by their willingness to negotiate terms and move toward agreement."
20,2,3,1,"The essential terms are substantially agreed: the subject matter (2019 Toyota Yaris with 65,000 km), condition, and service history are established; only the price remains under negotiation within a narrow range ($16,800 vs $16,950)."
20,2,4,,"Compliance with mandatory statutory provisions cannot be determined without knowing the applicable jurisdiction and whether all required formalities (documentation, registration, etc.) will be followed."
20,2,5,1,"Both parties conduct the negotiation in good faith with transparent reasoning, market-based justifications, and reasonable compromise positions consistent with fair dealing principles."
20,2,6,1,"Both parties appear to be consciously and freely deciding to negotiate, with no evidence of coercion, duress, or lack of voluntary participation in determining contract terms."
20,2,7,1,There is no indication that either party is engaging in a simulated or sham transaction; both demonstrate genuine intent to buy and sell the vehicle.
20,2,8,1,"No defects affecting the parties' declarations of will (error, deceit, or threat) are evident in this round of negotiation."
20,3,1,1,"Both parties have made clear declarations of intent in this round, with the buyer proposing $16,800 and the seller responding with a counteroffer of $16,950."
20,3,2,,"While both parties continue negotiating, neither has yet accepted the other's final terms, so common intention to be bound cannot be definitively determined at this stage."
20,3,3,1,"The essential terms are being progressively clarified: the vehicle (2019 Yaris, 65,000 km, documented service history) and price range ($16,800-$16,950) are substantially agreed upon."
20,3,4,,Compliance with mandatory statutory provisions cannot be assessed without knowing the jurisdiction and specific legal requirements for vehicle sales contracts.
20,3,5,1,"Both parties are negotiating in good faith with transparent reasoning, mutual respect, and fair dealing principles evident throughout this round."
20,3,6,1,Both parties are consciously and freely making their own decisions and determining contract terms without apparent coercion or undue pressure.
20,3,7,1,"The negotiations appear genuine with substantive discussion of vehicle condition, market comparables, and pricing rationale, showing no signs of a sham transaction."
20,3,8,1,"No evidence of error, deceit, or threat affecting either party's declarations of will in this round."
20,4,1,1,"Both parties have clearly expressed mutual consent to the contract terms with matching declarations of intent at $16,900."
20,4,2,1,Both parties explicitly state their intention to be bound by the agreement and move forward with the purchase.
20,4,3,1,"Essential terms are agreed: vehicle (2019 Toyota Yaris, 65,000 km), price ($16,900), and condition (documented service history, excellent condition)."
20,4,4,,Compliance with mandatory statutory provisions cannot be determined at this stage without knowledge of applicable jurisdiction and specific legal requirements.
20,4,5,1,"The negotiation demonstrates good faith and fair dealing, with both parties making reasonable compromises and transparent disclosures about the vehicle's condition."
20,4,6,1,Both parties have consciously and freely decided to conclude the contract without evidence of coercion or undue pressure.
20,4,7,1,"The agreement appears genuine with substantive negotiations and legitimate business purpose, showing no signs of a simulated or sham transaction."
20,4,8,1,"No evidence of error, deceit, or threat affecting either party's declarations of will in this round."
21,1,1,1,"Both parties have made clear declarations of intent with specific offer prices ($16,500 and $17,500), demonstrating mutual willingness to negotiate."
21,1,2,,"While both parties express interest in negotiating, neither has yet accepted the other's offer, so a common intention to be bound cannot be definitively determined at this stage."
21,1,3,,The parties have not yet agreed on the essential term (price); they remain in the negotiation phase with divergent offers.
21,1,4,,Compliance with mandatory statutory provisions cannot be assessed until the parties reach agreement on material terms.
21,1,5,1,"Both parties conduct themselves in good faith, providing transparent information about the vehicle's condition and market comparables without deception."
21,1,6,1,"Both parties appear to be negotiating consciously and freely, each presenting reasoned positions without evidence of coercion or duress."
21,1,7,1,There is no indication that either party's declarations are simulated or sham; both appear to be genuine negotiating positions.
21,1,8,1,"No evidence of error, deceit, or threat affecting either party's declarations of will in this round."
21,2,1,1,Both parties continue to express clear declarations of intent through their respective offers and counteroffers.
21,2,2,,"While both parties are negotiating, it cannot yet be determined if they share a common intention to be legally bound, as no agreement on price has been reached."
21,2,3,,"The essential term (price) remains disputed; the buyer offers $16,800 while the seller counters at $17,200, so agreement on main subject matter is not yet achieved."
21,2,4,,Compliance with mandatory statutory provisions cannot be assessed until the parties reach agreement on contract terms.
21,2,5,1,Both parties conduct the negotiation in good faith with transparent reasoning and reasonable compromise attempts.
21,2,6,1,Both parties demonstrate conscious and free decision-making by presenting reasoned counteroffers and explaining their positions.
21,2,7,1,There is no indication that either party is engaging in a simulated or sham transaction; both appear genuinely interested in negotiating a sale.
21,2,8,1,"No evidence of error, deceit, or threat affecting either party's declarations of will in this round."
21,3,1,1,"Both parties have made clear declarations of intent in this round—the buyer proposes $16,800 and the seller counters at $17,200, both expressing willingness to negotiate."
21,3,2,,"While both parties continue negotiating, a common intention to be bound by legal effects cannot be definitively determined until an agreement is reached."
21,3,3,1,"The essential terms are being progressively clarified: the vehicle (2019 Yaris, 65,000 km, excellent condition) and price range ($16,800-$17,200) are substantially agreed upon in principle."
21,3,4,,Compliance with mandatory statutory provisions cannot be assessed at this negotiation stage without knowledge of applicable contract law requirements.
21,3,5,1,"Both parties are negotiating in good faith with reasonable offers, transparent reasoning, and mutual respect for each other's positions."
21,3,6,1,Both parties are consciously and freely making counteroffers without evidence of coercion or constraint on their decision-making.
21,3,7,1,"The negotiation appears genuine with substantive discussion of vehicle condition and market value, showing no signs of a simulated or sham transaction."
21,3,8,1,"No evidence of error, deceit, or threat affecting either party's declarations of will in this round."
21,4,1,1,"Both parties have clearly expressed mutual declarations of intent to conclude the contract at $17,000, with both confirming agreement."
21,4,2,1,"Both parties explicitly demonstrate a common intention to be bound by the contract, with the seller stating 'let's proceed with the sale' and the buyer confirming readiness to move forward."
21,4,3,1,"The essential terms are agreed upon: vehicle (2019 Yaris, 65,000 km, excellent condition), price ($17,000), and key features (full service history, zero accidents)."
21,4,4,,"Compliance with mandatory statutory provisions cannot be determined from this negotiation transcript alone, as it depends on jurisdiction-specific requirements not addressed here."
21,4,5,1,"The negotiation demonstrates good faith and fair dealing, with both parties making reasonable compromises and transparent representations about the vehicle's condition."
21,4,6,1,Both parties have consciously and freely decided to conclude the contract through a series of voluntary counteroffers without evidence of coercion or undue pressure.
21,4,7,1,"The agreement appears genuine and substantive, with both parties demonstrating sincere intent to complete the transaction rather than simulating a sham agreement."
21,4,8,1,"No evidence of error, deceit, or threat affects either party's declarations of will; both have conducted transparent negotiations based on disclosed vehicle information."
22,1,1,1,"Both parties have made clear declarations of intent with specific offer prices ($16,500 and $17,500), demonstrating mutual willingness to negotiate."
22,1,2,,"Both parties express interest in proceeding, but neither has yet accepted the other's terms, so a common intention to be bound cannot be determined at this stage."
22,1,3,,The parties have not yet agreed on the essential term (price); they remain in the negotiation phase with differing positions.
22,1,4,,Compliance with statutory provisions cannot be assessed until the parties reach agreement on material terms.
22,1,5,1,"Both parties are negotiating in good faith with reasonable, market-based positions and transparent reasoning for their offers."
22,1,6,1,Both parties appear to be making conscious and free decisions to participate in the negotiation without apparent coercion or constraint.
22,1,7,1,There is no indication that either party is engaging in a simulated or sham transaction; both appear genuinely interested in a legitimate car sale.
22,1,8,1,"Neither party's declarations show signs of error, deceit, or threat; both are presenting factual information and reasonable positions."
22,2,1,1,"Both parties continue to express clear declarations of intent to negotiate and potentially conclude a contract, with the seller making a counter-offer of $17,250."
22,2,2,,"While both parties demonstrate willingness to negotiate, there is no agreement yet on price, so a common intention to be bound cannot be definitively determined at this stage."
22,2,3,,"The parties have not yet agreed on the essential term (price); the seller's offer of $17,250 remains unaccepted by the buyer."
22,2,4,,Compliance with mandatory statutory provisions cannot be assessed until the parties reach agreement on material terms.
22,2,5,1,"Both parties are negotiating in good faith, with transparent reasoning about vehicle condition and market value, and neither is acting in bad faith or contrary to fair dealing principles."
22,2,6,1,Both parties are consciously and freely participating in the negotiation without evidence of coercion or constraint on their decision-making.
22,2,7,1,There is no indication that either party's declarations are simulated or sham; both appear to be genuine negotiating positions.
22,2,8,1,"No evidence of error, deceit, or threat affecting either party's declarations of will in this round."
22,3,1,1,"Both parties continue to express clear declarations of intent to negotiate and move toward a contract, with the buyer making a counter-offer of $17,100."
22,3,2,,"While both parties demonstrate willingness to negotiate, neither has yet accepted the other's offer, so a common intention to be bound cannot be definitively established at this stage."
22,3,3,1,"The essential terms remain consistent and agreed upon: a 2019 Yaris in specified condition with 65,000 km; only the price is being negotiated within a narrow range ($17,100-$17,250)."
22,3,4,,Compliance with mandatory statutory provisions cannot be assessed until the parties reach agreement and the contract is finalized.
22,3,5,1,"Both parties continue to negotiate in good faith with transparent reasoning, reasonable movements, and acknowledgment of each other's positions."
22,3,6,1,"Both parties demonstrate conscious and free decision-making, with the buyer explicitly stating budget constraints and the seller acknowledging the buyer's good faith efforts."
22,3,7,1,"The negotiation appears genuine with substantive discussion of vehicle condition and realistic price movements, showing no signs of a simulated transaction."
22,3,8,1,"No evidence of error, deceit, or threat appears in either party's declarations; both provide factual information about the vehicle and their positions."
22,4,1,1,"Both parties have clearly expressed their declarations of intent and will, with the buyer accepting the seller's offer of $17,150."
22,4,2,1,"Both parties explicitly demonstrate a common intention to conclude the contract and be bound by it, as evidenced by their agreement statements."
22,4,3,1,"The essential terms are agreed upon: the vehicle (2019 Yaris), the price ($17,150), and the condition/maintenance history have been clearly established."
22,4,4,,"Compliance with mandatory statutory provisions cannot be determined from this negotiation transcript alone, as it does not address legal formalities or regulatory requirements."
22,4,5,1,"The negotiation demonstrates good faith and fair dealing, with both parties making reasonable concessions and acknowledging each other's positions throughout."
22,4,6,1,Both parties have consciously and freely decided to conclude the contract without evidence of coercion or undue pressure.
22,4,7,1,There is no indication that this is a simulated or sham transaction; both parties appear genuinely engaged in a legitimate vehicle purchase.
22,4,8,1,"No defects such as error, deceit, or threat are evident in either party's declarations of will during this round."
23,1,1,1,"Both parties have made clear declarations of intent: the buyer expressed interest and made an offer of $16,500, and the seller responded with a counteroffer of $17,200."
23,1,2,,"While both parties appear willing to negotiate, neither has yet accepted the other's terms, so a common intention to be bound cannot be definitively established at this stage."
23,1,3,,"The parties have not yet agreed on the essential term of price; the buyer offered $16,500 and the seller countered at $17,200, leaving this critical term unresolved."
23,1,4,,Compliance with mandatory statutory provisions cannot be assessed until the parties reach agreement on all material terms.
23,1,5,1,"Both parties are negotiating transparently and in good faith, with the seller providing full maintenance records and the buyer making a reasoned offer based on market comparables."
23,1,6,1,Both parties appear to be consciously and freely participating in the negotiation without any indication of coercion or lack of voluntary participation.
23,1,7,1,There is no indication that either party is engaging in a simulated or sham transaction; both are genuinely negotiating the sale of a vehicle.
23,1,8,1,"Neither party's declarations of will show signs of error, deceit, or threat; the buyer has verified information and the seller has provided transparent details about the vehicle's condition."
23,2,1,1,"Both parties have clearly expressed their mutual consent and declarations of intent to conclude the contract at the price of $17,000."
23,2,2,1,"Both parties explicitly demonstrate a common intention to be bound by the contract, with the seller stating 'I can accept $17,000. Let's move forward with that price.'"
23,2,3,1,"The essential terms are agreed upon: the vehicle (2019 Toyota Yaris with 65,000 km), the price ($17,000), and the condition (excellent with full maintenance history and no accidents)."
23,2,4,,"Compliance with mandatory statutory provisions cannot be determined from this negotiation transcript alone, as it depends on jurisdiction-specific requirements not addressed in the dialogue."
23,2,5,1,"The negotiation demonstrates good faith and fair dealing, with both parties conducting market research, making reasonable compromises, and respecting each other's constraints."
23,2,6,1,Both parties have consciously and freely decided to conclude the contract without any indication of coercion or external pressure affecting their decisions.
23,2,7,1,There is no evidence suggesting this is a simulated or sham transaction; both parties appear to have genuine intentions to complete the car sale.
23,2,8,1,"Neither party's declarations of will show signs of error, deceit, or threat; the buyer verified information and both parties negotiated transparently."
23,3,1,1,"Both parties have clearly expressed their mutual consent and declarations of intent to conclude the contract at the price of $17,000."
23,3,2,1,"Both parties demonstrate a common intention to be bound by the contract, with explicit agreement to proceed to the next steps (financing, paperwork, handover)."
23,3,3,1,"The essential terms are agreed upon: vehicle (2019 Toyota Yaris), condition (65,000 km, excellent maintenance), price ($17,000), and key details (service history, no accidents)."
23,3,4,,"Compliance with mandatory statutory provisions cannot be determined from this negotiation transcript alone, as it depends on jurisdiction-specific requirements not addressed here."
23,3,5,1,"The negotiation demonstrates good faith and fair dealing, with both parties conducting market research, making reasonable compromises, and acting transparently throughout."
23,3,6,1,Both parties have consciously and freely decided to conclude the contract without any indication of coercion or external pressure.
23,3,7,1,There is no evidence suggesting this is a simulated or sham transaction; both parties appear genuinely committed to completing the purchase and sale.
23,3,8,1,"Neither party's declarations of will show signs of error, deceit, or threat; both have verified information and agreed based on disclosed facts."
24,1,1,,"Both parties have made declarations of intent, but neither has yet made a binding offer or acceptance that would constitute mutual consent to conclude the contract."
24,1,2,,"While both parties express willingness to negotiate, there is no clear common intention to be bound by legal effects at this preliminary stage of price discussion."
24,1,3,0,"Essential terms remain unresolved; the parties have not agreed on price, and other material terms (payment method, delivery, condition warranties, etc.) have not been discussed."
24,1,4,,Compliance with mandatory statutory provisions cannot be assessed until the parties reach agreement on essential terms and formalize their intent.
24,1,5,1,"Both parties are negotiating in good faith, presenting reasonable arguments based on market conditions and vehicle condition without apparent deception or unfair dealing."
24,1,6,1,Both parties appear to be consciously and freely engaging in negotiation without evidence of coercion or lack of free will.
24,1,7,1,There is no indication that either party is attempting to create a sham or simulated transaction; both are genuinely negotiating a car sale.
24,1,8,1,"No evidence of error, deceit, or threat affecting either party's declarations of will in this opening round of negotiation."
24,2,1,1,"Both parties have made clear declarations of intent with specific price offers ($17,200 from buyer, $17,100 from seller) in this round."
24,2,2,,"While both parties express willingness to negotiate and move forward, neither has yet accepted the other's offer, so binding intent cannot be confirmed."
24,2,3,,"Essential terms like price are still being negotiated ($17,100 vs $17,200 difference remains), and other material terms (payment method, delivery, warranties) have not been discussed."
24,2,4,,Compliance with mandatory statutory provisions cannot be assessed until the parties reach agreement on all essential terms.
24,2,5,1,"Both parties are negotiating in good faith with transparent reasoning, reasonable compromises, and fair dealing principles evident in their dialogue."
24,2,6,1,Both parties are consciously and freely participating in the negotiation without any indication of coercion or lack of voluntary participation.
24,2,7,1,There is no indication that either party is engaging in a simulated or sham transaction; both appear genuinely interested in concluding a real sale.
24,2,8,1,"No evidence of error, deceit, or threat affecting either party's declarations of will in this round."
24,3,1,1,"Both parties have clearly expressed their declarations of intent and will regarding the purchase at $17,100."
24,3,2,1,Both parties demonstrate a common intention to conclude a binding contract and accept its legal effects by agreeing to proceed with the sale.
24,3,3,1,"The essential terms are agreed upon: vehicle (2019 Yaris, 65,000 km), price ($17,100), and both parties confirm readiness to move forward."
24,3,4,,"Compliance with mandatory statutory provisions cannot be determined from this negotiation transcript alone, as it depends on jurisdiction-specific requirements and documentation."
24,3,5,1,"The negotiation demonstrates good faith and fair dealing, with both parties making reasonable compromises and transparent disclosures about their positions."
24,3,6,1,Both parties have consciously and freely decided to conclude the contract without evidence of coercion or undue pressure.
24,3,7,1,There is no indication that this is a simulated or sham transaction; both parties appear genuinely committed to completing the sale.
24,3,8,1,"No defects such as error, deceit, or threat are evident in either party's declarations during this round."
25,1,1,1,"Both parties have made clear declarations of intent with specific offer prices ($16,500 and $17,000 counter-offer)."
25,1,2,,"While both parties are negotiating, it cannot yet be determined if they intend to be legally bound, as no agreement has been reached."
25,1,3,,"Essential terms (price, vehicle identification) are being discussed but not yet agreed upon, so agreement on main subject matter is incomplete."
25,1,4,,Compliance with mandatory statutory provisions cannot be assessed until the parties reach agreement on contract terms.
25,1,5,1,Both parties are negotiating in good faith with transparent reasoning and reasonable market-based positions.
25,1,6,1,Both parties appear to be consciously and freely making their own decisions without evidence of coercion or constraint.
25,1,7,1,There is no indication that either party is engaging in a simulated or sham transaction; both are genuinely negotiating.
25,1,8,1,"No evidence of error, deceit, or threat affecting either party's declarations of will in this round."
25,2,1,1,"Both parties continue to express clear declarations of intent through their counter-offers, demonstrating mutual willingness to negotiate."
25,2,2,1,"Both parties demonstrate a common intention to conclude a binding contract, as evidenced by their progressive narrowing of the price gap and good-faith negotiation language."
25,2,3,1,"The essential terms are substantially agreed: the vehicle (2019 Yaris), mileage (65,000 km), condition, and price range are now very close ($16,800 vs $16,900)."
25,2,4,,Compliance with mandatory statutory provisions cannot be determined from the negotiation transcript alone without knowing the applicable jurisdiction's requirements.
25,2,5,1,"Both parties conduct the negotiation in good faith with transparent reasoning, fair compromise attempts, and acknowledgment of each other's positions."
25,2,6,1,"Both parties demonstrate conscious and free decision-making, with the buyer explaining budget constraints and the seller justifying their valuation based on vehicle condition."
25,2,7,1,There is no indication that either party is engaging in a simulated or sham transaction; both appear genuinely interested in concluding a real sale.
25,2,8,1,"No evidence of error, deceit, or threat appears in either party's declarations; both provide factual information about the vehicle and their positions."
25,3,1,1,Both parties have clearly expressed their declarations of intent and will through explicit offer and counter-offer regarding the vehicle and price.
25,3,2,1,"Both parties demonstrate a common intention to conclude a binding contract, as evidenced by their progressive negotiation and acceptance of terms."
25,3,3,1,"The essential terms are agreed upon: the vehicle (2019 Yaris with 65,000 km), the price ($16,900), and the condition (excellent with full service history)."
25,3,4,,"Compliance with mandatory statutory provisions cannot be determined from the negotiation transcript alone, as it depends on jurisdiction-specific requirements and documentation not yet addressed."
25,3,5,1,"The negotiation demonstrates good faith and fair dealing, with both parties making reasonable compromises and acknowledging each other's positions transparently."
25,3,6,1,Both parties have consciously and freely decided to conclude the contract without evidence of coercion or undue pressure.
25,3,7,1,There is no indication that this is a simulated or sham transaction; both parties appear genuinely engaged in a legitimate vehicle sale.
25,3,8,1,"No defects such as error, deceit, or threat are evident in either party's declarations of will during this round."
26,1,1,1,"Both parties have made clear declarations of intent with specific price offers ($16,500 and $17,200), demonstrating mutual willingness to negotiate."
26,1,2,1,Both parties explicitly express intention to conclude a contract and acknowledge the binding nature of a price agreement through their negotiation process.
26,1,3,0,"The essential term of price remains unresolved with a $700 gap between offers, preventing agreement on the main subject matter."
26,1,4,,Compliance with mandatory statutory provisions cannot be assessed until a complete agreement is reached and contract formation is finalized.
26,1,5,1,Both parties conduct negotiations in good faith with transparent reasoning about vehicle condition and fair market value.
26,1,6,1,Both parties demonstrate conscious and free decision-making without evidence of coercion or external pressure in their offers.
26,1,7,1,"The negotiation appears genuine with substantive discussion of vehicle condition and market factors, showing no signs of simulation."
26,1,8,1,"No evidence of error, deceit, or threat affecting either party's declarations of will in this round."
26,2,1,1,"Both parties continue to express clear declarations of intent through their counter-offers, demonstrating mutual willingness to negotiate."
26,2,2,,"While both parties show intent to negotiate, neither has yet accepted the other's offer, so binding intent cannot be determined at this stage."
26,2,3,1,"The essential terms are clearly established: specific vehicle (2019 Yaris, 65,000 km), condition details, and a price range ($16,800-$17,000) that both parties are actively discussing."
26,2,4,,Compliance with mandatory statutory provisions cannot be assessed without knowing the jurisdiction and whether required documentation procedures are being followed.
26,2,5,1,"Both parties are negotiating transparently with factual justifications (maintenance records, mileage, condition), demonstrating good faith and fair dealing principles."
26,2,6,1,Both parties are consciously and freely making counter-proposals without evidence of coercion or constraint on their decision-making.
26,2,7,1,"The negotiation appears genuine with substantive discussion of vehicle attributes and realistic price adjustments, showing no signs of a sham transaction."
26,2,8,1,"No evidence of error, deceit, or threat affecting either party's declarations of will in this round of negotiation."
26,3,1,1,"Both parties have clearly expressed their declarations of intent in this round, with the buyer accepting the seller's $17,000 offer and the seller confirming agreement."
26,3,2,1,"Both parties explicitly state their intention to be bound by the agreement, with the buyer saying 'I can work with $17,000—let's move forward' and the seller responding 'let's move forward with the paperwork and get this finalized.'"
26,3,3,1,"The essential terms are agreed upon: the vehicle (2019 Toyota Yaris), the price ($17,000), and the parties' identities are clear from context."
26,3,4,,"Compliance with mandatory statutory provisions cannot be determined from this negotiation transcript alone, as it depends on jurisdiction-specific requirements not addressed in the dialogue."
26,3,5,1,"The negotiation demonstrates good faith and fair dealing, with both parties making reasonable counteroffers, acknowledging each other's positions, and reaching a mutually acceptable middle ground."
26,3,6,1,Both parties appear to have consciously and freely decided to conclude the contract without evidence of coercion or undue pressure.
26,3,7,1,There is no indication that this is a simulated or sham transaction; both parties appear genuinely engaged in a legitimate car sale negotiation.
26,3,8,1,"Neither party's declarations of will show signs of error, deceit, or threat; the buyer accepts based on genuine appreciation of the vehicle's condition and the seller's honest representation of its value."
27,1,1,1,"Both parties have made clear declarations of intent with specific offer prices ($16,500 from buyer, $17,200 counter-offer from seller)."
27,1,2,,Common intention to be bound cannot yet be determined as the parties have not reached agreement on price and essential terms remain under negotiation.
27,1,3,,"Essential terms (price, vehicle condition, maintenance history) are being discussed but no agreement has been reached on the main subject matter."
27,1,4,,Compliance with mandatory statutory provisions cannot be assessed until the parties reach agreement on contract terms.
27,1,5,1,"Both parties are negotiating in good faith with transparent information sharing about maintenance records, accident history, and reasonable price justifications."
27,1,6,1,Both parties appear to be consciously and freely making their declarations without any indication of coercion or lack of free will.
27,1,7,1,There is no indication that either party is engaging in a simulated or sham transaction; both appear genuinely interested in concluding a sale.
27,1,8,1,"No defects (error, deceit, or threat) are apparent in either party's declarations during this round of negotiation."
27,2,1,1,"Both parties have clearly expressed their declarations of intent through explicit offer and counter-offer regarding the purchase price of $17,000."
27,2,2,,"While both parties are negotiating in good faith, it cannot yet be determined if they have reached a common intention to be bound, as the buyer has not accepted the seller's final offer of $17,000."
27,2,3,1,"The essential terms are substantially agreed: vehicle identification (2019 Toyota Yaris), condition (excellent, no accidents, 65,000 km), maintenance history (documented), and a specific price point ($17,000) has been proposed by the seller."
27,2,4,,Compliance with mandatory statutory provisions cannot be evaluated at this stage without knowing the jurisdiction and specific legal requirements for vehicle sales.
27,2,5,1,"Both parties are negotiating transparently, providing factual information about the vehicle's condition and maintenance, and making reasonable counteroffers consistent with good faith and fair dealing principles."
27,2,6,1,"Both parties are consciously and freely participating in the negotiation, making independent decisions about their positions without apparent coercion or undue pressure."
27,2,7,1,There is no indication that either party is engaging in a simulated or sham transaction; both appear genuinely interested in concluding a legitimate vehicle sale.
27,2,8,1,"Neither party's declarations of will show signs of error, deceit, or threat; both have provided verifiable information and are making reasoned counteroffers."
27,3,1,1,"Both parties have clearly expressed their declarations of intent and will regarding the purchase and sale at $17,000."
27,3,2,1,Both parties demonstrate a common intention to conclude a binding contract and accept its legal effects by agreeing to proceed with the sale.
27,3,3,1,"The essential terms are agreed upon: the vehicle (2019 Toyota Yaris), the price ($17,000), and key conditions (maintenance history, accident-free status, mileage)."
27,3,4,,Compliance with mandatory statutory provisions cannot be determined from the negotiation transcript alone without knowing the applicable jurisdiction's requirements.
27,3,5,1,"The negotiation demonstrates good faith and fair dealing, with both parties making reasonable counteroffers and acknowledging each other's positions."
27,3,6,1,Both parties have consciously and freely decided to conclude the contract without apparent coercion or undue pressure.
27,3,7,1,There is no indication that this is a simulated or sham transaction; both parties appear genuinely interested in completing the sale.
27,3,8,1,"No defects such as error, deceit, or threat are evident in either party's declarations of will during this round."
28,1,1,1,"Both parties have made clear declarations of intent with specific price offers ($16,500 and $17,200/$16,800 counter), demonstrating mutual willingness to negotiate."
28,1,2,,"While both parties are negotiating, neither has yet accepted the other's offer, so a common intention to be bound cannot be definitively established at this stage."
28,1,3,,"The parties have agreed on the subject matter (a 2019 Yaris with 65,000 km) but have not yet agreed on the essential term of price, which is critical for contract formation."
28,1,4,,Compliance with mandatory statutory provisions cannot be assessed until the parties reach agreement and the contract terms are finalized.
28,1,5,1,"Both parties are negotiating in good faith with transparent offers and reasoned justifications, consistent with fair dealing principles."
28,1,6,1,Both parties are consciously and freely making offers without evidence of coercion or lack of voluntary participation in the negotiation.
28,1,7,1,There is no indication that either party is engaging in a simulated or sham transaction; both appear genuinely interested in negotiating a real sale.
28,1,8,1,"No evidence of error, deceit, or threat affecting either party's declarations of will in this round of negotiation."
28,2,1,1,"Both parties have made clear declarations of intent in this round, with the seller explicitly accepting the buyer's $16,800 offer."
28,2,2,1,"Both parties demonstrate a common intention to conclude a binding contract, with the seller stating 'I'm willing to accept your $16,800 offer. Let's move forward with the sale.'"
28,2,3,1,"The essential terms are agreed upon: the vehicle (2019 Yaris), the price ($16,800), and the parties' identities are established."
28,2,4,,"Compliance with mandatory statutory provisions cannot be determined from this transcript alone, as it depends on jurisdiction-specific requirements not addressed in the negotiation."
28,2,5,1,"Both parties have negotiated in good faith, with transparent communication about pricing rationale and willingness to compromise."
28,2,6,1,Both parties appear to have consciously and freely decided to conclude the contract without evidence of coercion or undue pressure.
28,2,7,1,There is no indication that this is a simulated or sham transaction; both parties appear genuinely interested in completing the sale.
28,2,8,1,"No defects such as error, deceit, or threat are evident in either party's declarations in this round."
28,3,1,1,"Both parties have clearly expressed their mutual consent and declarations of intent to conclude the contract at the price of $16,800."
28,3,2,1,Both the buyer and seller explicitly demonstrate a common intention to be bound by the contract and its legal effects through their affirmative statements.
28,3,3,1,"The essential terms are agreed upon: the subject matter is a 2019 Toyota Yaris with 65,000 km, and the price is $16,800."
28,3,4,,"Compliance with mandatory statutory provisions cannot be determined from the negotiation transcript alone, as it depends on jurisdiction-specific requirements not addressed in the dialogue."
28,3,5,1,"Both parties have negotiated in good faith, with transparency about minimum acceptable prices and fair dealing throughout the process."
28,3,6,1,Both parties have consciously and freely decided to conclude the contract without any indication of coercion or external pressure.
28,3,7,1,There is no evidence suggesting this is a simulated or sham transaction; both parties appear genuinely committed to completing the sale.
28,3,8,1,"Neither party's declarations of will show signs of error, deceit, or threat; the negotiation has been transparent and straightforward."
29,1,1,1,"Both parties have made clear declarations of intent with specific price offers ($16,500 from buyer, $16,200 from seller), demonstrating mutual willingness to negotiate."
29,1,2,,"While both parties show intent to negotiate, it cannot yet be determined if they intend to be bound by legal effects, as no agreement has been reached on essential terms."
29,1,3,,"The parties have not yet agreed on the essential term (price), though they are negotiating in good faith with offers only $300 apart."
29,1,4,,Compliance with mandatory statutory provisions cannot be assessed until the parties reach agreement on essential terms and formalize the contract.
29,1,5,1,"Both parties are negotiating transparently with reasonable justifications for their positions, demonstrating good faith and fair dealing principles."
29,1,6,1,Both parties appear to be making conscious and free decisions to participate in the negotiation without evidence of coercion or constraint.
29,1,7,1,There is no indication that either party is engaging in a simulated or sham transaction; both are presenting genuine offers.
29,1,8,1,"No evidence of error, deceit, or threat affecting either party's declarations of will in this round."
29,2,1,1,Both parties continue to express clear declarations of intent to negotiate and reach an agreement on the car sale.
29,2,2,1,"Both parties demonstrate ongoing intention to conclude a binding contract, as evidenced by their continued counteroffers and engagement in good-faith negotiation."
29,2,3,1,"The essential terms are becoming increasingly aligned: the subject matter (2019 Yaris with 65,000 km), condition, and price range ($16,000-$16,200) are substantially agreed upon."
29,2,4,,"Compliance with mandatory statutory provisions cannot be assessed without knowing the applicable jurisdiction and whether all required formalities (documentation, registration, etc.) will be followed."
29,2,5,1,"Both parties are negotiating transparently, acknowledging each other's positions, and making reasonable concessions consistent with good faith and fair dealing principles."
29,2,6,1,Both parties appear to be consciously and freely determining the contract terms through voluntary negotiation without apparent coercion or undue pressure.
29,2,7,1,There is no indication that either party is engaging in a simulated or sham transaction; both are genuinely negotiating a car purchase.
29,2,8,1,"No defects (error, deceit, or threat) are apparent in either party's declarations; the seller even clarifies a potential misunderstanding about the buyer's $16,800 offer."
29,3,1,1,"Both parties have made clear declarations of intent in this round, with the buyer accepting the seller's $16,000 offer and the seller confirming agreement."
29,3,2,1,"Both parties explicitly state their intention to conclude the contract and be bound by it, with the buyer saying 'Let's make this deal happen' and the seller saying 'Let's move forward.'"
29,3,3,1,"The essential terms are agreed upon: the vehicle (2019 Toyota Yaris), the price ($16,000), the condition (excellent with full maintenance records), and mileage (65,000 km)."
29,3,4,,"Compliance with mandatory statutory provisions cannot be determined from the negotiation transcript alone, as it depends on jurisdiction-specific requirements for vehicle sales contracts."
29,3,5,1,"The negotiation demonstrates good faith and fair dealing, with both parties making reasonable concessions and acknowledging each other's positions transparently."
29,3,6,1,Both parties have consciously and freely decided to conclude the contract without evidence of coercion or undue pressure in this round.
29,3,7,1,There is no indication that this is a simulated or sham transaction; both parties appear genuinely committed to completing the sale.
29,3,8,1,"Neither party's declarations of will show signs of error, deceit, or threat; the buyer even acknowledges and corrects their own earlier confusion about the offer price."
30,1,1,1,"Both parties have made clear declarations of intent regarding the price ($16,500), demonstrating mutual willingness to negotiate."
30,1,2,,"While both parties express interest in moving forward, it cannot yet be determined if they share a common intention to be legally bound, as the seller's question 'Shall we move forward?' awaits the buyer's confirmation."
30,1,3,1,"The essential term (price at $16,500) has been agreed upon by both parties in this round."
30,1,4,,Compliance with mandatory statutory provisions cannot be assessed at this stage without knowing the jurisdiction and specific legal requirements applicable to vehicle sales.
30,1,5,1,"Both parties are negotiating transparently with reference to objective factors (mileage, condition, maintenance history), demonstrating good faith and fair dealing."
30,1,6,1,"Both parties appear to be consciously and freely deciding to negotiate, with the buyer initiating an offer and the seller responding with reasoned acceptance."
30,1,7,1,There is no indication that either party is engaging in a simulated or sham transaction; both appear genuinely interested in concluding a sale.
30,1,8,1,"Neither party's declarations show signs of error, deceit, or threat; both are providing factual information about the vehicle's condition."
30,2,1,0,"The parties have not reached mutual consent as they remain at different price points ($17,200 vs $16,500) with neither party accepting the other's offer."
30,2,2,,"While both parties express willingness to conclude a contract, the lack of agreement on essential terms prevents determination of common binding intention at this stage."
30,2,3,0,"The parties have not agreed on the essential term of price, which is fundamental to a valid sales contract."
30,2,4,,Compliance with statutory provisions cannot be assessed until the parties reach agreement on contract terms.
30,2,5,1,Both parties are negotiating in good faith with transparent reasoning and reasonable positions consistent with fair dealing principles.
30,2,6,1,Both parties appear to be consciously and freely making their own decisions without evidence of coercion or constraint.
30,2,7,1,There is no indication that either party is engaging in a simulated or sham transaction; both appear genuinely interested in a real sale.
30,2,8,1,"No evidence of error, deceit, or threat affecting either party's declarations of will in this round."
30,3,1,1,"Both parties have made clear declarations of intent in this round, with the buyer proposing $17,200 and the seller responding with a counteroffer at $16,500."
30,3,2,,"While both parties are negotiating, neither has yet accepted the same price term, so a common intention to be bound cannot be definitively established at this stage of round 3."
30,3,3,,"The parties have not yet agreed on the essential term (price) in this round, as the buyer proposes $17,200 and the seller maintains $16,500."
30,3,4,,Compliance with mandatory statutory provisions cannot be assessed until the parties reach agreement on all essential terms.
30,3,5,1,Both parties are negotiating in good faith with transparent reasoning about fair market value and willingness to move forward.
30,3,6,1,Both parties are consciously and freely making their own decisions about pricing without apparent coercion or constraint.
30,3,7,1,There is no indication that either party is engaging in a simulated or sham transaction; both appear genuinely interested in completing the sale.
30,3,8,1,"Neither party's declarations of will show signs of error, deceit, or threat in this round of negotiation."
31,1,1,1,"Both parties have made clear declarations of intent: the buyer offered $16,500 and the seller countered with $17,000, demonstrating mutual willingness to negotiate."
31,1,2,,"While both parties are negotiating, neither has yet accepted the other's offer, so a common intention to be bound by final legal effects cannot be confirmed at this stage."
31,1,3,,"The parties have not yet agreed on the essential term (price), as the buyer's $16,500 and seller's $17,000 counter-offer remain unaccepted; other terms remain largely undiscussed."
31,1,4,,Compliance with mandatory statutory provisions cannot be assessed until the parties reach agreement on essential terms and the contract is finalized.
31,1,5,1,"Both parties are negotiating in good faith with transparent information about the vehicle's condition, maintenance history, and pricing rationale."
31,1,6,1,Both parties are consciously and freely participating in the negotiation without apparent coercion or constraint on their decision-making.
31,1,7,1,There is no indication that either party is engaging in a simulated or sham transaction; both appear genuinely interested in a legitimate car sale.
31,1,8,1,"Neither party's declarations of will show signs of error, deceit, or threat; the seller provides verifiable information and both parties negotiate openly."
31,2,1,1,Both parties continue to express clear declarations of intent through their respective offers and counteroffers.
31,2,2,,"While both parties are negotiating, it cannot yet be determined if they share a common intention to be legally bound, as no agreement on price has been reached."
31,2,3,,"The main subject matter (vehicle specifications, maintenance history, condition) is established, but the essential term (price) remains unresolved at $16,950 versus $16,800."
31,2,4,,Compliance with mandatory statutory provisions cannot be assessed until the parties reach agreement on all material terms.
31,2,5,1,"Both parties are negotiating in good faith with transparent reasoning, reasonable compromises, and acknowledgment of each other's positions."
31,2,6,1,Both parties are consciously and freely engaging in negotiation without evidence of coercion or lack of voluntary participation.
31,2,7,1,There is no indication that either party is engaging in a simulated or sham transaction; both appear genuinely interested in concluding a sale.
31,2,8,1,"No defects such as error, deceit, or threat are evident in either party's declarations during this round."
31,3,1,1,Both parties have clearly expressed their declarations of intent and will regarding the transaction in this round.
31,3,2,1,Both parties demonstrate a common intention to conclude a binding contract and accept its legal effects through their continued negotiation and movement toward agreement.
31,3,3,1,"The essential terms are agreed upon: vehicle (2019 Toyota Yaris), mileage (65,000 km), condition (well-maintained), and price ($16,800 offered by buyer)."
31,3,4,,Compliance with mandatory statutory provisions cannot be determined from the negotiation transcript alone without knowing the applicable jurisdiction's requirements.
31,3,5,1,"The negotiation demonstrates good faith and fair dealing, with both parties making reasonable compromises and acknowledging each other's positions respectfully."
31,3,6,1,Both parties appear to have consciously and freely decided to negotiate and determine contract terms without apparent coercion or undue pressure.
31,3,7,1,There is no indication that this is a simulated or sham transaction; both parties are genuinely negotiating a car sale.
31,3,8,1,"No evidence of error, deceit, or threat affecting either party's declarations of will in this round."
31,4,1,1,"Both parties have clearly expressed their mutual consent and declarations of intent to conclude the contract at the price of $16,900."
31,4,2,1,"Both parties explicitly demonstrate a common intention to be bound by the contract, with the seller stating 'I'm comfortable accepting your offer' and the buyer confirming 'I'm satisfied with this price.'"
31,4,3,1,"The essential terms are agreed upon: the vehicle (2019 Toyota Yaris, 65,000 km), the price ($16,900), and the condition (well-maintained with full service history)."
31,4,4,,"Compliance with mandatory statutory provisions cannot be determined from the negotiation transcript alone, as it depends on jurisdiction-specific requirements for vehicle sales contracts."
31,4,5,1,"The negotiation demonstrates good faith and fair dealing, with both parties making reasonable compromises and acknowledging each other's positions throughout."
31,4,6,1,"Both parties have consciously and freely decided to conclude the contract, with the buyer explicitly stating 'I'm willing to make this work' and the seller confirming acceptance without coercion."
31,4,7,1,There is no indication that this is a simulated or sham transaction; both parties appear to have genuine intentions to complete the vehicle sale.
31,4,8,1,"Neither party's declarations of will show signs of error, deceit, or threat; both have acted transparently and honestly throughout the negotiation."
32,1,1,1,"Both parties have clearly expressed their declarations of intent to negotiate and potentially conclude a contract, with specific price offers ($16,500 and $17,500)."
32,1,2,,"While both parties show interest in negotiating, it cannot yet be determined if they share a common intention to be bound by legal effects, as they have not reached agreement on essential terms."
32,1,3,,"The parties have not yet agreed on the essential term (price), though other material terms regarding the vehicle's condition and maintenance history have been discussed and appear aligned."
32,1,4,,Compliance with mandatory statutory provisions cannot be assessed at this preliminary negotiation stage without knowing the applicable jurisdiction and contract formalities required.
32,1,5,1,"Both parties are negotiating transparently and in good faith, with the seller providing detailed maintenance records and the buyer making a reasoned offer based on market conditions."
32,1,6,1,Both parties appear to be consciously and freely deciding to engage in this negotiation without any indication of coercion or lack of autonomy.
32,1,7,1,There is no indication that either party is engaging in a simulated or sham transaction; both appear genuinely interested in a legitimate car sale.
32,1,8,1,"No defects such as error, deceit, or threat are evident in either party's declarations during this round of negotiation."
32,2,1,1,"Both parties have clearly expressed their declarations of intent and will regarding the transaction at $17,000."
32,2,2,1,Both parties demonstrate a common intention to conclude a binding contract and accept its legal effects by agreeing on price and terms.
32,2,3,1,"Essential terms are agreed upon: the vehicle (2019 Toyota Yaris), price ($17,000), condition (excellent maintenance, zero accidents, 65,000 km), and service records included."
32,2,4,,Compliance with mandatory statutory provisions cannot be determined from this transcript alone without knowing the applicable jurisdiction's requirements.
32,2,5,1,"The negotiation reflects good faith and fair dealing, with both parties conducting market research, acknowledging each other's valid points, and reaching a mutually acceptable compromise."
32,2,6,1,Both parties have consciously and freely decided to conclude the contract without evidence of coercion or undue pressure.
32,2,7,1,There is no indication that this is a simulated or sham transaction; both parties appear genuinely interested in a legitimate car sale.
32,2,8,1,"No defects (error, deceit, or threat) are evident in either party's declarations of will during this round."
32,3,1,1,"Both parties have clearly expressed their mutual consent and declarations of intent to conclude the contract at the price of $17,000."
32,3,2,1,"Both parties explicitly demonstrate a common intention to be bound by the contract, with the buyer stating 'Let's move forward with the purchase' and the seller confirming 'I'm glad we've reached an agreement.'"
32,3,3,1,"The essential terms are agreed upon: the vehicle (2019 Toyota Yaris), the price ($17,000), and the condition (well-maintained with full service records and 65,000 km)."
32,3,4,,Compliance with mandatory statutory provisions cannot be fully determined at this stage as the actual transfer of ownership and legal documentation procedures have not yet been executed.
32,3,5,1,"The negotiation demonstrates good faith and fair dealing, with both parties providing transparent information, acknowledging each other's positions, and reaching a mutually acceptable compromise."
32,3,6,1,Both parties have consciously and freely decided to conclude the contract without any indication of coercion or external pressure affecting their decisions.
32,3,7,1,There is no evidence suggesting this is a simulated or sham transaction; both parties appear genuinely committed to completing the sale.
32,3,8,1,"Neither party's declarations of will show signs of error, deceit, or threat; the buyer conducted market research and the seller provided transparent maintenance records."
33,1,1,1,"Both parties have made clear declarations of intent to negotiate and potentially conclude a contract, with the buyer offering $16,500 and the seller countering at $18,500."
33,1,2,,"While both parties express interest in a transaction, it cannot yet be determined if they share a common intention to be bound, as they have not reached agreement on price."
33,1,3,,"The parties have not yet agreed on the essential term (price), though other material terms regarding the vehicle's condition and maintenance history are being discussed."
33,1,4,,Compliance with mandatory statutory provisions cannot be assessed at this preliminary negotiation stage without knowing the jurisdiction and applicable consumer protection laws.
33,1,5,1,"Both parties are negotiating in good faith with transparent reasoning about pricing, maintenance records, and market conditions."
33,1,6,1,Both parties appear to be consciously and freely participating in the negotiation without evidence of coercion or duress.
33,1,7,1,There is no indication that either party is engaging in a simulated or sham transaction; both appear genuinely interested in a real sale.
33,1,8,1,"No evidence of error, deceit, or threat affecting either party's declarations of will in this round."
33,2,1,1,"Both parties continue to express clear declarations of intent to negotiate and potentially conclude a contract, with specific price counteroffers."
33,2,2,1,"Both parties demonstrate a common intention to conclude a binding contract, as evidenced by their willingness to negotiate and move toward agreement on price."
33,2,3,1,"The essential terms are being progressively clarified: the vehicle (2019 Yaris, 65,000 km, excellent condition with full service records) and price range are now substantially aligned."
33,2,4,,"Compliance with mandatory statutory provisions cannot be assessed without knowing the jurisdiction and whether all required formalities (documentation, registration transfer, etc.) will be followed."
33,2,5,1,"Both parties are negotiating in good faith with transparent communication about budgets, vehicle condition, and willingness to compromise within reasonable bounds."
33,2,6,1,"Both parties appear to be consciously and freely deciding to negotiate, with no evidence of coercion or lack of voluntary participation."
33,2,7,1,There is no indication that either party is engaging in a simulated or sham transaction; both appear genuinely interested in concluding a real sale.
33,2,8,1,"No defects such as error, deceit, or threat are evident in this round; both parties provide honest information and make genuine counteroffers."
33,3,1,1,"Both parties have clearly expressed their declarations of intent to conclude a contract at $17,500, with the seller explicitly accepting the buyer's final offer."
33,3,2,1,"Both parties demonstrate a common intention to be bound by the contract, as evidenced by the seller's statement 'Let's do it. We have an agreement at $17,500.'"
33,3,3,1,"The essential terms are agreed upon: the vehicle (2019 Yaris, 65,000 km, excellent condition with full service records) and the price ($17,500)."
33,3,4,,"Compliance with mandatory statutory provisions cannot be determined from this negotiation transcript alone, as it depends on jurisdiction-specific requirements not addressed here."
33,3,5,1,"The negotiation demonstrates good faith and fair dealing, with both parties making reasonable compromises and transparently discussing budget constraints and vehicle condition."
33,3,6,1,"Both parties have consciously and freely decided to conclude the contract without evidence of coercion, duress, or undue pressure."
33,3,7,1,There is no indication that this is a simulated or sham transaction; both parties appear genuinely interested in completing a legitimate car sale.
33,3,8,1,"Neither party's declarations of will show signs of error, deceit, or threat; the negotiation is transparent and based on disclosed information about the vehicle's condition and maintenance history."
33,4,1,1,"Both parties have clearly expressed their declarations of intent and will to conclude the contract at $17,500."
33,4,2,1,"Both parties demonstrate a common intention to be bound by the contract, with explicit agreement statements and willingness to proceed with paperwork."
33,4,3,1,"The essential terms are agreed upon: vehicle (2019 Yaris), price ($17,500), condition (excellent with full service records), and mileage (65,000 km)."
33,4,4,,"Compliance with mandatory statutory provisions cannot be determined from this negotiation transcript alone, as it depends on jurisdiction-specific requirements."
33,4,5,1,"Both parties have negotiated in good faith with transparency about budgets, constraints, and vehicle condition, demonstrating fair dealing throughout."
33,4,6,1,Both parties have consciously and freely decided to conclude the contract without evidence of coercion or undue pressure.
33,4,7,1,"The agreement appears genuine with substantive negotiations and legitimate exchange of consideration, showing no signs of a simulated or sham transaction."
33,4,8,1,"No evidence of error, deceit, or threat affecting either party's declarations of will; both parties acted with full knowledge and transparency."
34,1,1,1,"Both parties have made clear declarations of intent with specific offer prices ($16,500 from buyer, $17,500 counter-offer from seller)."
34,1,2,,"While both parties are negotiating, it cannot yet be determined if they share a common intention to be legally bound, as neither has accepted the other's offer."
34,1,3,,Essential terms like price remain in dispute; agreement on the main subject matter (the vehicle and its condition) is emerging but price consensus has not been reached.
34,1,4,,Compliance with mandatory statutory provisions cannot be assessed until a final agreement is reached and documented.
34,1,5,1,Both parties are negotiating transparently with honest disclosures about vehicle condition and reasonable price positions consistent with good faith dealing.
34,1,6,1,Both parties appear to be consciously and freely deciding to negotiate without evidence of coercion or constraint.
34,1,7,1,There is no indication that either party is engaging in a simulated or sham transaction; both appear genuinely interested in a real sale.
34,1,8,1,"No evidence of error, deceit, or threat affecting either party's declarations of will in this round."
34,2,1,1,"Both parties continue to express clear declarations of intent through their counteroffers, demonstrating mutual willingness to negotiate toward a contract."
34,2,2,1,"Both parties demonstrate a common intention to conclude a binding contract, as evidenced by their continued negotiation and movement toward agreement on price."
34,2,3,1,"Essential terms are substantially agreed: the vehicle (2019 Toyota Yaris), condition (accident-free, well-maintained), mileage (65,000 km), and price is narrowing ($17,200 vs $17,350 offer)."
34,2,4,,Compliance with mandatory statutory provisions cannot be assessed without knowing the jurisdiction and specific legal requirements for vehicle sales contracts.
34,2,5,1,"Both parties are negotiating in good faith with transparent reasoning, fair counteroffers, and acknowledgment of each other's positions, consistent with principles of fair dealing."
34,2,6,1,"Both parties appear to be consciously and freely deciding to negotiate, with no evidence of coercion, duress, or lack of voluntary participation."
34,2,7,1,There is no indication that either party is engaging in a simulated or sham transaction; both are genuinely negotiating a vehicle purchase.
34,2,8,1,"No defects (error, deceit, or threat) are apparent in either party's declarations; both provide factual information and make honest counteroffers."
34,3,1,1,"Both parties have made clear declarations of intent in this round—the buyer offers $17,200 and the seller responds with a counteroffer of $17,350, demonstrating mutual willingness to negotiate."
34,3,2,,"While both parties continue negotiating, neither has yet accepted the other's offer, so a common intention to be bound cannot be definitively established at this stage."
34,3,3,1,"The essential terms are substantially agreed: vehicle identification (2019 Toyota Yaris), condition (excellent maintenance, accident-free, 65,000 km), and price is narrowing to a range of $17,200-$17,350."
34,3,4,,"Compliance with mandatory statutory provisions cannot be assessed without knowing the applicable jurisdiction and whether all required formalities (documentation, registration transfer, etc.) will be followed."
34,3,5,1,"Both parties are negotiating in good faith with transparent reasoning about market value, condition assessment, and budget constraints, demonstrating fair dealing."
34,3,6,1,"Both parties are consciously and freely making offers and counteroffers without evidence of coercion, duress, or lack of deliberation."
34,3,7,1,"The negotiation appears genuine with substantive discussion of the vehicle's condition and market value, showing no signs of a simulated or sham transaction."
34,3,8,1,"No evidence of error, deceit, or threat appears in this round; both parties provide honest information and reasoning for their positions."
34,4,1,1,"Both parties have clearly expressed mutual declarations of intent to conclude the contract at the price of $17,300."
34,4,2,1,"Both parties have demonstrated a common intention to be bound by the contract, with explicit agreement statements and commitment to proceed with paperwork."
34,4,3,1,"The essential terms are agreed upon: the vehicle (2019 Toyota Yaris), the price ($17,300), and the condition (documented maintenance history, accident-free status)."
34,4,4,,Compliance with mandatory statutory provisions cannot be determined from the negotiation transcript alone; this requires verification of legal formalities and jurisdiction-specific requirements.
34,4,5,1,"The negotiation demonstrates good faith and fair dealing, with both parties making reasonable compromises and acknowledging each other's positions professionally."
34,4,6,1,Both parties have consciously and freely decided to conclude the contract without evidence of coercion or undue pressure.
34,4,7,1,There is no indication that this is a simulated or sham transaction; both parties appear genuinely committed to completing the purchase and sale.
34,4,8,1,"No defects (error, deceit, or threat) are evident in either party's declarations of will during this round."
35,1,1,1,"Both parties have made clear declarations of intent with specific price offers ($16,500 and $17,500), demonstrating mutual willingness to negotiate."
35,1,2,1,"Both parties explicitly express intent to negotiate and work toward concluding a contract, with the seller inviting further discussion ('Would you like to work from there?')."
35,1,3,,"While price has been exchanged, agreement on essential terms (final price, payment terms, delivery, warranties, etc.) has not yet been reached."
35,1,4,,"No statutory compliance issues are apparent at this negotiation stage, but full assessment requires completion of contract terms."
35,1,5,1,Both parties conduct themselves in good faith with transparent reasoning for their positions and respectful engagement.
35,1,6,1,"Both parties demonstrate conscious and free decision-making, with the buyer initiating negotiations and the seller responding with reasoned counterarguments."
35,1,7,1,No indication of simulation or sham; both parties appear genuinely interested in negotiating a real vehicle sale.
35,1,8,1,"No evidence of error, deceit, or threat affecting either party's declarations of will in this round."
35,2,1,1,Both parties continue to express clear declarations of intent to negotiate and reach an agreement on the car sale.
35,2,2,1,"Both parties demonstrate a common intention to conclude a contract, as evidenced by their continued counteroffers and engagement in the negotiation process."
35,2,3,1,"The essential terms are being progressively clarified: the subject matter (2019 Yaris at 65,000 km with full maintenance records) and price range ($17,000-$17,250) are substantially agreed upon in principle."
35,2,4,,Compliance with mandatory statutory provisions cannot be assessed at this negotiation stage without knowing the jurisdiction and specific legal requirements for vehicle sales.
35,2,5,1,"Both parties are negotiating in good faith, providing transparent reasoning for their positions and making reasonable compromises without attempting to exploit or deceive."
35,2,6,1,"Both parties appear to be consciously and freely deciding to continue negotiations without evidence of coercion, duress, or undue pressure."
35,2,7,1,There is no indication that either party is engaging in a simulated or sham transaction; both are genuinely negotiating a car purchase.
35,2,8,1,"No evidence of error, deceit, or threat affecting either party's declarations of will; both parties are providing factual information and honest counteroffers."
35,3,1,1,"Both parties continue to express clear declarations of intent through their counteroffers, demonstrating mutual willingness to negotiate toward a contract."
35,3,2,1,"Both parties demonstrate a common intention to conclude a binding contract, as evidenced by their progressive narrowing of the price gap and continued engagement in good-faith negotiation."
35,3,3,1,"The essential terms are substantially agreed: the vehicle (2019 Yaris), mileage (65,000 km), condition (excellent with full maintenance records), and the price range is now narrowly defined between $17,100 and $17,250."
35,3,4,,Compliance with mandatory statutory provisions cannot be assessed without knowing the applicable jurisdiction's requirements for vehicle sales contracts.
35,3,5,1,"Both parties conduct the negotiation in good faith, with transparent reasoning, reasonable compromises, and fair dealing principles evident throughout the exchange."
35,3,6,1,"Both parties appear to be consciously and freely deciding to negotiate, with the buyer explicitly stating budget constraints and the seller making voluntary concessions."
35,3,7,1,There is no indication that either party is engaging in a simulated or sham transaction; both demonstrate genuine interest in concluding a real sale.
35,3,8,1,"No evidence of error, deceit, or threat appears in this round; both parties provide factual information and make voluntary offers without coercion."
35,4,1,1,"Both parties have clearly expressed their declarations of intent and will regarding the purchase at $17,200, with mutual agreement on price and willingness to proceed."
35,4,2,1,"Both parties explicitly demonstrate a common intention to conclude a binding contract and accept its legal effects, as evidenced by their agreement statements and commitment to finalize the sale."
35,4,3,1,"The essential terms are agreed upon: the subject matter (2019 Yaris with 65,000 km, full maintenance records, accident-free), the price ($17,200), and the parties' identities are established."
35,4,4,,"Compliance with mandatory statutory provisions cannot be determined from this negotiation transcript alone, as it depends on jurisdiction-specific requirements and documentation not yet addressed."
35,4,5,1,"The negotiation demonstrates good faith and fair dealing, with both parties making reasonable counteroffers, acknowledging each other's positions, and reaching a mutually acceptable compromise."
35,4,6,1,"Both parties have consciously and freely decided to conclude the contract without evidence of coercion, duress, or external pressure affecting their decision-making."
35,4,7,1,There is no indication that this is a simulated or sham transaction; both parties appear genuinely interested in completing a legitimate car purchase.
35,4,8,1,"Neither party's declarations of will show signs of error, deceit, or threat; both have made informed decisions based on disclosed information about the vehicle's condition and market value."
36,1,1,1,"Both parties have made clear declarations of intent with specific price offers ($16,500 from buyer, $16,800 from seller)."
36,1,2,,Common intention to be bound cannot yet be determined as the parties have not reached agreement on price.
36,1,3,,"Essential terms remain partially unresolved; while the vehicle is identified, the price is still under negotiation."
36,1,4,,Compliance with mandatory statutory provisions cannot be assessed until agreement is reached and contract formation is complete.
36,1,5,1,Both parties are negotiating in good faith with reasonable offers and transparent justifications for their positions.
36,1,6,1,Both parties appear to be consciously and freely deciding to negotiate without evidence of coercion or constraint.
36,1,7,1,There is no indication that either party is engaging in a simulated or sham transaction.
36,1,8,1,"No evidence of error, deceit, or threat affecting either party's declarations of will in this round."
36,2,1,1,Both parties continue to express clear declarations of intent to negotiate and potentially conclude a contract through their counteroffers.
36,2,2,1,"Both parties demonstrate a common intention to be bound by a contract, as evidenced by their willingness to negotiate terms and move toward agreement."
36,2,3,1,"The essential terms are being agreed upon: the vehicle (2019 Yaris, 65,000 km, well-maintained), and the price is converging ($16,750 offered, narrowing from initial $16,500-$17,200 range)."
36,2,4,,Compliance with mandatory statutory provisions cannot be assessed without knowing the jurisdiction and whether all required documentation and legal procedures are being followed.
36,2,5,1,"Both parties are negotiating in good faith with reasonable offers, transparent acknowledgment of the vehicle's condition, and fair compromise proposals."
36,2,6,1,"Both parties appear to be consciously and freely deciding to negotiate, with no evidence of coercion or lack of voluntary participation."
36,2,7,1,There is no indication that either party is engaging in a simulated or sham transaction; both appear genuinely interested in concluding a real sale.
36,2,8,1,"No defects (error, deceit, or threat) are apparent in either party's declarations; both are transparent about the vehicle's condition and making honest counteroffers."
36,3,1,1,Both parties have clearly expressed their declarations of intent and will to conclude a contract at the negotiated price.
36,3,2,1,"Both parties demonstrate a common intention to be bound by the contract, as evidenced by their explicit agreement and willingness to proceed with paperwork."
36,3,3,1,"The essential terms are agreed upon: the vehicle (2019 Yaris), the price ($16,750), and the condition/maintenance history are all clearly established."
36,3,4,,"Compliance with mandatory statutory provisions cannot be determined from this negotiation transcript alone, as it depends on jurisdiction-specific requirements."
36,3,5,1,"The negotiation demonstrates good faith and fair dealing, with both parties making reasonable compromises and acknowledging each other's positions."
36,3,6,1,Both parties have consciously and freely decided to conclude the contract without evidence of coercion or undue pressure.
36,3,7,1,There is no indication that this is a simulated or sham transaction; both parties appear genuinely committed to the sale.
36,3,8,1,"No defects such as error, deceit, or threat are evident in either party's declarations of will during this round."
37,1,1,1,"Both parties have made clear declarations of intent with specific offer prices ($16,500 and $17,500), demonstrating mutual willingness to negotiate."
37,1,2,1,Both parties explicitly acknowledge the negotiation process and indicate willingness to work toward a binding agreement on the vehicle sale.
37,1,3,1,"Essential terms are being addressed: the subject matter (2019 Yaris), mileage (65,000 km), condition, and price range ($16,500-$17,500) are clearly identified."
37,1,4,,Compliance with mandatory statutory provisions cannot be assessed at this preliminary negotiation stage without knowing the jurisdiction and specific legal requirements.
37,1,5,1,"Both parties conduct themselves in good faith, providing factual information about the vehicle's condition and justifying their positions reasonably."
37,1,6,1,"Both parties appear to be consciously and freely deciding to negotiate, with no evidence of coercion or lack of understanding."
37,1,7,1,"The negotiation appears genuine with substantive discussion of vehicle condition and market value, showing no signs of a simulated or sham transaction."
37,1,8,1,"No evidence of error, deceit, or threat is present; both parties provide transparent information and reasoning for their positions."
37,2,1,1,"Both parties have made clear declarations of intent in this round, with the seller accepting the buyer's offer of $17,000."
37,2,2,1,"Both parties explicitly demonstrate intention to conclude the contract and be bound by it, with the seller stating 'Let's finalize this deal' and marking 'agreed: true'."
37,2,3,1,"Essential terms are agreed upon: the vehicle (2019 Yaris, 65,000 km), the price ($17,000), and the parties have reached consensus on these main subject matters."
37,2,4,,"Compliance with mandatory statutory provisions cannot be determined from this negotiation transcript alone, as it depends on jurisdiction-specific requirements not addressed here."
37,2,5,1,"The negotiation demonstrates good faith and fair dealing, with both parties making reasonable concessions and acknowledging each other's positions respectfully."
37,2,6,1,Both parties appear to have consciously and freely decided to conclude the contract without evidence of coercion or undue pressure.
37,2,7,1,There is no indication that this is a simulated or sham transaction; both parties appear genuinely engaged in a legitimate vehicle sale.
37,2,8,1,"No evidence of error, deceit, or threat affecting either party's declarations of will in this round."
37,3,1,1,"Both parties have clearly expressed their declarations of intent and will, with the buyer offering $17,000 and the seller accepting this price."
37,3,2,1,"Both parties demonstrate a common intention to conclude a binding contract, as evidenced by their explicit agreement and commitment to proceed with finalization."
37,3,3,1,"The essential terms are agreed upon: the vehicle (2019 Yaris, 65,000 km), the price ($17,000), and the parties' identities are clear from context."
37,3,4,,"Compliance with mandatory statutory provisions cannot be determined from the negotiation transcript alone, as it depends on jurisdiction-specific requirements and documentation not yet visible."
37,3,5,1,"The negotiation demonstrates good faith and fair dealing, with both parties making reasonable concessions and acknowledging each other's positions professionally."
37,3,6,1,"Both parties have consciously and freely decided to conclude the contract at $17,000 without evidence of coercion or undue pressure."
37,3,7,1,There is no indication that this is a simulated or sham transaction; both parties appear genuinely committed to completing the sale.
37,3,8,1,"Neither party's declarations of will show signs of error, deceit, or threat; the negotiation is transparent and straightforward."
38,1,1,1,"Both parties have made clear declarations of intent with specific offer prices ($16,500 from buyer, $17,200 from seller)."
38,1,2,1,Both parties demonstrate intention to conclude a contract through active negotiation and willingness to discuss binding terms.
38,1,3,1,"Essential terms are being addressed: the subject matter (2019 Yaris), price range ($16,500-$17,200), and vehicle condition are clearly identified."
38,1,4,,Compliance with mandatory statutory provisions cannot be assessed without knowing the applicable jurisdiction and whether all legal formalities are being followed.
38,1,5,1,Both parties are negotiating in good faith with reasonable justifications for their positions and willingness to move toward agreement.
38,1,6,1,Both parties appear to be making conscious and free decisions without evidence of coercion or undue pressure in their statements.
38,1,7,1,There is no indication that either party is engaging in a simulated or sham transaction; both appear genuinely interested in concluding a sale.
38,1,8,1,"No evidence of error, deceit, or threat affecting either party's declarations of will in this round."
38,2,1,1,"Both parties continue to express clear declarations of intent to negotiate and potentially conclude a contract, with the buyer and seller each presenting counteroffers."
38,2,2,,"While both parties demonstrate willingness to negotiate, neither has yet accepted the other's offer, so a common intention to be bound cannot be definitively established at this stage."
38,2,3,1,"The essential term (price) is being actively negotiated with convergence ($400 gap), and other material terms (vehicle condition, mileage, maintenance history) remain consistent and agreed upon."
38,2,4,,Compliance with mandatory statutory provisions cannot be assessed until the parties reach agreement and the contract terms are finalized.
38,2,5,1,"Both parties demonstrate good faith and fair dealing through respectful communication, reasonable compromise offers, and transparent discussion of the vehicle's value."
38,2,6,1,Both parties appear to be consciously and freely deciding to continue negotiations without evidence of coercion or external pressure.
38,2,7,1,"The negotiations appear genuine with substantive discussion of vehicle condition and value, showing no indication of a simulated or sham transaction."
38,2,8,1,"No evidence of error, deceit, or threat affecting either party's declarations of will in this round of negotiation."
38,3,1,1,Both parties continue to express clear declarations of intent to negotiate and reach agreement on the car sale.
38,3,2,1,"Both parties demonstrate a common intention to conclude a binding contract, as evidenced by their continued engagement and movement toward agreement."
38,3,3,1,"The essential terms are being progressively agreed upon: the vehicle (2019 Toyota Yaris), condition, mileage, and price is narrowing toward consensus."
38,3,4,,"Compliance with mandatory statutory provisions cannot be determined from the negotiation transcript alone, as formal documentation and legal requirements are not yet addressed."
38,3,5,1,"Both parties are negotiating in good faith with transparent reasoning, reasonable compromises, and fair dealing principles evident throughout."
38,3,6,1,"Both parties demonstrate conscious and free decision-making, with the buyer explicitly stating satisfaction and readiness to move forward at $17,000."
38,3,7,1,There is no indication of simulation or sham; both parties appear genuinely interested in concluding an actual car sale transaction.
38,3,8,1,"No evidence of error, deceit, or threat affecting either party's declarations of will; the negotiation is transparent and straightforward."
39,1,1,1,"Both parties have made clear declarations of intent: the buyer offered $16,500 and the seller accepted that same price."
39,1,2,1,"Both parties explicitly indicate agreement and intention to be bound, with the seller stating 'we have a fair deal here' and marking agreed as true."
39,1,3,1,"Essential terms are agreed: the subject matter is a 2019 Yaris in specified condition, and the price is $16,500 with no conflicting terms."
39,1,4,,"Compliance with mandatory statutory provisions cannot be determined from this transcript alone, as it depends on jurisdiction-specific requirements not addressed here."
39,1,5,1,"The negotiation reflects good faith and fair dealing, with both parties acknowledging the vehicle's condition and agreeing on a mutually acceptable price."
39,1,6,1,Both parties appear to have consciously and freely decided to conclude the contract without evidence of coercion or undue pressure.
39,1,7,1,There is no indication that this is a simulated or sham transaction; both parties are genuinely negotiating a car sale.
39,1,8,1,"No defects such as error, deceit, or threat are evident in either party's declarations of will."
39,2,1,1,"Both parties have clearly declared their mutual intent to conclude the contract at the price of $16,500, with both marking 'agreed': true."
39,2,2,1,Both parties explicitly express their intention to be bound by the agreement and to proceed with finalization of the contract.
39,2,3,1,"The essential terms are agreed upon: the vehicle (2019 Yaris), the price ($16,500), and the condition/mileage have been discussed and accepted by both parties."
39,2,4,,Compliance with mandatory statutory provisions cannot be determined from the negotiation transcript alone; this requires verification of legal formalities and documentation.
39,2,5,1,"The negotiation demonstrates good faith and fair dealing, with both parties reaching a mutually satisfactory agreement without deception or unreasonable demands."
39,2,6,1,"Both parties have consciously and freely decided to conclude the contract at $16,500 without any indication of coercion or external pressure."
39,2,7,1,There is no indication that this is a simulated or sham transaction; both parties appear genuinely committed to completing the purchase.
39,2,8,1,"Neither party's declarations of will show signs of error, deceit, or threat; the agreement appears to be based on accurate information and voluntary consent."
40,1,1,1,"Both parties have made clear declarations of intent with specific offer prices ($16,500 and $17,200), demonstrating mutual willingness to negotiate."
40,1,2,1,"Both parties explicitly express intent to negotiate and conclude a contract, with the seller stating 'I'm open to negotiating' and the buyer initiating formal negotiations."
40,1,3,,"Essential terms like price remain in dispute; agreement on the main subject matter (the vehicle itself) is established, but the price term is not yet agreed upon."
40,1,4,,"No statutory compliance issues are apparent at this stage of negotiation, but final contract formation requirements cannot be fully assessed until all terms are settled."
40,1,5,1,"Both parties conduct themselves in good faith, providing transparent information about the vehicle's condition and engaging in reasonable, respectful negotiation."
40,1,6,1,"Both parties demonstrate conscious and free decision-making, with the buyer initiating based on market research and the seller responding with reasoned justification for their counteroffer."
40,1,7,1,No indication of simulation or sham; both parties appear to genuinely intend to negotiate and potentially conclude a real purchase transaction.
40,1,8,1,"No evidence of error, deceit, or threat; both parties provide factual information about the vehicle and make offers without coercion or misrepresentation."
40,2,1,1,"Both parties continue to express clear declarations of intent to negotiate and potentially conclude a contract, with the seller making a counter-offer at $16,950."
40,2,2,,"While both parties demonstrate willingness to negotiate, neither has yet accepted the other's offer, so a common intention to be bound cannot be definitively established at this stage."
40,2,3,1,"Essential terms are becoming increasingly aligned: the vehicle (2019 Yaris), mileage (65,000 km), condition (excellent), and price range ($16,800-$16,950) are all substantially agreed upon."
40,2,4,,Compliance with mandatory statutory provisions cannot be assessed until a final agreement is reached and documented.
40,2,5,1,"Both parties are negotiating in good faith with transparent reasoning, reasonable offers within market range, and mutual respect for each other's positions."
40,2,6,1,"Both parties demonstrate conscious and free decision-making, with the buyer conducting market research and the seller making reasoned counter-offers without coercion."
40,2,7,1,"The negotiation appears genuine with substantive discussion of vehicle condition, maintenance history, and market comparables, showing no signs of simulation."
40,2,8,1,"No evidence of error, deceit, or threat is present; both parties provide factual information and make voluntary offers."
40,3,1,1,"Both parties have made clear declarations of intent in this round, with the buyer proposing $16,800 and the seller responding with a counter-offer of $16,950."
40,3,2,,"While both parties are negotiating, it cannot yet be determined if they share a common intention to be legally bound, as no final agreement has been reached in this round."
40,3,3,,"The essential terms (price, vehicle identification) are being discussed but not yet fully agreed upon in this round, as the parties remain at different price points."
40,3,4,,Compliance with mandatory statutory provisions cannot be assessed at this negotiation stage without knowledge of applicable jurisdiction and formal contract documentation.
40,3,5,1,"Both parties are negotiating in good faith with transparent reasoning about market value and fair pricing, demonstrating fair dealing principles."
40,3,6,1,Both parties are consciously and freely making counter-proposals without evidence of coercion or constraint in this round.
40,3,7,,There is no indication of simulation or sham in this round; the negotiation appears genuine.
40,3,8,,"No defects such as error, deceit, or threat are evident in this round's declarations of will."
