run,round,criterion,label,justification
1,1,1,,"The parties are negotiating price and condition, but no mutual assent to a final contract is shown yet."
1,1,2,,There is no clear intention yet to be legally bound by a concluded sale contract.
1,1,3,,"Essential terms are still open, especially the final price and any sale details."
1,1,4,,Nothing indicates compliance or noncompliance with any mandatory statutory requirements at this stage.
1,1,5,1,The negotiation concerns a lawful car sale and shows no sign of bad faith or improper purpose.
1,1,6,1,Both sides are bargaining voluntarily and appear to be deciding the terms freely.
1,1,7,,"There is no indication that the discussion is a sham, but this cannot be confirmed from one round."
1,1,8,,"No error, deceit, or threat is apparent, but defects in consent cannot yet be ruled out."
1,2,1,1,"Both parties clearly expressed matching assent to the $16,000 price in the last round."
1,2,2,1,"The buyer said they were ready to proceed and the seller said 'Let’s proceed,' showing intent to be bound."
1,2,3,1,"The essential term, the vehicle price, was agreed at $16,000 for the identified car."
1,2,4,,The transcript does not provide enough information to assess compliance with mandatory legal requirements.
1,2,5,1,Nothing in the last round suggests unfairness or inconsistency with good faith and fair dealing.
1,2,6,1,"The messages indicate a conscious, voluntary negotiation and acceptance by both sides."
1,2,7,,"There is no indication that the deal is sham, but the transcript does not conclusively rule that out."
1,2,8,,"No error, deceit, or threat is apparent from the negotiation text, but this cannot be fully determined."
1,3,1,1,"Both parties clearly expressed assent to the $16,000 price in the last round."
1,3,2,1,The buyer and seller both stated they were ready to proceed and that they had a deal.
1,3,3,1,"The essential term, the car and its price of $16,000, was agreed in the last exchange."
1,3,4,,Nothing in the last round indicates any mandatory legal formalities or their fulfillment.
1,3,5,1,The agreed sale appears ordinary and consistent with good faith and fair dealing.
1,3,6,1,"The messages show a voluntary, explicit decision by both sides to conclude the sale."
1,3,7,,"There is no indication that this is a sham transaction, but the text does not let this be determined conclusively."
1,3,8,,"No error, deceit, or threat is apparent in the last round, but defects of will cannot be fully assessed from the transcript."
2,1,1,,The parties are still negotiating and have not yet expressed mutual consent to the same terms.
2,1,2,,There is no clear common intention yet to be legally bound by a concluded contract.
2,1,3,,"The essential term of price is still unsettled between $15,500 and $16,500/$15,000 floor."
2,1,4,,No mandatory legal formalities are discussed in this round.
2,1,5,1,The proposed sale appears ordinary and not contrary to good faith or social coexistence.
2,1,6,1,Both sides are negotiating voluntarily and openly on the car sale terms.
2,1,7,,"Nothing indicates a sham transaction, but that cannot be confirmed yet."
2,1,8,,"No error, deceit, or threat is apparent from the messages."
2,2,1,,The parties are still negotiating and have not expressed mutual assent to the same final terms in this round.
2,2,2,,There is no clear common intention yet to be legally bound by a concluded contract.
2,2,3,,"Price is still unsettled, so the essential terms are not yet fully agreed."
2,2,4,,No mandatory-form or statutory compliance issues are addressed in the transcript.
2,2,5,1,Nothing in the exchange suggests bad faith or an unlawful purpose.
2,2,6,1,Both sides appear to be negotiating voluntarily and without apparent coercion.
2,2,7,1,"The messages show genuine bargaining, not a sham transaction."
2,2,8,,"There is no indication of mistake, deceit, or threat, but none can be ruled out conclusively."
2,3,1,1,"Both parties clearly expressed matching assent to the $16,000 deal in the last round."
2,3,2,1,The seller stated acceptance and both sides indicated readiness to be bound if the car checks out.
2,3,3,1,"The essential terms are identified: the car, its condition basis, and the agreed price of $16,000."
2,3,4,,No information is provided about any mandatory formalities or statutory requirements.
2,3,5,1,Nothing in the exchange suggests unfairness or inconsistency with good faith and fair dealing.
2,3,6,1,"The messages show a voluntary, deliberate negotiation and acceptance without apparent coercion."
2,3,7,,"There is no indication that the agreement is a sham, but the transcript does not address this directly."
2,3,8,,"No error, deceit, or threat is evident from the last round, but none can be ruled out conclusively."
2,4,1,1,"Both parties expressly agreed to $16,000 in the last round."
2,4,2,,"They show intent to contract, but the agreement is still conditional on inspection and records."
2,4,3,1,"The essential term, the price for the identified 2019 Toyota Yaris, is agreed."
2,4,4,,"No mandatory legal formalities are discussed, so compliance cannot be assessed."
2,4,5,1,The deal appears ordinary and consistent with good faith and fair dealing.
2,4,6,1,Both sides state they are ready to proceed and finalize if the car matches the description.
2,4,7,,"There is no indication that this is a sham transaction, but it cannot be confirmed from the text."
2,4,8,,"No error, deceit, or threat is evident in the last round."
3,1,1,,"The parties have exchanged offers, but there is no mutual assent to the same terms yet."
3,1,2,,"They are negotiating price, but neither side has clearly manifested an intention to be legally bound now."
3,1,3,,"The essential term of price is not yet agreed, and other key terms are not finalized."
3,1,4,,Nothing in the exchange indicates any mandatory legal requirement has been satisfied or violated.
3,1,5,1,The negotiation appears ordinary and consistent with good faith and fair dealing.
3,1,6,1,Both sides are voluntarily negotiating and setting terms without any sign of coercion.
3,1,7,,"There is no indication that the discussion is a sham, but that cannot be determined from this round alone."
3,1,8,,"No error, deceit, or threat is apparent, but the record is insufficient to rule out defects in consent."
3,2,1,,"The last messages show bargaining, but no clear mutual assent to the same final terms yet."
3,2,2,,"The buyer expressed readiness to proceed at $15,500, but the seller countered at $16,000, so binding intent is not yet shared."
3,2,3,,The essential term of price is still unsettled because the parties have different figures.
3,2,4,,Nothing in the exchange indicates compliance or noncompliance with any mandatory legal formalities.
3,2,5,1,"The negotiation appears ordinary and in good faith, with no abusive or unlawful content."
3,2,6,1,Both parties are negotiating voluntarily and openly without any sign of coercion.
3,2,7,,"There is no indication that the discussion is a sham, but the parties have not yet clearly concluded a real contract."
3,2,8,,"No error, deceit, or threat is evident in the last round."
3,3,1,1,"Both parties clearly expressed matching assent to the $15,800 price in this round."
3,3,2,1,"The seller stated the price is acceptable and agreed to finalize today, showing intent to be bound."
3,3,3,1,"The essential term, the vehicle price, was agreed at $15,800."
3,3,4,,No information is provided about any mandatory legal formalities or statutory requirements.
3,3,5,1,Nothing in the exchange suggests unfairness or inconsistency with good faith and fair dealing.
3,3,6,1,The messages indicate both sides consciously and freely chose to finalize the deal.
3,3,7,,"There is no indication that the agreement is a sham, but the text does not conclusively establish this."
3,3,8,,"No error, deceit, threat, or other defect of consent is apparent from the transcript."
3,4,1,1,Both parties clearly accepted the same price in the last round.
3,4,2,1,They expressed an intention to finalize the purchase and be bound by the deal.
3,4,3,1,"The essential term, the car price, was agreed at $15,800."
3,4,4,,No facts indicate whether any mandatory legal formalities are required or satisfied.
3,4,5,1,The agreement appears ordinary and consistent with good faith and fair dealing.
3,4,6,1,The messages show a conscious and voluntary decision to finalize the purchase.
3,4,7,1,There is no indication that the deal is a sham transaction.
3,4,8,,"The transcript shows no error, deceit, or threat, but none can be conclusively assessed."
4,1,1,,The parties are still negotiating and have not yet expressed mutual assent to the same terms.
4,1,2,,There is no clear intention yet to be legally bound by a concluded contract in this round.
4,1,3,,"Price is discussed, but no final agreement on all essential terms is reached."
4,1,4,,No mandatory legal formalities are addressed in the negotiation text.
4,1,5,1,The proposed terms appear ordinary and consistent with good faith and fair dealing.
4,1,6,1,Both sides are negotiating voluntarily and without any sign of coercion.
4,1,7,,"Nothing indicates a sham transaction, but that cannot be determined from this round alone."
4,1,8,,"There is no evidence of error, deceit, or threat, but defects in consent cannot be ruled out."
4,2,1,,The parties are still exchanging offers and no mutual assent is shown in this round.
4,2,2,,"They discuss willingness to deal, but there is no clear final intention to be legally bound yet."
4,2,3,,"Price is still being negotiated, so the essential terms are not yet fully agreed."
4,2,4,,Nothing in the round indicates compliance or noncompliance with any mandatory formalities.
4,2,5,1,The proposed sale appears ordinary and consistent with good faith and fair dealing.
4,2,6,1,Both sides are negotiating openly and appear to be deciding freely.
4,2,7,,"There is no indication that the deal is sham, but that cannot be confirmed yet."
4,2,8,,"No error, deceit, or threat is evident from the messages, but this cannot be fully determined."
4,3,1,1,"Both parties expressly agreed to the $16,000 price in this round."
4,3,2,1,The buyer and seller clearly intended to be bound and proceed with the sale.
4,3,3,1,"The essential term, the car and its price, was agreed at $16,000."
4,3,4,,No information is provided about any mandatory formalities or statutory requirements.
4,3,5,1,Nothing in the exchange suggests an unlawful or bad-faith purpose or content.
4,3,6,1,The messages show a voluntary and conscious decision by both sides to conclude the deal.
4,3,7,1,There is no indication that the agreement is merely sham or simulated.
4,3,8,,"The transcript does not show any error, deceit, or threat affecting either declaration."
5,1,1,,The parties are still exchanging offers and have not yet expressed mutual assent to the same terms.
5,1,2,,There is no clear intention yet to be legally bound by a final agreement.
5,1,3,,"Price and vehicle details are discussed, but no final agreement on all essential terms is reached."
5,1,4,,Nothing in the exchange indicates compliance or noncompliance with any mandatory formal requirements.
5,1,5,1,The negotiation concerns a lawful car sale and shows no sign of bad faith or improper purpose.
5,1,6,1,Both sides appear to be negotiating voluntarily and without apparent coercion.
5,1,7,,"There is no indication that the discussion is a sham, but this cannot be confirmed yet."
5,1,8,,"No error, deceit, or threat is evident from the messages, but defects of will cannot be ruled out."
5,2,1,,The parties are still negotiating and have not yet expressed mutual assent on the same price.
5,2,2,,"The seller says they are ready to proceed if it works, but the buyer has not accepted this latest offer."
5,2,3,,"The essential terms are mostly identified, but the final agreed price is still unsettled."
5,2,4,,No mandatory legal formalities are discussed in the negotiation.
5,2,5,1,The proposed sale appears ordinary and consistent with good faith and fair dealing.
5,2,6,1,Both sides are bargaining voluntarily and without any sign of coercion.
5,2,7,0,"There is no indication of a sham transaction, but the round does not support concluding a real contract yet."
5,2,8,,"No error, deceit, or threat is evident from the latest exchange."
5,3,1,1,"The seller accepted the buyer’s $15,700 offer and both sides expressed assent."
5,3,2,1,"Both messages show an intention to be bound, with the seller stating “we have a deal.”"
5,3,3,1,"The essential terms are agreed: the specific car and the price of $15,700."
5,3,4,,No information is provided about any mandatory formalities or statutory requirements.
5,3,5,1,The deal concerns a lawful car sale and nothing suggests bad faith or unfair purpose.
5,3,6,1,The buyer and seller appear to negotiate and accept the price freely and consciously.
5,3,7,,"There is no indication that this is a sham transaction, but it cannot be determined conclusively."
5,3,8,,"No facts indicate error, deceit, or threat affecting either party’s declaration."
5,4,1,1,"Both parties expressly accepted the $15,700 price in the last round."
5,4,2,1,"The seller stated they are agreed and will prepare paperwork, showing intent to be bound."
5,4,3,1,"The essential terms are identified: the specific car and the agreed price of $15,700."
5,4,4,,No facts indicate whether any mandatory legal formalities have been satisfied.
5,4,5,1,"The deal appears ordinary and lawful, with no sign of bad faith or improper purpose."
5,4,6,1,The messages show both sides voluntarily and consciously chose to finalize the deal.
5,4,7,1,Nothing suggests the agreement is a sham; both sides treat it as real.
5,4,8,,"There is no indication of mistake, deceit, or threat, but none can be ruled out conclusively."
6,1,1,,The parties are still negotiating prices and have not yet expressed mutual assent to the same terms.
6,1,2,,There is no clear intention yet to be legally bound by a concluded contract in this round.
6,1,3,,Only the price and basic vehicle description are discussed; final agreement on all essential terms is not shown.
6,1,4,,Nothing in the exchange indicates compliance or noncompliance with any mandatory statutory formalities.
6,1,5,1,The negotiation concerns a lawful car sale and shows no sign of bad faith or socially unacceptable content.
6,1,6,1,Both sides appear to be bargaining voluntarily and without any sign of coercion.
6,1,7,,"There is no indication that the discussion is a sham, but the parties have not yet finalized a contract."
6,1,8,,"No mistake, deceit, or threat is evident from the messages, but this cannot be fully determined."
6,2,1,,The parties are still exchanging counteroffers and have not yet expressed mutual assent to the same terms.
6,2,2,,"There is interest in a deal, but no clear common intention to be legally bound on final terms yet."
6,2,3,,"Price is still unsettled, so the essential terms are not fully agreed."
6,2,4,,Nothing in the round indicates compliance or noncompliance with any mandatory statutory formalities.
6,2,5,1,The negotiation concerns a lawful car sale and shows no sign of bad faith or socially unacceptable content.
6,2,6,1,Both sides appear to be negotiating voluntarily and without any sign of coercion.
6,2,7,,"There is no indication that the discussion is a sham, but that cannot be confirmed from this round."
6,2,8,,"No error, deceit, or threat is evident in the latest exchange."
6,3,1,,The parties are still exchanging offers and have not both clearly accepted the same terms in this round.
6,3,2,,"There is no clear mutual intention yet to be legally bound, only ongoing price bargaining."
6,3,3,,"Price and vehicle are discussed, but no final agreement on all essential terms is reached in this round."
6,3,4,,Nothing in the transcript indicates compliance or noncompliance with any mandatory statutory formalities.
6,3,5,1,The negotiation concerns a lawful car sale and shows no sign of bad faith or socially improper content.
6,3,6,1,Both sides appear to be bargaining voluntarily and without any sign of coercion.
6,3,7,,"There is no indication that the exchange is a sham, but the parties have not yet concluded a contract."
6,3,8,,"No error, deceit, or threat is evident, but the text does not allow a definitive finding."
6,4,1,,The parties are still negotiating and have not both clearly accepted the same terms in this round.
6,4,2,,There is no clear mutual intention yet to be legally bound at a concluded price.
6,4,3,,The essential terms are not fully agreed because the buyer has not accepted the seller’s final price.
6,4,4,,"No mandatory legal formalities are discussed, so compliance cannot be assessed."
6,4,5,1,"The proposed sale appears ordinary and lawful, with no sign of bad faith or unfair purpose."
6,4,6,1,Both sides are bargaining openly and appear to be deciding freely on the price.
6,4,7,,"Nothing indicates a sham transaction, but the record is too limited to determine this conclusively."
6,4,8,,"There is no evidence of error, deceit, or threat in the latest exchange."
6,5,1,1,"Both parties clearly expressed assent to the $16,250 price in the last round."
6,5,2,1,"The buyer said they have a deal and the seller confirmed it, showing intent to be bound."
6,5,3,1,"The essential term, the vehicle and purchase price, is agreed upon in the last exchange."
6,5,4,,No information is provided about any mandatory formalities or statutory requirements.
6,5,5,1,The agreement concerns a lawful car sale and nothing in the round suggests bad faith or unfair purpose.
6,5,6,1,"The buyer stated they accept and the seller confirmed the deal, indicating a conscious and free decision."
6,5,7,,There is no indication that this is a sham transaction rather than a real sale.
6,5,8,,"The text does not show any error, deceit, or threat affecting either declaration of will."
7,1,1,,"The parties have exchanged offers, but there is no mutual assent to the same terms yet."
7,1,2,,They are negotiating and have not yet shown a common intention to be legally bound.
7,1,3,,"The essential term of price is still unsettled between $15,000 and $16,500."
7,1,4,,No mandatory legal formalities are discussed in this round.
7,1,5,1,Nothing in the exchange suggests bad faith or an unlawful purpose.
7,1,6,1,Both sides appear to be negotiating voluntarily and consciously.
7,1,7,1,There is no indication that the negotiation is a sham.
7,1,8,,"No error, deceit, or threat is evident from the messages."
7,2,1,,"The parties have exchanged offers, but the last round does not show mutual assent to the same price."
7,2,2,,"The seller says 'If that works, we have a deal,' but the buyer has not yet accepted this final offer."
7,2,3,,"The essential terms are mostly identified, but the final agreement on price is still missing."
7,2,4,1,Nothing in the round suggests any mandatory legal rule is being breached.
7,2,5,1,The proposed sale appears ordinary and consistent with good faith and fair dealing.
7,2,6,1,Both sides are negotiating voluntarily and there is no sign of coercion.
7,2,7,,"There is no indication that the negotiation is a sham, but this cannot be confirmed from the text alone."
7,2,8,,"No error, deceit, or threat is apparent, but the text does not allow a definitive finding."
7,3,1,1,"The buyer offered $15,700 and the seller expressly accepted that offer."
7,3,2,1,Both sides stated they were ready to proceed and that they have a deal.
7,3,3,1,"The essential terms are clear: the car is a 2019 Toyota Yaris and the price is $15,700."
7,3,4,,The transcript does not address any mandatory legal formalities or statutory requirements.
7,3,5,1,The agreed price and terms appear ordinary and consistent with good faith and fair dealing.
7,3,6,1,Both parties negotiated openly and voluntarily without any sign of coercion.
7,3,7,,"There is no indication that this is a sham transaction, but the parties' true intent cannot be fully verified from the text."
7,3,8,,"No error, deceit, or threat is apparent, but the transcript does not allow a definitive finding."
7,4,1,1,"Both parties expressly confirmed agreement at $15,700 in this round."
7,4,2,1,"They showed a clear intention to be bound, while only reserving final inspection and paperwork."
7,4,3,1,"The essential terms identified here are the car and the price, and both are agreed."
7,4,4,,No facts indicate any mandatory legal formalities or whether they are satisfied.
7,4,5,1,The deal concerns a lawful car sale and nothing suggests bad faith or unfair purpose.
7,4,6,1,"The messages show a voluntary, conscious decision by both sides to proceed."
7,4,7,1,There is no indication that the agreement is merely sham or simulated.
7,4,8,,"The transcript does not show any error, deceit, or threat affecting either declaration."
8,1,1,,"The parties exchanged offers and information, but there is no mutual assent to the same price yet."
8,1,2,,"They are negotiating with intent to contract, but no final commitment to be legally bound is shown."
8,1,3,,"The essential term of price remains unsettled between $15,500 and $16,500."
8,1,4,,Nothing in the exchange indicates compliance or noncompliance with any mandatory statutory formalities.
8,1,5,1,The negotiation concerns a lawful car sale and shows no sign of bad faith or improper purpose.
8,1,6,1,Both sides are bargaining voluntarily and appear free to decide whether and on what terms to contract.
8,1,7,,There is no indication that either side is pretending to negotiate without real intent.
8,1,8,,"No error, deceit, or threat is apparent from the messages."
8,2,1,,The parties are still exchanging offers and have not reached mutual assent on the same price.
8,2,2,,There is no clear intention yet to be legally bound by a concluded contract in this round.
8,2,3,,"The essential term of price remains unsettled, with buyer at $15,500 and seller at $16,000."
8,2,4,,No mandatory formalities or statutory compliance issues are addressed in the negotiation text.
8,2,5,1,The proposed deal concerns a lawful car sale and nothing suggests bad faith or socially unacceptable content.
8,2,6,1,Both sides appear to negotiate voluntarily and without any sign of coercion.
8,2,7,,There is no indication that either side is making a sham or simulated declaration.
8,2,8,,"The transcript contains no evidence of mistake, deceit, or threat affecting either declaration."
8,3,1,1,"Both parties expressly agreed to the $16,000 price in this round."
8,3,2,1,"The messages show a clear intention to be bound, subject only to the inspection condition."
8,3,3,1,"The essential terms identified here are the car and the price, and both are agreed."
8,3,4,,No facts indicate any mandatory legal formalities or compliance issues.
8,3,5,1,Nothing in the exchange suggests unfairness or inconsistency with good faith.
8,3,6,1,Both sides appear to have decided freely and consciously to proceed.
8,3,7,,"There is no indication that the deal is a sham, but this cannot be confirmed from the text alone."
8,3,8,,"No error, deceit, or threat is mentioned in the negotiation."
9,1,1,0,"The parties have not reached mutual consent on the price, as the seller rejected the buyer’s offer and made a counteroffer."
9,1,2,0,"There is no common intention yet to conclude a binding contract, only ongoing negotiations."
9,1,3,,The essential terms are not fully agreed because the price remains unsettled.
9,1,4,,No mandatory statutory issue is indicated in the negotiation text.
9,1,5,1,Nothing in the exchange suggests an unlawful or bad-faith purpose or content.
9,1,6,1,Both sides are negotiating voluntarily and consciously.
9,1,7,1,There is no indication that the exchange is a sham transaction.
9,1,8,,"No error, deceit, or threat is apparent from the messages."
9,2,1,1,"Both parties clearly expressed matching assent to $15,000 in the last round."
9,2,2,1,"The seller explicitly said that if the buyer meets $15,000, they have a deal, showing intent to be bound."
9,2,3,1,"The essential terms are identified: the specific 2019 Toyota Yaris and the price of $15,000."
9,2,4,,No information is provided about any mandatory formalities or statutory requirements.
9,2,5,1,"The negotiated sale appears ordinary and lawful, with no indication of bad faith or unfair purpose."
9,2,6,1,"The messages show a voluntary, deliberate negotiation by both sides."
9,2,7,,"There is no indication that this is a sham transaction, but the transcript does not conclusively rule it out."
9,2,8,,"No error, deceit, or threat is evident in the last round, but none can be definitively excluded."
9,3,1,1,"Both parties expressly agreed to the $15,000 price in the last round."
9,3,2,1,The messages show a clear intention to be bound and to finalize the sale.
9,3,3,1,The essential terms are identified: the specific 2019 Toyota Yaris and the agreed price.
9,3,4,,No information is provided about any mandatory formalities or statutory requirements.
9,3,5,1,Nothing in the exchange suggests bad faith or an unlawful purpose.
9,3,6,1,Both sides appear to have decided freely and consciously to conclude the deal.
9,3,7,,"There is no indication that the agreement is a sham, but this cannot be fully determined from the text."
9,3,8,,"The transcript does not show any error, deceit, or threat affecting either declaration."
10,1,1,,"The parties exchanged offers and responses, but no mutual assent is yet clearly formed."
10,1,2,,"They are negotiating price, but there is no clear intention yet to be legally bound."
10,1,3,,The essential term of price is still unsettled because the seller has not accepted the buyer’s offer.
10,1,4,,Nothing indicates any mandatory legal formalities are satisfied or violated at this stage.
10,1,5,1,The negotiation concerns a lawful car sale and shows no sign of bad faith or improper purpose.
10,1,6,1,Both sides appear to be negotiating voluntarily and consciously.
10,1,7,,"There is no indication that the discussion is a sham, but this cannot be confirmed yet."
10,1,8,,"No error, deceit, or threat is apparent from the messages, but defects cannot be ruled out."
10,2,1,,The parties are still negotiating and have not yet shown mutual assent to the same final terms in this round.
10,2,2,,"The seller says the deal can be confirmed if the buyer is ready, but the buyer has not accepted the $15,800 price."
10,2,3,,"Price and vehicle details are discussed, but there is no clear final agreement on all essential terms yet."
10,2,4,,Nothing in the exchange indicates compliance or noncompliance with any mandatory statutory formalities.
10,2,5,1,"The proposed terms appear ordinary and lawful, with no sign of bad faith or socially unacceptable content."
10,2,6,1,Both sides are bargaining openly and appear to be deciding freely on the deal terms.
10,2,7,,There is no indication that either side is pretending or that the negotiation is merely sham.
10,2,8,,"No error, deceit, or threat is evident in the last round of messages."
10,3,1,1,"Both parties expressly agreed to the $15,800 sale in this round."
10,3,2,1,They showed a clear intention to be bound by the deal and finalize it.
10,3,3,1,"The essential terms, especially the car and price, are sufficiently agreed."
10,3,4,,No information is given about any mandatory legal formalities or compliance.
10,3,5,1,The agreement appears ordinary and consistent with good faith and fair dealing.
10,3,6,1,The messages show a conscious and voluntary decision to proceed with the sale.
10,3,7,,"There is no indication that this is a sham transaction, but it cannot be determined conclusively."
10,3,8,,"No error, deceit, or threat is apparent, but the text does not fully exclude defects of consent."
11,1,1,,"The parties have exchanged offers, but there is no mutual assent to the same terms yet."
11,1,2,,"They are negotiating, but neither side has clearly expressed a final intention to be legally bound."
11,1,3,,"The essential term of price is still unsettled between $15,500 and $16,500."
11,1,4,,No mandatory legal formalities are discussed in the transcript.
11,1,5,1,Nothing in the messages suggests an unlawful or bad-faith purpose.
11,1,6,1,Both sides appear to be negotiating voluntarily and consciously.
11,1,7,,"There is no indication that the deal is a sham, but this cannot be confirmed yet."
11,1,8,,"No error, deceit, or threat is evident from the exchange."
11,2,1,,"The parties have exchanged offers, but the last round does not show mutual assent to the same price."
11,2,2,,"The seller indicates willingness to deal at $16,500, but the buyer has not accepted that term yet."
11,2,3,0,"The essential term of price is still unsettled because the buyer offered $16,000 and the seller held at $16,500."
11,2,4,,No mandatory legal formalities are discussed in the negotiation text.
11,2,5,1,The subject matter and terms appear ordinary and consistent with good faith dealing.
11,2,6,1,Both sides are negotiating voluntarily and openly without any sign of coercion.
11,2,7,,"There is no indication that the negotiation is a sham, but this cannot be confirmed from the text."
11,2,8,,"No error, deceit, or threat is evident in the last round."
11,3,1,1,"The buyer and seller both clearly expressed assent to the $16,250 price in the last round."
11,3,2,1,"Both messages show an intention to be bound, with the seller stating 'We’re agreed' and the buyer ready to proceed."
11,3,3,1,"The essential term, the vehicle and purchase price of $16,250, is identified and accepted."
11,3,4,,The transcript does not indicate any mandatory legal formalities or whether they were satisfied.
11,3,5,1,Nothing in the last round suggests bad faith or content contrary to social coexistence.
11,3,6,1,The parties appear to negotiate and accept the price freely and consciously.
11,3,7,1,There is no indication that the deal is a sham transaction.
11,3,8,,"No facts suggest error, deceit, or threat, but none can be conclusively ruled out from the text."
11,4,1,1,"Both parties expressly agreed to the $16,250 price in the last round."
11,4,2,1,The messages show a clear intent to conclude the sale and be bound by it.
11,4,3,1,"The essential term, the purchase price, was settled at $16,250."
11,4,4,,The transcript does not address any mandatory legal formalities or statutory requirements.
11,4,5,1,The agreed car sale at a negotiated market price appears consistent with good faith and fair dealing.
11,4,6,1,"Both sides stated they were ready to proceed, indicating a conscious and free decision."
11,4,7,1,Nothing in the exchange suggests the agreement is a sham transaction.
11,4,8,,"There is no indication of error, deceit, or threat, but none can be ruled out from the text alone."
12,1,1,,"The parties exchanged offers, but there is no mutual assent to the same price yet."
12,1,2,,They are negotiating and have not clearly shown a shared intention to be legally bound.
12,1,3,,The essential term of price is still unsettled because the seller counteroffered.
12,1,4,,No mandatory legal formalities are discussed in the negotiation.
12,1,5,1,Nothing in the exchange suggests an unlawful or bad-faith purpose.
12,1,6,1,Both sides appear to be negotiating voluntarily and without coercion.
12,1,7,,"There is no indication that the discussion is a sham, but this cannot be confirmed yet."
12,1,8,,"No error, deceit, or threat is apparent from the messages, but defects cannot be ruled out."
12,2,1,,"The last messages show ongoing bargaining, but no final mutual assent is yet expressed."
12,2,2,,"The parties discuss proceeding if the price works, but there is no clear intention to be legally bound yet."
12,2,3,,"The essential term of price is still unsettled, as the seller counteroffers $16,000 and the buyer has not accepted."
12,2,4,,Nothing in the exchange indicates any mandatory legal requirement has been addressed or breached.
12,2,5,1,"The negotiation appears ordinary and in good faith, with no abusive or unlawful content."
12,2,6,1,Both sides are bargaining voluntarily and openly based on stated preferences and offers.
12,2,7,,"There is no indication that the negotiation is a sham, but the record is insufficient to confirm that."
12,2,8,,"No error, deceit, or threat is apparent, but the transcript does not allow a definitive finding."
12,3,1,1,"Both parties clearly expressed assent to the $16,000 price in the last round."
12,3,2,1,"The buyer and seller both stated they are ready to proceed and have a deal, showing intent to be bound."
12,3,3,1,"The essential term of the sale price was agreed at $16,000 for the identified 2019 Toyota Yaris."
12,3,4,,The transcript does not provide enough information about any mandatory legal formalities or statutory compliance.
12,3,5,1,Nothing in the last round suggests unfairness or inconsistency with good faith and fair dealing.
12,3,6,1,Both sides appear to have negotiated and accepted the terms voluntarily and consciously.
12,3,7,,"There is no indication that this is a sham transaction, but the transcript does not allow a definitive determination."
12,3,8,,"No error, deceit, or threat is evident in the last round, but defects of consent cannot be fully ruled out from the text."
13,1,1,,"The parties are still exchanging offers and information, so mutual consent to a final contract is not yet clear."
13,1,2,,There is no clear intention yet to be legally bound by a concluded sale agreement.
13,1,3,,"The essential term of price is still unsettled, with buyer at $15,500 and seller at $16,800/$15,000 floor."
13,1,4,,No mandatory formalities or statutory compliance issues are addressed in this negotiation round.
13,1,5,,Nothing in the exchange suggests bad faith or an unlawful purpose.
13,1,6,,"Both sides are negotiating voluntarily, but a final conscious decision to contract has not yet been shown."
13,1,7,,There is no indication that the discussion is a sham transaction.
13,1,8,,"No error, deceit, or threat is apparent from the messages."
13,2,1,,The parties are still negotiating and have not both clearly expressed final consent to the same terms in this round.
13,2,2,,"There is an intention to close if the price is met, but no mutual binding commitment has been formed yet."
13,2,3,,"The main subject matter is identified as a Toyota Yaris, but the final agreed price is still unsettled."
13,2,4,,Nothing in the exchange indicates compliance or noncompliance with any mandatory legal formalities.
13,2,5,1,"The proposed sale appears ordinary and lawful, with no sign of bad faith or socially unacceptable purpose."
13,2,6,1,Both sides are negotiating openly and appear to be deciding freely on the terms.
13,2,7,,"There is no indication that this is a sham transaction, but the transcript does not address that directly."
13,2,8,,"No error, deceit, or threat is apparent, but the record is insufficient to rule out defects conclusively."
13,3,1,1,"Both parties clearly expressed assent to proceed at $15,800 if the car checks out in person."
13,3,2,1,"The buyer and seller showed a shared intention to be bound by a sale at the stated price, subject to inspection."
13,3,3,,"The essential terms are mostly clear, but the final agreement is still conditional on the in-person check."
13,3,4,,No information is provided about any mandatory legal formalities for this car sale.
13,3,5,1,Nothing in the exchange suggests unfairness or inconsistency with good faith and fair dealing.
13,3,6,1,The messages indicate both sides voluntarily negotiated and accepted the price without apparent coercion.
13,3,7,,"There is no indication that the deal is sham, but the text does not conclusively rule it out."
13,3,8,,"No error, deceit, or threat is apparent from the negotiation transcript."
13,4,1,1,"Both parties clearly expressed assent to the $15,800 deal in this round."
13,4,2,1,"They showed an intention to be bound, subject only to a routine in-person check."
13,4,3,1,"The essential terms, namely the car and the price, are sufficiently agreed."
13,4,4,,No facts indicate whether any mandatory legal formalities are required or satisfied.
13,4,5,1,The agreed terms appear lawful and consistent with good faith and fair dealing.
13,4,6,1,The messages show a conscious and voluntary decision to proceed with the sale.
13,4,7,,"There is no indication that this is a sham transaction, but it cannot be determined conclusively."
13,4,8,,"No error, deceit, or threat is apparent from the negotiation text."
14,1,1,0,The parties have not reached mutual consent on a final price or contract terms.
14,1,2,0,There is no clear intention yet to be legally bound by a concluded sale contract.
14,1,3,0,"The essential term of price remains unsettled, so no agreement on the main subject matter exists."
14,1,4,,No mandatory-form or statutory compliance issues are addressed in the negotiation.
14,1,5,1,The proposed car sale appears lawful and consistent with good faith on its face.
14,1,6,1,Both sides are negotiating voluntarily and consciously.
14,1,7,,Nothing indicates whether the exchange is a sham or a genuine negotiation.
14,1,8,,"There is no evidence of mistake, deceit, or threat affecting either declaration."
14,2,1,,"The parties have exchanged offers, but no mutual assent to the same price is shown in this round."
14,2,2,,"The buyer indicates readiness to move forward only if the seller accepts $16,000, while the seller counters at $16,300."
14,2,3,,"The vehicle is identified, but there is no agreement on the essential term of price in the last round."
14,2,4,,Nothing in the transcript indicates compliance or noncompliance with any mandatory statutory formalities.
14,2,5,1,The negotiation concerns a lawful car sale and shows no sign of bad faith or socially unacceptable content.
14,2,6,1,Both sides appear to be negotiating voluntarily and consciously without any indication of coercion or incapacity.
14,2,7,,"There is no indication that the discussion is a sham, but the parties have not yet reached a binding agreement."
14,2,8,,"No error, deceit, or threat is evident in the last round, but defects of will cannot be fully assessed."
14,3,1,1,Both parties expressly agreed to the same price and terms in the last round.
14,3,2,1,The buyer and seller both stated they are ready to proceed and be bound by the deal.
14,3,3,1,"They agreed on the essential subject matter and price: the 2019 Toyota Yaris for $16,300."
14,3,4,,No information is provided about any mandatory legal formalities or statutory requirements.
14,3,5,1,The deal concerns a lawful car sale and nothing in the round suggests bad faith or unfair purpose.
14,3,6,1,The messages show a voluntary negotiation and explicit acceptance without any sign of coercion.
14,3,7,,"There is no indication that the agreement is a sham, but the text does not conclusively rule that out."
14,3,8,,"No error, deceit, or threat is apparent in the last round, but defects of will cannot be fully assessed from the transcript."
15,1,1,,"The parties have exchanged offers, but there is no mutual assent to the same terms yet."
15,1,2,,"They show willingness to negotiate, but no clear common intention to be legally bound on a final deal."
15,1,3,,"The subject matter and price are identified, but no agreement on the final price exists."
15,1,4,,No mandatory-form or statutory compliance issues are indicated in the transcript.
15,1,5,1,The proposed sale of a used car appears lawful and consistent with good faith on the face of the exchange.
15,1,6,,"Both sides negotiate voluntarily, but the round does not yet show a conscious decision to conclude the contract."
15,1,7,,There is no indication that either side is making a sham declaration.
15,1,8,,"No error, deceit, or threat is apparent from the messages."
15,2,1,1,"The seller accepted the buyer’s $16,000 offer, showing mutual consent in this round."
15,2,2,1,"Both sides expressed an intention to proceed and complete the purchase promptly, indicating intent to be bound."
15,2,3,1,"The essential term, the price of $16,000 for the car, was agreed upon in this round."
15,2,4,,The transcript does not address any mandatory legal formalities or statutory requirements.
15,2,5,1,Nothing in the exchange suggests unfairness or inconsistency with good faith and fair dealing.
15,2,6,1,The messages show a voluntary negotiation and acceptance without any sign of coercion.
15,2,7,,"There is no indication that the deal is a sham, but the transcript does not conclusively establish this."
15,2,8,,"No error, deceit, or threat is evident, but the transcript does not rule out hidden defects in consent."
15,3,1,1,"Both parties expressly accepted the $16,000 price in the last round."
15,3,2,1,The seller and buyer both stated that they have a deal and will proceed with paperwork and payment.
15,3,3,1,"The essential terms are identified: the car, the price, and the intent to complete the sale."
15,3,4,,The transcript does not provide enough information about any mandatory legal formalities or compliance.
15,3,5,1,Nothing in the last round suggests unfairness or a purpose contrary to good faith.
15,3,6,1,Both sides appear to have freely and consciously agreed to the transaction.
15,3,7,,"There is no indication that the deal is a sham, but the transcript does not conclusively rule that out."
15,3,8,,"No error, deceit, or threat is mentioned in the negotiation."
16,1,1,,"The parties have exchanged offers, but there is no mutual assent to the same price yet."
16,1,2,,They are negotiating with no clear final intention to be legally bound on agreed terms.
16,1,3,,The essential term of price is still unsettled because the buyer has not accepted the seller’s counteroffer.
16,1,4,,Nothing indicates compliance or noncompliance with any mandatory statutory formalities at this stage.
16,1,5,1,The proposed sale of a used car appears lawful and consistent with good faith on the face of the exchange.
16,1,6,1,Both sides are negotiating voluntarily and consciously without any sign of coercion.
16,1,7,,"There is no indication that the negotiation is a sham, but that cannot be confirmed yet."
16,1,8,,"No error, deceit, or threat is apparent, but the record is too limited to rule it out definitively."
16,2,1,1,"The buyer made a clear offer of $16,000 and the seller expressly accepted it."
16,2,2,1,Both sides indicated they were ready to move forward and the seller said they were happy to conclude the deal.
16,2,3,1,"The essential terms are identified: the specific car (2019 Toyota Yaris) and the price of $16,000."
16,2,4,,The transcript does not address any mandatory legal formalities or statutory requirements.
16,2,5,1,Nothing in the exchange suggests unfairness or inconsistency with good faith and fair dealing.
16,2,6,1,The messages show a voluntary negotiation and an explicit willingness to proceed.
16,2,7,,"There is no indication that the deal is a sham, but the transcript does not conclusively establish this."
16,2,8,,"No error, deceit, or threat is apparent in the last round, but none can be definitively ruled out from the text alone."
16,3,1,1,"Both parties expressly agreed to the $16,000 price in the last round."
16,3,2,1,"The buyer and seller both stated they are happy to move forward, showing intent to be bound."
16,3,3,1,"The essential term of price was agreed at $16,000 for the identified car."
16,3,4,,The transcript does not address any mandatory legal formalities or statutory requirements.
16,3,5,1,Nothing in the last round suggests unfairness or inconsistency with good faith and fair dealing.
16,3,6,1,"Both declarations appear conscious and voluntary, with no sign of coercion or lack of freedom."
16,3,7,,There is no indication that the agreement is a sham rather than a genuine deal.
16,3,8,,"The text shows no error, deceit, or threat affecting either party's declaration."
17,1,1,,"The parties have exchanged offers, but there is no mutual assent to the same price yet."
17,1,2,,"They show willingness to negotiate, but no clear intention to be legally bound by a final contract is expressed."
17,1,3,,"The essential terms are only partially discussed, and the final agreed price is still unresolved."
17,1,4,,No mandatory formalities are addressed in the negotiation text.
17,1,5,1,The proposed sale of a car appears lawful and consistent with good faith on its face.
17,1,6,1,Both sides are negotiating voluntarily and without any sign of coercion.
17,1,7,,"There is no indication that the exchange is a sham, but this cannot be confirmed yet."
17,1,8,,"No error, deceit, or threat is apparent, but the text does not conclusively rule them out."
17,2,1,,The parties are still exchanging offers and have not clearly expressed mutual assent to the same final terms.
17,2,2,,"They discuss willingness to proceed, but there is no clear common intention yet to be legally bound by a concluded contract."
17,2,3,,"Price and vehicle condition are discussed, but no final agreement on all essential terms is reached in this round."
17,2,4,,Nothing in the transcript indicates compliance or noncompliance with any mandatory statutory formalities.
17,2,5,1,The negotiation concerns a lawful car sale and shows no sign of bad faith or socially unacceptable content.
17,2,6,1,Both sides are negotiating voluntarily and explicitly indicate readiness to continue or finalize.
17,2,7,,"There is no indication that the deal is a sham, but the text does not allow a definite conclusion."
17,2,8,,"No error, deceit, or threat is mentioned in the latest exchange."
17,3,1,1,"Both parties clearly accepted the $16,000 price and expressed assent to the deal."
17,3,2,1,"The buyer and seller both stated they are happy to proceed and have a deal, showing intent to be bound."
17,3,3,1,"The essential terms are agreed: the car is identified as a Toyota Yaris and the price is fixed at $16,000."
17,3,4,,No facts indicate whether any mandatory legal formalities are required or satisfied.
17,3,5,1,"Nothing in the exchange suggests unfairness, bad faith, or a socially improper purpose."
17,3,6,1,The messages show both sides consciously and freely chose to finalize the transaction.
17,3,7,,"There is no indication that this is a sham transaction, but the transcript does not expressly address it."
17,3,8,,"No error, deceit, or threat is apparent, but the transcript does not conclusively rule them out."
18,1,1,,"The parties have exchanged offers, but no mutual assent to the same terms is shown yet."
18,1,2,,"They are negotiating price and vehicle condition, but there is no clear intention yet to be legally bound."
18,1,3,,The essential terms are not fully agreed because the final price remains unsettled.
18,1,4,,"Nothing indicates a mandatory legal form or compliance issue, so this cannot be assessed from the dialogue."
18,1,5,1,The proposed sale of a car on ordinary terms does not appear contrary to good faith or social coexistence.
18,1,6,1,Both sides are negotiating voluntarily and appear free to decide whether to contract.
18,1,7,,"There is no indication that the negotiation is a sham, but that cannot be confirmed from this round."
18,1,8,,"No error, deceit, or threat is evident in the exchanged messages."
18,2,1,1,"Both parties clearly expressed matching intent on the $16,000 price subject to service records at viewing."
18,2,2,1,"The seller explicitly agreed to be bound at $16,000 if the stated condition is met."
18,2,3,1,"The essential terms identified here are the car and price, and both are sufficiently agreed in this round."
18,2,4,,No facts indicate any mandatory legal formalities or noncompliance issues in this negotiation round.
18,2,5,1,Nothing in the exchange suggests bad faith or an unlawful purpose.
18,2,6,1,The messages show voluntary bargaining and a conscious decision to proceed if records are provided.
18,2,7,,"There is no indication that this is a sham transaction, but the transcript does not address that directly."
18,2,8,,"No error, deceit, or threat is apparent from the last round."
18,3,1,1,"Both parties clearly accepted the $16,000 price in the last round."
18,3,2,1,The messages show an intention to proceed and be bound by the agreed sale terms.
18,3,3,1,"The essential term, the vehicle and price, is identified and agreed upon."
18,3,4,,No information is given about any mandatory legal formalities for this sale.
18,3,5,1,The agreement concerns a normal lawful car sale and shows no sign of bad faith.
18,3,6,1,Both sides expressly and voluntarily stated they are happy to proceed.
18,3,7,,"There is no indication that this is a sham transaction, but it cannot be confirmed from the text alone."
18,3,8,,"No error, deceit, or threat is apparent in the last round, but defects of will cannot be fully ruled out."
19,1,1,,"The parties have exchanged offers, but there is no mutual assent to the same price yet."
19,1,2,,They are negotiating and have not shown a shared intention to be legally bound by a final deal.
19,1,3,,"The essential term of price is still unsettled between $15,500 and $16,500."
19,1,4,,No mandatory legal formalities are discussed in this negotiation round.
19,1,5,1,Nothing in the proposed sale suggests a breach of good faith or social coexistence.
19,1,6,1,Both sides appear to be negotiating voluntarily and without any sign of coercion.
19,1,7,,There is no indication that either statement is a sham transaction.
19,1,8,,"The transcript shows no error, deceit, or threat affecting either declaration."
19,2,1,,The parties are still exchanging counteroffers and have not yet shown mutual assent to the same price.
19,2,2,,"The seller says 'If that works, we have a deal,' but the buyer has not accepted this final offer yet."
19,2,3,,"The essential subject matter is identified as a 2019 Toyota Yaris, but the final agreed price is still unsettled."
19,2,4,,Nothing in the last round indicates compliance or noncompliance with any mandatory statutory formalities.
19,2,5,,There is no indication that the proposed terms conflict with good faith or fair dealing.
19,2,6,,"The messages suggest voluntary bargaining, but free and conscious final consent is not yet established."
19,2,7,,There is no evidence that the negotiation is a sham transaction.
19,2,8,,"No error, deceit, or threat is apparent in the last round of messages."
19,3,1,1,"Both parties expressly accepted the $16,250 price in this round."
19,3,2,1,The buyer and seller both stated that they have a deal and will proceed.
19,3,3,1,"The essential term, the vehicle and purchase price, is agreed upon."
19,3,4,,No information is given about any mandatory legal formalities or statutory requirements.
19,3,5,1,The agreed sale of a car at a stated price appears lawful and consistent with fair dealing.
19,3,6,1,The messages show a conscious and voluntary decision to conclude the deal.
19,3,7,,"There is no indication that this is a sham transaction, but the text does not address that explicitly."
19,3,8,,"No error, deceit, or threat is mentioned in the negotiation."
20,1,1,,"The parties have exchanged offers, but there is no mutual assent to the same price yet."
20,1,2,,"They are negotiating with intent to reach a deal, but no clear final commitment to be bound is shown."
20,1,3,,"The essential term of price is still unsettled between $15,000 and $16,500."
20,1,4,,No mandatory legal formalities are discussed in the negotiation.
20,1,5,1,The proposed sale of a car appears lawful and consistent with good faith on its face.
20,1,6,1,Both sides are bargaining voluntarily and consciously over the terms.
20,1,7,,There is no indication that either statement is merely sham or not intended seriously.
20,1,8,,"No error, deceit, or threat is evident from the messages provided."
20,2,1,,The parties are still exchanging offers and have not yet expressed mutual assent to the same terms.
20,2,2,,There is no clear indication yet that both sides intend to be legally bound by a concluded sale contract.
20,2,3,,"Price and vehicle details are discussed, but no final agreement on all essential terms has been reached."
20,2,4,,Nothing in the round indicates compliance or noncompliance with any mandatory statutory formalities.
20,2,5,1,The negotiation concerns a lawful car sale on ordinary terms and shows no sign of bad faith or socially unacceptable purpose.
20,2,6,1,"Both sides are bargaining openly and voluntarily, with no sign of coercion or lack of free decision-making."
20,2,7,,There is no basis to assess whether the exchange is a sham rather than a genuine negotiation.
20,2,8,,"The transcript shows no clear error, deceit, or threat affecting either party's declarations."
20,3,1,1,"Both parties clearly expressed agreement to the $16,000 sale in this round."
20,3,2,1,The messages show an intention to enter into a binding sale and proceed with the transaction.
20,3,3,1,"The essential terms, especially the car and the price, are agreed upon."
20,3,4,,No facts indicate whether any mandatory legal formalities are required or satisfied.
20,3,5,1,The agreed sale appears ordinary and consistent with good faith and fair dealing.
20,3,6,1,Both sides appear to have decided freely and consciously to conclude the deal.
20,3,7,1,There is no indication that the exchange is merely a sham transaction.
20,3,8,,"The transcript shows no clear error, deceit, or threat, but this cannot be fully determined."
21,1,1,,"The parties have exchanged offers, but there is no mutual assent to the same terms yet."
21,1,2,,"They are negotiating price and vehicle condition, but no final intention to be legally bound is expressed."
21,1,3,,The essential terms are not fully agreed because the price remains unsettled.
21,1,4,,Nothing indicates any mandatory legal requirement has been addressed or breached.
21,1,5,,"The proposed sale appears ordinary and lawful, with no sign of bad faith or unfair purpose."
21,1,6,1,Both sides are negotiating voluntarily and consciously through clear written statements.
21,1,7,,There is no indication that either statement is merely sham or not meant seriously.
21,1,8,,"No error, deceit, or threat is apparent from the negotiation text."
21,2,1,,"The seller made a counteroffer, but the buyer has not yet accepted it in this round."
21,2,2,,"There is an intention to reach an agreement, but mutual binding consent is not yet clearly expressed."
21,2,3,,"Price and vehicle are identified, but the final common agreement on terms is not yet formed."
21,2,4,,"No mandatory legal formalities are discussed, so compliance cannot be assessed."
21,2,5,1,The negotiation concerns a lawful car sale and shows no sign of bad faith or improper purpose.
21,2,6,1,Both sides appear to negotiate voluntarily and without any indication of coercion.
21,2,7,,"Nothing in the transcript indicates a sham transaction, but this cannot be confirmed yet."
21,2,8,,"There is no evidence of mistake, deceit, or threat, but none can be ruled out conclusively."
21,3,1,1,Both parties clearly accepted the same price and confirmed a deal.
21,3,2,1,The buyer and seller both expressed an intention to be bound by the sale.
21,3,3,,"The essential terms are only partly clear from this round, with price agreed but other sale terms not discussed."
21,3,4,,There is no information about compliance with any mandatory legal formalities.
21,3,5,1,The agreed car sale at an arm's-length price shows no sign of violating good faith or fair dealing.
21,3,6,1,The messages show a conscious and voluntary decision by both sides to conclude the deal.
21,3,7,,"Nothing in the transcript indicates a sham transaction, but this cannot be determined conclusively."
21,3,8,,"There is no evidence of mistake, deceit, or threat, but none can be ruled out from the text alone."
22,1,1,,"The parties have exchanged offers, but there is no mutual assent to the same terms yet."
22,1,2,,"They discuss a possible deal, but neither side has clearly manifested a final intention to be bound."
22,1,3,,The essential term of price is still unsettled because the offers differ.
22,1,4,,Nothing indicates any mandatory legal formalities or compliance issues in this round.
22,1,5,1,The negotiation concerns a lawful car sale and shows no sign of bad faith or improper purpose.
22,1,6,1,Both sides appear to negotiate voluntarily and consciously.
22,1,7,,"There is no indication that the deal is a sham, but that cannot yet be determined."
22,1,8,,"No error, deceit, or threat is evident from the messages, but this cannot be fully assessed."
22,2,1,1,"The buyer offered $16,000 and the seller expressly accepted that price."
22,2,2,1,Both sides indicated they were ready to move forward and the seller said it was agreed.
22,2,3,1,"The essential term, the vehicle price, was agreed upon for the identified 2019 Toyota Yaris."
22,2,4,,The transcript does not provide enough information about any mandatory legal formalities or statutory requirements.
22,2,5,1,The deal concerns a normal car sale and nothing in the exchange suggests bad faith or unlawful content.
22,2,6,1,The messages show voluntary bargaining and an explicit decision to close the deal.
22,2,7,,"There is no indication that the agreement is a sham, but the transcript does not conclusively rule that out."
22,2,8,,"No error, deceit, or threat is apparent in the last round, but none can be definitively excluded from the transcript."
22,3,1,1,"Both parties clearly expressed assent to the $16,000 deal in this round."
22,3,2,1,"They stated they were ready to move forward and proceed with the sale, showing intent to be bound."
22,3,3,1,"The essential term, the price of $16,000 for the Yaris, was agreed."
22,3,4,,The transcript does not address any mandatory legal formalities or statutory requirements.
22,3,5,1,"Nothing in the round suggests unfairness, bad faith, or socially improper content."
22,3,6,1,The messages indicate a voluntary and conscious decision to close the deal.
22,3,7,,"There is no indication that this is a sham transaction, but the text does not conclusively rule it out."
22,3,8,,"No error, deceit, or threat is apparent in the negotiation, but none can be definitively excluded."
23,1,1,,"The parties exchanged offers and information, but no mutual assent to the same terms is shown yet."
23,1,2,,"They indicate willingness to deal, but there is no clear common intention to be legally bound at this stage."
23,1,3,,"The essential term of price is still unsettled, so agreement on all main terms is not reached."
23,1,4,,Nothing in the exchange indicates compliance or noncompliance with any mandatory formal requirements.
23,1,5,1,The proposed sale appears ordinary and consistent with good faith and fair dealing.
23,1,6,1,Both sides are negotiating voluntarily and appear to be acting freely.
23,1,7,,"There is no indication that either statement is a sham transaction, but this cannot be confirmed yet."
23,1,8,,"No error, deceit, or threat is evident from the messages, but defects of will cannot be ruled out."
23,2,1,,The parties are still negotiating and have not yet expressed matching assent to the same price.
23,2,2,,"They show intent to reach a deal, but no final commitment to be legally bound is stated."
23,2,3,,"The main subject matter and price are discussed, but no final agreement on essential terms is reached."
23,2,4,,Nothing in this round indicates compliance or noncompliance with any mandatory legal formalities.
23,2,5,1,The proposed sale of a car at an agreed price is ordinary and not contrary to good faith or fair dealing.
23,2,6,1,Both sides are negotiating openly and appear to be deciding freely on the terms.
23,2,7,,"There is no indication that the deal is sham, but the negotiations are not yet concluded."
23,2,8,,"No error, deceit, or threat is apparent in the exchanged messages."
23,3,1,,"The last messages show ongoing bargaining, but no mutual assent to the same price yet."
23,3,2,,"The parties express willingness to deal, but a binding intention is not yet clearly formed."
23,3,3,,"The essential terms are mostly identified, but the final price remains unsettled."
23,3,4,,Nothing in the round indicates compliance or noncompliance with mandatory legal formalities.
23,3,5,1,The negotiation concerns a lawful car sale and shows no sign of bad faith or improper purpose.
23,3,6,1,Both sides appear to negotiate voluntarily and openly without coercion.
23,3,7,1,There is no indication that the exchange is a sham rather than a real negotiation.
23,3,8,,"No error, deceit, or threat is evident, but the text does not fully rule out defects in consent."
23,4,1,1,"Both parties clearly expressed assent to the $16,250 price in the last round."
23,4,2,1,"The buyer accepted and the seller confirmed they have a deal, showing intent to be bound."
23,4,3,1,"The essential terms identified in the negotiation are the car and the agreed price, both of which are settled."
23,4,4,,No information is provided about any mandatory formalities required for this sale.
23,4,5,1,The agreed sale of a car at an arm’s-length price does not appear contrary to good faith or fair dealing.
23,4,6,1,The messages show both sides consciously and voluntarily agreeing to finalize the deal.
23,4,7,,"There is no indication that the agreement is a sham, but the text does not conclusively rule that out."
23,4,8,,"Nothing in the round suggests error, deceit, or threat, but none can be definitively excluded from the text."
24,1,1,,"The parties have exchanged offers, but there is no mutual assent to the same price yet."
24,1,2,,"They are negotiating with intent to contract, but no final commitment to be bound is shown."
24,1,3,,"The essential term of price is still unsettled because the seller counteroffered $16,500."
24,1,4,,No mandatory legal formalities are discussed in this negotiation.
24,1,5,1,Nothing in the exchange suggests an unlawful or bad-faith purpose or content.
24,1,6,1,Both sides appear to be negotiating consciously and voluntarily.
24,1,7,1,There is no indication that either statement is a sham transaction.
24,1,8,,"No error, deceit, or threat is apparent, but the record is too limited to rule it out conclusively."
24,2,1,,The parties are still exchanging counteroffers and have not yet shown mutual assent on the same price in this round.
24,2,2,,"Although both mention closing the deal, the seller’s latest message is still a counteroffer, so binding intent is not yet clear."
24,2,3,,"The essential term of price is not yet agreed because the buyer offered $16,000 and the seller countered with $16,250."
24,2,4,1,Nothing in the round suggests any mandatory legal rule is being breached by the negotiation itself.
24,2,5,1,The proposed sale appears ordinary and consistent with good faith and fair dealing on its face.
24,2,6,1,"Both sides are negotiating openly and voluntarily, with no sign of coercion or lack of free decision-making."
24,2,7,1,There is no indication that either party is pretending or using the negotiation as a sham.
24,2,8,1,"No error, deceit, or threat is apparent in the latest exchange."
24,3,1,1,"Both parties clearly accepted the $16,250 price in the last round."
24,3,2,1,The buyer and seller both stated they were ready to close the deal and move forward with the sale.
24,3,3,1,"The essential term, the car and its price, was agreed at $16,250."
24,3,4,,No facts indicate any mandatory legal formalities or whether they were complied with.
24,3,5,1,The agreed sale appears ordinary and consistent with good faith and fair dealing.
24,3,6,1,Nothing suggests the parties were not acting consciously and freely.
24,3,7,1,There is no indication that the agreement was a sham transaction.
24,3,8,,"The transcript shows no error, deceit, or threat, but none can be ruled out conclusively."
25,1,1,,The parties are still exchanging offers and have not reached mutual assent in this round.
25,1,2,,There is no clear intention yet to be legally bound by a final contract.
25,1,3,,"Price and vehicle condition are discussed, but no final agreement on all essential terms is shown."
25,1,4,,Nothing in the exchange indicates compliance or noncompliance with mandatory legal formalities.
25,1,5,1,The negotiation concerns a normal car sale and shows no sign of bad faith or unlawful purpose.
25,1,6,1,Both sides appear to negotiate voluntarily and consciously.
25,1,7,,"There is no indication that the exchange is a sham, but this cannot be confirmed from the text."
25,1,8,,"No error, deceit, or threat is mentioned, so a defect in consent cannot be determined."
25,2,1,,The parties are still negotiating and have not yet expressed mutual consent to the same final terms.
25,2,2,,There is no clear intention yet to be legally bound by a concluded contract in this round.
25,2,3,,"A price is discussed, but no final agreement on all essential terms is reached in the last exchange."
25,2,4,,Nothing in the transcript indicates compliance or noncompliance with any mandatory statutory formalities.
25,2,5,1,The subject matter and pricing discussion appear ordinary and consistent with good faith and fair dealing.
25,2,6,1,Both sides are negotiating openly and appear to be deciding freely on the terms.
25,2,7,,"There is no indication that the negotiation is a sham, but this cannot be determined conclusively."
25,2,8,,"No error, deceit, or threat is apparent in the last round, but defects of will cannot be ruled out."
25,3,1,1,"Both parties clearly expressed matching assent to the $16,000 price in this round."
25,3,2,1,"The buyer and seller both stated they are ready to proceed and have a deal, showing intent to be bound."
25,3,3,1,"The essential term of the sale price was agreed at $16,000 for the identified car."
25,3,4,,The transcript does not address any mandatory legal formalities or statutory requirements.
25,3,5,1,"The agreed sale appears ordinary and fair, with no indication of bad faith or unlawful purpose."
25,3,6,1,"Both sides negotiated openly and voluntarily, with no sign of coercion or lack of freedom."
25,3,7,,"There is no evidence that the agreement is a sham, but the transcript does not conclusively rule that out."
25,3,8,,"No error, deceit, or threat is indicated in the last round, but none can be definitively excluded."
26,1,1,,The parties are still negotiating and have not yet expressed mutual assent to the same terms.
26,1,2,,There is no clear common intention yet to be legally bound by a concluded contract.
26,1,3,,"Price and vehicle condition are discussed, but no final agreement on all essential terms is reached."
26,1,4,,Nothing in the exchange indicates compliance or noncompliance with any mandatory statutory formalities.
26,1,5,1,The negotiation concerns a lawful car sale and shows no sign of bad faith or socially unacceptable purpose.
26,1,6,1,Both sides appear to be negotiating voluntarily and without any sign of coercion.
26,1,7,,"There is no indication that the discussion is a sham, but this cannot be confirmed from the text."
26,1,8,,"No error, deceit, or threat is evident, but the record is insufficient to rule out defects in consent."
26,2,1,,The parties are still negotiating and have not yet expressed mutual assent to the same terms.
26,2,2,,"They discuss moving ahead, but there is no clear final intention to be legally bound yet."
26,2,3,,"Price and vehicle details are discussed, but no final agreement on all essential terms is reached."
26,2,4,,No mandatory formalities are addressed in the negotiation text.
26,2,5,1,The proposed sale of a car at an agreed price is ordinary and not contrary to good faith or social coexistence.
26,2,6,1,Both sides appear to negotiate voluntarily and consciously without any sign of coercion.
26,2,7,,"Nothing indicates a sham transaction, but the text does not conclusively establish the absence of simulation."
26,2,8,,"There is no evidence of mistake, fraud, or threat, but none can be ruled out from the transcript alone."
26,3,1,,"The latest messages show ongoing bargaining, not a clear mutual assent to the same price."
26,3,2,,"Both sides express willingness to proceed, but they have not yet clearly bound themselves to a final contract."
26,3,3,,"The essential term of price is still not agreed because the buyer has not accepted $15,900."
26,3,4,,No information is provided about any mandatory formalities or statutory requirements.
26,3,5,1,The negotiation concerns a lawful car sale and nothing suggests bad faith or improper content.
26,3,6,1,Both parties are negotiating openly and appear to be deciding freely on the terms.
26,3,7,,"There is no indication that this is a sham transaction, but that cannot be confirmed from the text."
26,3,8,,"No error, deceit, or threat is evident in the latest exchange."
26,4,1,1,"Both parties clearly accepted the $15,900 price in the last round."
26,4,2,1,The buyer and seller both expressed an intention to be bound and finalize the deal.
26,4,3,1,"The essential terms, including the car and price, are sufficiently agreed upon."
26,4,4,,No facts indicate any mandatory legal formalities or compliance issues.
26,4,5,1,Nothing in the exchange suggests an unfair or bad-faith purpose or content.
26,4,6,1,The messages show a conscious and voluntary decision to conclude the deal.
26,4,7,,"There is no indication that this is a sham transaction, but it cannot be verified from the text."
26,4,8,,"No error, deceit, or threat is apparent, but the absence of defects cannot be fully determined."
27,1,1,,"The parties have exchanged offers, but no mutual assent to the same terms is shown yet."
27,1,2,,There is no clear intention yet to be legally bound by a concluded sale contract.
27,1,3,,"Price is discussed, but the final agreement on all essential terms is not reached."
27,1,4,,No mandatory-form or statutory compliance issues are addressed in the transcript.
27,1,5,,Nothing in the exchange suggests inconsistency with good faith or social coexistence.
27,1,6,,"The messages show negotiation, but not a conscious final decision to conclude the contract."
27,1,7,,There is no indication that the negotiation is a sham transaction.
27,1,8,,"No error, deceit, or threat is apparent from the messages."
27,2,1,,"The last messages show a counteroffer and willingness to finalize, but no clear mutual assent at the same price yet."
27,2,2,,"There is intent to conclude if accepted, but the buyer has not expressly accepted the seller’s $16,000 offer."
27,2,3,,"The car and price are discussed, but there is no final agreement on the essential terms in this round."
27,2,4,,Nothing in the exchange indicates compliance or noncompliance with any mandatory statutory formalities.
27,2,5,1,"The negotiated terms appear ordinary and lawful, with no sign of bad faith or socially unacceptable content."
27,2,6,1,Both sides are bargaining openly and appear to be deciding freely on the terms.
27,2,7,,"There is no indication that the deal is a sham, but the transcript does not address this explicitly."
27,2,8,,"No error, deceit, or threat is apparent, but the transcript gives no basis to rule defects in or out."
27,3,1,1,"Both parties clearly expressed assent to the $16,000 price in the last round."
27,3,2,1,"The buyer said they can agree and move forward, and the seller said they have an agreement and are ready to move forward."
27,3,3,1,"The essential term of price was fixed at $16,000 for the identified Toyota Yaris."
27,3,4,,No information is provided about any mandatory legal formalities or statutory requirements.
27,3,5,1,The agreed sale of a car at an arm’s-length price appears consistent with good faith and fair dealing.
27,3,6,1,Nothing in the exchange suggests coercion or lack of free and conscious decision-making.
27,3,7,,"There is no indication that the agreement is a sham, but the parties’ true intent cannot be fully verified from the text alone."
27,3,8,,"No facts indicate mistake, deceit, or threat, but the absence of defects cannot be conclusively determined from the transcript."
28,1,1,,"The parties have exchanged offers, but there is no mutual assent to the same terms yet."
28,1,2,,"They show willingness to negotiate, but no clear common intention to be legally bound on agreed terms is expressed."
28,1,3,,Price is still disputed and no final agreement on all essential terms is reached.
28,1,4,,Nothing in the exchange indicates compliance or noncompliance with any mandatory statutory formalities.
28,1,5,1,The negotiation concerns a lawful car sale and nothing suggests bad faith or improper content.
28,1,6,1,Both sides appear to be negotiating voluntarily and without any sign of coercion.
28,1,7,,"There is no indication that the negotiation is a sham, but this cannot be confirmed from the text."
28,1,8,,"No error, deceit, or threat is evident, but the text does not allow a definitive finding."
28,2,1,,The parties are still exchanging offers and have not yet shown mutual assent to the same terms.
28,2,2,,"They express willingness to proceed, but no final intention to be legally bound is clearly stated."
28,2,3,,Price is still being negotiated and no final agreement on all essential terms is reached.
28,2,4,,Nothing in the round indicates compliance or noncompliance with any mandatory statutory formalities.
28,2,5,1,"The negotiation appears ordinary and in good faith, with no abusive or unlawful content."
28,2,6,1,Both sides are bargaining openly and appear to be deciding freely on the terms.
28,2,7,,"There is no indication that the deal is a sham, but that cannot be confirmed from this round."
28,2,8,,"No error, deceit, or threat is evident, but the absence of defects cannot be fully determined."
28,3,1,1,"Both parties expressly accepted $16,500 in the last round."
28,3,2,1,"The messages show a clear intent to conclude a sale and be bound, subject only to inspection."
28,3,3,1,"The essential term, the price of $16,500 for the Yaris, was agreed in this round."
28,3,4,,No facts indicate any mandatory legal formalities or compliance issues.
28,3,5,1,The deal concerns a lawful car sale and nothing suggests bad faith or unfair purpose.
28,3,6,1,Both sides appear to have negotiated and agreed voluntarily without coercion.
28,3,7,,"There is no indication that the agreement is a sham, but this cannot be fully determined."
28,3,8,,"No error, deceit, or threat is apparent from the last exchange."
29,1,1,,The parties are still negotiating and have not yet expressed mutual consent to the same terms.
29,1,2,,There is no clear common intention yet to conclude a binding contract in this round.
29,1,3,,"The essential terms are not fully agreed because the price remains open between $15,000 and $16,500."
29,1,4,,No mandatory legal formalities are discussed in the negotiation.
29,1,5,1,The proposed sale appears ordinary and consistent with good faith and fair dealing.
29,1,6,1,Both sides are bargaining voluntarily and there is no sign of coercion or lack of freedom.
29,1,7,,"Nothing indicates a sham transaction, but this cannot be determined conclusively yet."
29,1,8,,"There is no evidence of error, deceit, or threat, but defects in consent cannot be ruled out."
29,2,1,,The parties are still negotiating and have not yet shown mutual assent to the same final terms in this round.
29,2,2,,"There is an intention to deal, but no clear common intention to be legally bound on agreed terms yet."
29,2,3,,"Price is still unsettled because the buyer offered $15,500 and the seller countered at $15,800."
29,2,4,,"No mandatory formalities are discussed, so compliance cannot be assessed from this round."
29,2,5,1,Nothing in the exchange suggests bad faith or an unlawful purpose; the negotiation appears ordinary and fair.
29,2,6,1,"Both sides are bargaining voluntarily and explicitly, with no sign of coercion or lack of free decision."
29,2,7,,"There is no indication that the negotiation is a sham, but the parties have not yet finalized a contract."
29,2,8,,"No error, deceit, or threat is apparent, but the text does not allow a definitive finding."
29,3,1,1,"Both parties clearly expressed matching assent to the $15,800 price in this round."
29,3,2,1,"They stated they have a deal and intend to complete the sale, showing intent to be bound."
29,3,3,1,"The essential term, the car and the price of $15,800, is agreed in this round."
29,3,4,,The transcript does not show any issue with mandatory legal formalities or statutory compliance.
29,3,5,1,The agreement concerns a lawful car sale and nothing suggests bad faith or unfair purpose.
29,3,6,1,Both sides appear to negotiate and accept the terms voluntarily and consciously.
29,3,7,,"There is no indication that this is a sham transaction, but the text does not conclusively rule it out."
29,3,8,,"No error, deceit, or threat is apparent from the last round, but none can be definitively excluded."
30,1,1,,"The parties have exchanged offers, but no mutual assent to the same terms is shown yet."
30,1,2,,"They are negotiating price, but there is no clear intention yet to be legally bound by a final deal."
30,1,3,,The essential terms are not fully agreed because the final price is still open.
30,1,4,,Nothing indicates any mandatory legal formalities have been completed or violated.
30,1,5,1,The proposed sale of a used car appears lawful and consistent with good faith on its face.
30,1,6,1,Both sides appear to be negotiating consciously and voluntarily.
30,1,7,,"There is no indication of a sham transaction, but the record is too limited to confirm."
30,1,8,,"No error, deceit, or threat is apparent, but none can be ruled out from this round alone."
30,2,1,,"The last messages show continued bargaining, not a clear mutual assent to the same final terms."
30,2,2,,"The parties express willingness to close, but the buyer has not yet accepted the seller’s $16,000 counteroffer."
30,2,3,,"The vehicle is identified, but the final price is still not agreed in this round."
30,2,4,,No facts indicate any mandatory legal formalities or their compliance.
30,2,5,1,Nothing in the proposed sale suggests a purpose or content contrary to good faith or fair dealing.
30,2,6,1,Both sides appear to negotiate voluntarily and without any sign of coercion.
30,2,7,,"There is no indication that the deal is a sham, but the parties have not yet clearly finalized it."
30,2,8,,"No error, deceit, or threat is apparent, but the text does not conclusively rule out defects in consent."
30,3,1,1,"Both parties clearly expressed assent to the $16,000 deal in the last round."
30,3,2,1,The buyer and seller both stated they have an agreement and intend to move forward with the sale.
30,3,3,1,"The essential terms are settled: the specific car and the price of $16,000."
30,3,4,,No information is given about any mandatory formalities or statutory requirements.
30,3,5,1,The agreed sale appears ordinary and consistent with good faith and fair dealing.
30,3,6,1,Both sides appear to have decided freely and consciously to conclude the deal.
30,3,7,,"There is no indication that this is a sham transaction, but it cannot be confirmed from the text alone."
30,3,8,,"No error, deceit, or threat is mentioned in the negotiation."
31,1,1,,"The parties exchanged offers, but there is no mutual assent to the same terms yet."
31,1,2,,They are negotiating and have not clearly manifested an intention to be bound by a contract.
31,1,3,,"Price and vehicle condition are discussed, but no final agreement on all essential terms is reached."
31,1,4,,Nothing indicates compliance or noncompliance with any mandatory legal formalities at this stage.
31,1,5,1,The proposed sale appears ordinary and consistent with good faith and fair dealing.
31,1,6,1,Both sides are negotiating voluntarily and consciously.
31,1,7,,"There is no indication that the negotiation is a sham, but this cannot be confirmed."
31,1,8,,"No error, deceit, or threat is evident from the messages."
31,2,1,,The parties are still exchanging offers and have not yet expressed mutual assent to the same terms.
31,2,2,,There is no clear final intention to be legally bound yet because the price remains under negotiation.
31,2,3,,Only the price has been discussed; a final agreement on all essential terms is not yet shown.
31,2,4,,Nothing in the round indicates compliance or noncompliance with any mandatory statutory formalities.
31,2,5,1,"The proposed terms appear ordinary and lawful, with no sign of bad faith or unfair purpose."
31,2,6,1,"Both sides are negotiating voluntarily and openly, with no indication of coercion or lack of freedom."
31,2,7,,"There is no indication that either party is making a sham declaration, but this cannot be confirmed."
31,2,8,,"No error, deceit, or threat is apparent in the exchange, but defects in consent cannot be ruled out."
31,3,1,1,"Both parties clearly expressed matching assent to the $16,500 deal in the last round."
31,3,2,1,"The seller stated they can meet the buyer at $16,500 and finalize soon, showing intent to be bound."
31,3,3,1,"The essential terms are agreed: the specific car and the price of $16,500."
31,3,4,,The transcript does not address any mandatory legal formalities or statutory requirements.
31,3,5,1,Nothing in the last exchange suggests bad faith or an unlawful purpose.
31,3,6,1,The parties appear to have negotiated voluntarily and freely without coercion.
31,3,7,,"There is no indication that the deal is a sham, but the transcript does not conclusively rule that out."
31,3,8,,"No error, deceit, or threat is evident from the last round, but defects in consent cannot be fully assessed."
31,4,1,1,"Both parties clearly expressed assent to the $16,500 deal in the last round."
31,4,2,1,The buyer and seller both stated they are ready to finalize and be bound by the sale.
31,4,3,1,"The essential term, the price of $16,500 for the car, was agreed in the last round."
31,4,4,,The transcript does not address any mandatory legal formalities for concluding the car sale.
31,4,5,1,Nothing in the last round suggests bad faith or a purpose contrary to social coexistence.
31,4,6,1,Both sides indicate they are acting voluntarily and consciously to finalize the purchase.
31,4,7,,"There is no indication that the deal is a sham, but the transcript does not expressly rule that out."
31,4,8,,"No error, deceit, or threat is mentioned in the negotiation."
32,1,1,,The parties are still exchanging offers and have not yet expressed mutual assent to the same terms.
32,1,2,,There is no clear indication yet that both sides intend to be legally bound by a final agreement.
32,1,3,,"Price is discussed, but no final agreement on all essential terms is reached in this round."
32,1,4,,Nothing in the transcript indicates compliance or noncompliance with any mandatory statutory formalities.
32,1,5,,"The proposed deal appears ordinary and lawful, with no sign of bad faith or unfair purpose."
32,1,6,,"The messages show negotiation, but not a conscious and free decision to conclude the contract yet."
32,1,7,,There is no indication that either statement is a sham transaction.
32,1,8,,"No error, deceit, or threat is apparent from the negotiation text."
32,2,1,,The parties are still exchanging offers and have not yet expressed mutual assent to the same price.
32,2,2,,"There is no clear intention yet to be legally bound, only ongoing negotiation."
32,2,3,,The essential term of price is still unsettled because the buyer and seller remain apart.
32,2,4,,Nothing in the round indicates compliance or noncompliance with any mandatory statutory formalities.
32,2,5,1,The negotiation concerns a lawful car sale and shows no sign of bad faith or socially unacceptable content.
32,2,6,1,Both sides are bargaining openly and appear to be deciding freely on the terms.
32,2,7,,"There is no indication that the discussion is a sham, but that cannot be confirmed from the text."
32,2,8,,"No error, deceit, or threat is apparent in the messages, but none can be ruled out conclusively."
32,3,1,1,"Both parties clearly expressed matching assent to the $15,500 price in the last round."
32,3,2,1,"The buyer said they were ready to agree and the seller stated 'We have a deal,' showing intent to be bound."
32,3,3,1,"The essential term, the car price, was agreed at $15,500 for the identified 2019 Toyota Yaris."
32,3,4,,The transcript does not provide enough information about any mandatory legal formalities or statutory requirements.
32,3,5,1,Nothing in the last round suggests unfairness or inconsistency with good faith and fair dealing.
32,3,6,1,Both sides negotiated voluntarily and explicitly chose to conclude the deal.
32,3,7,,"There is no indication that this was a sham transaction, but the transcript does not conclusively rule that out."
32,3,8,,"No error, deceit, or threat is apparent in the last round, but none can be definitively excluded from the transcript."
32,4,1,1,"Both parties expressly agreed to the $15,500 price in the last round."
32,4,2,1,The buyer and seller clearly intended to conclude a binding sale and proceed with paperwork.
32,4,3,1,"The essential term, the vehicle and purchase price, was agreed upon."
32,4,4,,The transcript does not provide enough information about compliance with mandatory legal formalities.
32,4,5,1,Nothing in the last round suggests unfairness or inconsistency with good faith and fair dealing.
32,4,6,1,Both sides appear to have consciously and freely decided to finalize the deal.
32,4,7,,"There is no indication that this is a sham transaction, but it cannot be determined conclusively."
32,4,8,,"The record shows no obvious error, deceit, or threat, but defects in consent cannot be ruled out from the transcript."
33,1,1,,"The parties have exchanged offers, but no mutual assent to the same terms is shown yet."
33,1,2,,"They indicate willingness to negotiate, but there is no clear intention yet to be legally bound."
33,1,3,,"The subject matter is identified, but the essential terms are not yet agreed because the price differs."
33,1,4,,Nothing suggests any mandatory legal formalities have been completed or violated.
33,1,5,1,The proposed sale of a car on ordinary terms appears consistent with good faith and fair dealing.
33,1,6,1,Both sides are negotiating voluntarily and consciously.
33,1,7,,There is no indication that either side is making a sham declaration.
33,1,8,,"No error, deceit, or threat is apparent from the messages."
33,2,1,,"The last messages show bargaining, but no final mutual assent to the same price yet."
33,2,2,,"The parties discuss willingness to close, but there is no clear common intention to be legally bound yet."
33,2,3,,The essential terms are only partly settled because the final purchase price remains unresolved.
33,2,4,,"Nothing in the round indicates noncompliance with mandatory legal requirements, but this cannot yet be assessed."
33,2,5,1,The proposed sale of a car on negotiated terms appears consistent with good faith and fair dealing.
33,2,6,1,Both sides are negotiating openly and appear to be deciding freely on the terms.
33,2,7,,"There is no indication that the deal is sham, but the parties have not yet concluded it."
33,2,8,,"No error, deceit, or threat is apparent in the exchange, but none can be ruled out conclusively."
33,3,1,1,"Both parties clearly expressed matching assent to the $16,250 price in this round."
33,3,2,1,"They stated they have a deal and intend to proceed to finalize the sale, showing intent to be bound."
33,3,3,1,"The essential term, the vehicle and purchase price, is agreed upon in this round."
33,3,4,,The transcript does not provide enough information about any mandatory legal formalities or statutory requirements.
33,3,5,1,Nothing in the exchange suggests bad faith or content contrary to social coexistence principles.
33,3,6,1,The buyer and seller appear to negotiate and accept the price voluntarily and consciously.
33,3,7,,"There is no indication that this is a sham transaction, but the transcript does not allow a definitive determination."
33,3,8,,"No error, deceit, or threat is apparent from the messages, but defects in consent cannot be fully ruled out."
34,1,1,,The parties are still negotiating and have not yet expressed mutual consent to the same terms.
34,1,2,,There is no clear common intention yet to be legally bound by a concluded contract.
34,1,3,,"Price and vehicle details are discussed, but no final agreement on all essential terms is reached."
34,1,4,,Nothing in the exchange indicates compliance or noncompliance with any mandatory statutory formalities.
34,1,5,1,The negotiation concerns a lawful car sale and shows no sign of bad faith or improper purpose.
34,1,6,1,Both sides appear to be negotiating voluntarily and without any sign of coercion.
34,1,7,,"There is no indication that either side is making a sham declaration, but this cannot be confirmed."
34,1,8,,"No error, deceit, or threat is apparent, but the record is insufficient to rule these out conclusively."
34,2,1,0,"The last messages show counteroffers, not mutual assent to the same price."
34,2,2,0,Both sides are still negotiating and have not clearly expressed a binding intention to conclude a contract yet.
34,2,3,0,The essential term of price remains unsettled because the buyer and seller are at different figures.
34,2,4,,No information is provided about any mandatory formalities or statutory requirements.
34,2,5,1,The negotiation concerns a lawful car sale and nothing suggests bad faith or an improper purpose.
34,2,6,1,"The parties are bargaining openly and voluntarily, with no sign of coercion or lack of free choice."
34,2,7,,"There is no indication that the negotiation is a sham, but the text does not allow a firm determination."
34,2,8,,"No error, deceit, or threat is apparent from the exchanged messages, but this cannot be fully verified."
34,3,1,1,"Both parties expressly agreed to the $16,000 deal in the last round."
34,3,2,1,The messages show a clear intention to conclude the sale and finalize promptly.
34,3,3,1,"The essential terms, including the car and price, are sufficiently agreed upon."
34,3,4,,No information is provided about any mandatory formalities or statutory requirements.
34,3,5,1,Nothing in the exchange suggests unfairness or inconsistency with good faith and fair dealing.
34,3,6,1,Both sides state they are agreeing freely and ready to finalize.
34,3,7,,"There is no indication that the deal is a sham, but this cannot be confirmed from the text alone."
34,3,8,,"No error, deceit, or threat is mentioned in the negotiation."
35,1,1,,The parties are still exchanging offers and have not yet expressed mutual assent to the same terms.
35,1,2,,There is no clear common intention yet to be legally bound by a concluded contract.
35,1,3,,"The essential term of price is still unsettled between $15,500 and $16,500."
35,1,4,,Nothing in the exchange indicates compliance or noncompliance with any mandatory statutory formalities.
35,1,5,1,The negotiation concerns a lawful car sale and shows no sign of bad faith or socially unacceptable purpose.
35,1,6,1,Both sides are negotiating voluntarily and appear to be deciding the terms freely.
35,1,7,,There is no indication that either side is making a sham declaration rather than a genuine offer or response.
35,1,8,,"The transcript contains no evidence of mistake, deceit, or threat affecting either declaration."
35,2,1,,The parties are still negotiating and have not yet expressed matching assent to the same final terms.
35,2,2,,"There is an intention to move forward if the price works, but no clear common intention to be legally bound yet."
35,2,3,,Only the price is being negotiated; a final agreement on all essential terms is not yet shown.
35,2,4,,Nothing in the round indicates compliance or noncompliance with any mandatory statutory requirements.
35,2,5,1,"The proposed sale appears ordinary and lawful, with no sign of bad faith or socially unacceptable purpose."
35,2,6,1,Both sides are bargaining openly and appear to be deciding freely on the terms.
35,2,7,,"There is no indication that either side is making a sham declaration, but this cannot be confirmed from the text."
35,2,8,,"No error, deceit, or threat is evident in the exchange, but defects of will cannot be ruled out."
35,3,1,1,"The seller accepted the buyer’s $15,750 offer, showing mutual consent in this round."
35,3,2,1,"Both sides expressed readiness to proceed and the seller stated, 'we have a deal,' indicating intent to be bound."
35,3,3,1,"The essential term, the price, was agreed at $15,750 for the car."
35,3,4,,The transcript does not address any mandatory legal formalities or statutory requirements.
35,3,5,1,The agreed price and stated terms appear ordinary and consistent with good faith and fair dealing.
35,3,6,1,The messages show a voluntary negotiation with no sign of coercion or lack of free decision.
35,3,7,,"There is no indication that the agreement is a sham, but the parties’ true intent cannot be fully verified from the text."
35,3,8,,"No error, deceit, or threat is evident, but the transcript does not allow a definitive assessment of defects in consent."
35,4,1,1,Both parties expressly accepted the same price and confirmed they have a deal.
35,4,2,1,The messages show a clear intention to conclude a binding sale and proceed to finalization.
35,4,3,1,"The essential term of price was agreed at $15,750 for the car identified as the Yaris."
35,4,4,,The transcript does not address any mandatory legal formalities or statutory requirements.
35,4,5,1,The agreed sale appears ordinary and consistent with good faith and fair dealing.
35,4,6,1,Both sides negotiated freely and explicitly chose to proceed without any sign of coercion.
35,4,7,1,Nothing in the exchange suggests the agreement is a sham or merely simulated.
35,4,8,,"There is no indication of mistake, deceit, or threat, but the transcript does not allow a definitive finding."
36,1,1,,The parties are still exchanging offers and no mutual assent is shown in this round.
36,1,2,,There is no clear intention yet to be legally bound by a final agreement.
36,1,3,,"The essential term of price is discussed, but no final agreement on all main terms is reached."
36,1,4,,Nothing in the exchange indicates compliance or noncompliance with mandatory legal formalities.
36,1,5,1,The proposed sale appears ordinary and consistent with good faith and fair dealing.
36,1,6,1,Both sides are negotiating voluntarily and there is no sign of coercion or lack of freedom.
36,1,7,,"There is no indication that either statement is a sham transaction, but this cannot be confirmed yet."
36,1,8,,"No error, deceit, or threat is evident, but the record is too limited to determine definitively."
36,2,1,1,"Both parties clearly expressed assent to the $15,000 price in the last round."
36,2,2,1,"The seller stated they are happy to move forward, showing intent to be bound."
36,2,3,1,"The essential term, the vehicle price, was agreed at $15,000."
36,2,4,,No information is provided about any mandatory legal formalities or statutory requirements.
36,2,5,1,The agreement appears ordinary and consistent with good faith and fair dealing.
36,2,6,1,The messages show a conscious and voluntary price agreement by both sides.
36,2,7,,"There is no indication that the deal is a sham, but this cannot be determined conclusively."
36,2,8,,"No facts suggest error, deceit, or threat, but none are expressly ruled out."
36,3,1,1,"Both parties expressly agreed to the $15,000 sale in the last round."
36,3,2,1,The buyer and seller clearly intended to enter a binding sale and proceed with paperwork.
36,3,3,1,"The essential term, the car and the price of $15,000, was agreed upon."
36,3,4,,No information is given about any mandatory legal formalities or statutory requirements.
36,3,5,1,The agreed sale appears ordinary and consistent with good faith and fair dealing.
36,3,6,1,The messages show a conscious and voluntary decision by both sides to conclude the deal.
36,3,7,,"There is no indication that this is a sham transaction, but the text does not address that explicitly."
36,3,8,,"No facts suggest error, deceit, or threat, but none can be ruled out from the transcript alone."
37,1,1,,The parties are still exchanging offers and no mutual assent is shown in this round.
37,1,2,,There is no clear intention yet to be legally bound by a final agreement.
37,1,3,,The essential terms are not fully settled because the final price has not been agreed.
37,1,4,,Nothing in the exchange indicates compliance or noncompliance with any mandatory legal formalities.
37,1,5,1,The proposed sale appears ordinary and consistent with good faith and fair dealing.
37,1,6,1,Both sides are negotiating voluntarily and consciously without any sign of coercion.
37,1,7,,"There is no indication that the negotiation is a sham, but this cannot be confirmed yet."
37,1,8,,"No error, deceit, or threat is apparent, but the record is insufficient to rule out defects."
37,2,1,,"The last messages show ongoing bargaining, but no clear mutual assent to the same final terms yet."
37,2,2,,"The seller says 'If you can do $16,100, we have a deal,' so binding intent is not yet mutually confirmed."
37,2,3,,Only the price is discussed in this round; final agreement on all essential terms is not yet established.
37,2,4,,There is no information about any mandatory formalities or statutory requirements for concluding the sale.
37,2,5,1,"Nothing in the exchange suggests an unlawful or bad-faith purpose, and the terms appear ordinary."
37,2,6,1,Both sides are negotiating voluntarily and appear to be deciding the terms freely.
37,2,7,,"The transcript gives no indication that the negotiation is a sham, but this cannot be confirmed."
37,2,8,,"There is no evidence of mistake, deceit, or threat, but none can be ruled out from the text."
37,3,1,1,Both parties expressly accepted the same price and stated that they have a deal.
37,3,2,1,The buyer and seller clearly intended to conclude a binding sale agreement.
37,3,3,1,"The essential term, the car and the price of $16,100, was agreed in this round."
37,3,4,,No facts indicate whether any mandatory legal formalities are required or satisfied.
37,3,5,1,The negotiated sale appears lawful and consistent with good faith and fair dealing.
37,3,6,1,Both sides voluntarily and consciously accepted the final price without any sign of coercion.
37,3,7,,There is no indication that the deal is merely sham or simulated.
37,3,8,,"The transcript shows no error, deceit, or threat affecting either declaration."
38,1,1,,The parties are still exchanging offers and have not shown mutual assent to the same terms.
38,1,2,,There is no clear indication yet that both sides intend to be legally bound by a final agreement.
38,1,3,,"Price is discussed, but no final agreement on all essential terms is reached in this round."
38,1,4,,"Nothing in the exchange suggests a breach of mandatory legal requirements, but this cannot yet be assessed."
38,1,5,,"The negotiation appears ordinary and in good faith, with no sign of improper purpose."
38,1,6,,"Both sides are negotiating voluntarily, but a concluded free decision to contract is not yet evident."
38,1,7,,There is no indication that the discussion is a sham transaction.
38,1,8,,"No error, deceit, or threat is apparent from the messages."
38,2,1,1,"Both parties clearly expressed assent to the $16,000 price in the last round."
38,2,2,1,"The seller explicitly stated 'We have a deal,' showing intent to be legally bound."
38,2,3,1,"The essential terms are agreed: the car, price, and key condition disclosures/records."
38,2,4,,No facts indicate any mandatory legal formalities or whether they were complied with.
38,2,5,1,Nothing in the exchange suggests bad faith or an unlawful purpose.
38,2,6,1,The messages show a voluntary negotiation and acceptance without any sign of coercion.
38,2,7,1,"The exchange appears to be a genuine sale negotiation, not a sham transaction."
38,2,8,,"There is no indication of mistake, fraud, or threat, but none can be ruled out conclusively."
38,3,1,1,"Both parties clearly expressed assent to the $16,000 sale in the last round."
38,3,2,1,The buyer and seller both stated they have a deal and intend to be bound.
38,3,3,1,"The essential term, the price of $16,000 for the Toyota Yaris, is agreed."
38,3,4,,No facts indicate any mandatory legal formalities or their compliance.
38,3,5,1,The agreed sale appears ordinary and consistent with good faith and fair dealing.
38,3,6,1,"The messages show a conscious, voluntary decision to conclude the transaction."
38,3,7,,There is no indication that the deal is merely sham or simulated.
38,3,8,,"The transcript does not reveal any error, deceit, or threat affecting consent."
39,1,1,,"The parties have exchanged offers, but there is no mutual assent to the same price yet."
39,1,2,,"They are negotiating with an apparent intent to contract, but no final commitment to be bound is shown."
39,1,3,,The essential term of price is still unsettled because the buyer and seller differ on the amount.
39,1,4,,Nothing in the exchange indicates compliance or noncompliance with any mandatory statutory formalities.
39,1,5,1,The negotiation concerns a lawful car sale and shows no sign of bad faith or improper purpose.
39,1,6,1,Both sides are bargaining openly and voluntarily without any indication of coercion.
39,1,7,,"There is no indication that the discussion is a sham, but that cannot be confirmed from this round."
39,1,8,,"No error, deceit, or threat is evident, but the record is too limited to rule definitively."
39,2,1,,The parties are still exchanging offers and have not clearly expressed mutual assent to the same final terms.
39,2,2,,There is no clear statement that both sides intend to be legally bound by a concluded contract yet.
39,2,3,,"Price is still unsettled because the buyer offered $16,000 and the seller countered with $16,500."
39,2,4,,No facts indicate whether any mandatory legal formalities apply or have been satisfied.
39,2,5,1,The proposed sale of a used car at an agreed market-based price appears lawful and consistent with good faith.
39,2,6,1,Both sides are negotiating voluntarily and without any sign of coercion or lack of freedom.
39,2,7,,"Nothing in the dialogue indicates a sham transaction, but that cannot be confirmed from the text alone."
39,2,8,,"There is no evidence of error, deceit, or threat, but the absence of defects cannot be determined conclusively."
39,3,1,1,"Both parties clearly expressed matching assent to the $16,500 deal in the last round."
39,3,2,1,The buyer and seller both stated they have a deal and intend to be bound by it.
39,3,3,1,"The essential terms are agreed: the specific car and the price of $16,500."
39,3,4,,The transcript does not address any mandatory legal formalities or statutory requirements.
39,3,5,1,Nothing in the last round suggests unfairness or inconsistency with good faith and fair dealing.
39,3,6,1,The messages indicate a conscious and voluntary agreement by both sides.
39,3,7,,"There is no indication that the deal is a sham, but the transcript does not let us determine that conclusively."
39,3,8,,"No error, deceit, or threat is apparent, but the record is insufficient to rule out defects definitively."
40,1,1,,"The parties have exchanged offers, but there is no mutual assent to the same price yet."
40,1,2,,They are negotiating and have not shown a shared intention to be legally bound by a final deal.
40,1,3,,Essential terms are only partly discussed and the final purchase price is still unsettled.
40,1,4,,No mandatory-form or statutory compliance issues are addressed in the negotiation text.
40,1,5,1,"The proposed sale appears ordinary and lawful, with no indication of bad faith or unfair purpose."
40,1,6,1,Both sides are bargaining voluntarily and there is no sign of coercion or lack of free choice.
40,1,7,,"Nothing suggests a sham transaction, but the parties have not yet concluded a deal."
40,1,8,,"There is no evidence of mistake, fraud, or threat, but none can be ruled out from the text alone."
40,2,1,,The parties are still negotiating and have not yet expressed mutual assent to the same final price.
40,2,2,,There is no clear intention yet to be legally bound by a concluded contract in this round.
40,2,3,,The essential term of price remains unsettled because the buyer and seller are still apart.
40,2,4,,"No mandatory formalities are discussed, so compliance cannot be assessed."
40,2,5,1,The negotiation concerns a lawful car sale and nothing suggests bad faith or unfair purpose.
40,2,6,1,Both sides appear to be bargaining voluntarily and consciously.
40,2,7,,"There is no indication that the deal is a sham, but this cannot be confirmed yet."
40,2,8,,"No error, deceit, or threat is mentioned in the exchange."
40,3,1,1,"The last buyer and seller messages show matching declarations at $15,800 and acceptance of that price."
40,3,2,1,"Both sides express readiness to finalize the deal, indicating an intention to be legally bound."
40,3,3,1,"The essential term, the car price, is agreed at $15,800 for the Yaris."
40,3,4,,The transcript does not address any mandatory legal formalities or statutory requirements.
40,3,5,1,The agreed sale appears ordinary and consistent with good faith and fair dealing.
40,3,6,1,The messages show a conscious and voluntary negotiation leading to agreement.
40,3,7,1,There is no indication that the deal is a sham transaction.
40,3,8,,"No facts suggest error, deceit, or threat, but none can be ruled out from the text alone."
40,4,1,1,"Both parties clearly expressed assent to the $15,800 deal in the last round."
40,4,2,1,"They stated they were ready to finalize the deal, showing intent to be bound."
40,4,3,1,"The essential term, the price, was agreed at $15,800 for the car."
40,4,4,,The transcript does not address any mandatory legal formalities or statutory requirements.
40,4,5,1,Nothing in the last round suggests unfairness or inconsistency with good faith and fair dealing.
40,4,6,1,Both sides voluntarily and explicitly chose to proceed with the sale.
40,4,7,,"There is no indication that this is a sham transaction, but it cannot be determined conclusively."
40,4,8,,"No error, deceit, or threat is mentioned in the negotiation."
