run,round,criterion,label,justification
1,1,1,1,Both parties have made clear declarations of intent to negotiate and engage in a price discussion for the vehicle.
1,1,2,,"While both parties are negotiating, it cannot yet be determined if they share a common intention to be legally bound, as no final agreement has been reached."
1,1,3,,"The essential terms (price, vehicle identification) are being discussed but not yet agreed upon, as the parties remain at the same price point without consensus."
1,1,4,,Compliance with mandatory statutory provisions cannot be assessed until the parties reach agreement on contract terms.
1,1,5,1,"Both parties are negotiating in good faith with transparent reasoning about market rates and vehicle condition, demonstrating fair dealing principles."
1,1,6,1,Both parties appear to be consciously and freely participating in the negotiation without any indication of coercion or lack of autonomy.
1,1,7,,"No contract has been concluded yet, so it cannot be determined whether any agreement would constitute a simulated or genuine juridical act."
1,1,8,,"No defects in declarations of will (error, deceit, or threat) are evident in this round of negotiation."
1,2,1,1,"Both parties continue to express clear declarations of intent to negotiate and potentially conclude a contract, with the seller making a revised offer of $16,200."
1,2,2,,"While both parties demonstrate willingness to negotiate, it cannot yet be determined if they share a common intention to be bound by legal effects, as no agreement on price has been reached."
1,2,3,,"The parties have not yet agreed on the essential term (price); the buyer's last offer was $17,000 and the seller's current offer is $16,200, leaving a gap of $800."
1,2,4,,Compliance with mandatory statutory provisions cannot be assessed until the parties reach agreement on material terms.
1,2,5,1,"Both parties are negotiating in good faith, with the seller making a concession ($16,200 down from $16,500) and both acknowledging each other's positions respectfully."
1,2,6,1,Both parties appear to be consciously and freely deciding to continue negotiations without evidence of coercion or lack of autonomy.
1,2,7,1,There is no indication that either party is engaging in a simulated or sham transaction; both appear genuinely interested in negotiating a real sale.
1,2,8,,"The seller notes a potential error in the buyer's stated budget ($17,000 offer versus $17,200 maximum), but this appears to be a clarification rather than evidence of defects affecting the validity of declarations."
1,3,1,1,"Both parties have clearly expressed their declarations of intent and will to conclude the contract at $16,200."
1,3,2,1,"Both buyer and seller have explicitly agreed to be bound by the contract at the price of $16,200 and are ready to move forward."
1,3,3,1,"The essential terms are agreed upon: the vehicle (2019 Toyota Yaris with 65,000 km), the price ($16,200), and the parties' intentions are clear."
1,3,4,,Compliance with mandatory statutory provisions cannot be determined from the negotiation transcript alone without knowing the applicable jurisdiction's requirements.
1,3,5,1,"Both parties have negotiated in good faith, acknowledged each other's concerns, and reached a mutually acceptable agreement reflecting fair dealing."
1,3,6,1,Both parties have consciously and freely decided to conclude the contract without any indication of coercion or lack of autonomy.
1,3,7,1,There is no evidence suggesting this is a simulated or sham transaction; both parties appear genuinely committed to the purchase and sale.
1,3,8,1,"The buyer's earlier confusion about budget figures was clarified and corrected, and both parties proceeded with full understanding and without apparent error, deceit, or threat."
2,1,1,,"Both parties have made declarations of intent to negotiate, but neither has yet made a final, unconditional offer of acceptance that would constitute mutual consent to conclude the contract."
2,1,2,,"While both parties appear interested in concluding a contract, they have not yet demonstrated a common intention to be bound, as the negotiation is still in the exploratory phase with competing price proposals."
2,1,3,,"The parties have not yet agreed on the essential term of price; the buyer offered $16,500 and the seller countered with $17,200, leaving this critical term unresolved."
2,1,4,,Compliance with mandatory statutory provisions cannot be assessed at this stage as the parties have not yet reached agreement on the material terms.
2,1,5,1,Both parties are negotiating in good faith with transparent reasoning and reasonable counteroffers that reflect fair dealing principles.
2,1,6,1,Both parties appear to be consciously and freely deciding to participate in the negotiation without evidence of coercion or constraint.
2,1,7,1,There is no indication that either party is engaging in a simulated or sham transaction; both appear genuinely interested in a legitimate car sale.
2,1,8,1,"There is no evidence of error, deceit, or threat affecting either party's declarations of will in this round."
2,2,1,1,"Both parties have made clear declarations of intent with specific offer prices ($16,800 from buyer, $16,950 from seller) in this round."
2,2,2,,"While both parties are negotiating, neither has yet accepted the other's offer, so a common intention to be bound cannot be confirmed at this stage."
2,2,3,1,"The essential terms are substantially agreed: the vehicle (2019 Yaris), mileage (65,000 km), condition, and maintenance records are all established; only the price remains in dispute within a narrow range."
2,2,4,,Compliance with mandatory statutory provisions cannot be evaluated without knowing the jurisdiction and specific legal requirements applicable to this vehicle sale.
2,2,5,1,"Both parties are negotiating in good faith with reasonable offers, transparent reasoning about value and constraints, and mutual respect for each other's positions."
2,2,6,1,"Both parties demonstrate conscious and free decision-making, with the buyer citing budget constraints and the seller explaining their margin position, neither showing signs of coercion."
2,2,7,1,The negotiations appear genuine with substantive discussion of the vehicle's condition and value; there is no indication of a sham or simulated transaction.
2,2,8,1,"No evidence of error, deceit, or threat appears in either party's declarations; both are transparently stating their positions and reasoning."
2,3,1,1,"Both parties have clearly expressed their declarations of intent and will regarding the purchase at $16,950, with both confirming agreement."
2,3,2,1,"Both parties explicitly state their intention to conclude the contract and be bound by it, as evidenced by their 'agreed: true' status and commitment to move forward."
2,3,3,1,"The essential terms are agreed upon: the vehicle (2019 Yaris), the price ($16,950), and the parties' identities are clear from context."
2,3,4,,"Compliance with mandatory statutory provisions cannot be determined from this negotiation transcript alone, as it depends on jurisdiction-specific requirements not addressed here."
2,3,5,1,"The negotiation demonstrates good faith and fair dealing, with both parties making reasonable concessions and acknowledging each other's positions throughout."
2,3,6,1,Both parties have consciously and freely decided to conclude the contract without evidence of coercion or undue pressure.
2,3,7,1,There is no indication that this is a simulated or sham transaction; both parties appear genuinely committed to completing the purchase.
2,3,8,1,"No defects such as error, deceit, or threat are evident in either party's declarations of will during this round."
3,1,1,,"Both parties have made clear declarations of intent to negotiate, but neither has yet made a definitive offer of acceptance that would constitute mutual consent to conclude the contract."
3,1,2,,"While both parties express interest in concluding a sale, they have not yet demonstrated a common intention to be bound, as they remain in the negotiation phase with differing price positions."
3,1,3,,"The parties have identified the main subject matter (2019 Yaris, 65,000 km) but have not yet agreed on the essential term of price, which is critical for a valid contract."
3,1,4,,It cannot be determined whether mandatory statutory provisions have been complied with at this early negotiation stage.
3,1,5,1,"Both parties are negotiating in good faith with transparent information about the vehicle's condition and maintenance history, consistent with fair dealing principles."
3,1,6,1,Both parties appear to be consciously and freely deciding to engage in negotiations without any indication of coercion or lack of autonomy.
3,1,7,1,There is no indication that either party is engaging in a simulated or sham transaction; both appear genuinely interested in a legitimate car sale.
3,1,8,1,"Neither party's declarations of will show evidence of error, deceit, or threat in this round of negotiation."
3,2,1,1,"Both parties continue to express clear declarations of intent to negotiate and potentially conclude a contract, with the seller making a specific counter-offer at $17,250."
3,2,2,,"While both parties demonstrate willingness to negotiate, neither has yet accepted the other's offer, so a common intention to be bound cannot be confirmed at this stage."
3,2,3,1,"The essential terms are substantially agreed: the vehicle (2019 Yaris, 65,000 km), condition details, and a price range ($17,000-$17,250) that is very close to convergence."
3,2,4,,Compliance with mandatory statutory provisions cannot be evaluated without knowing the jurisdiction and specific legal requirements for vehicle sales contracts.
3,2,5,1,"Both parties are negotiating transparently with reasonable justifications for their positions, demonstrating good faith and fair dealing principles."
3,2,6,1,"Both parties explicitly state their positions are freely decided and voluntary, with the buyer stating readiness to move forward and the seller presenting a final position."
3,2,7,1,There are no indications of simulation or sham; both parties appear genuinely engaged in a legitimate price negotiation for an actual vehicle sale.
3,2,8,1,"No evidence of error, deceit, or threat appears in either party's declarations; both provide factual information about the vehicle and their positions."
3,3,1,1,"Both parties have made clear declarations of intent and mutual consent is evident through the buyer's acceptance of $17,250 and the seller's confirmation of agreement."
3,3,2,1,"Both parties explicitly state they are ready to proceed and move forward, demonstrating a common intention to be bound by the contract at the agreed price."
3,3,3,1,"The essential terms are agreed upon: the vehicle (2019 Yaris with 65,000 km), the price ($17,250), and the parties' intent to finalize the sale today."
3,3,4,,"Compliance with mandatory statutory provisions cannot be determined from the negotiation transcript alone, as it depends on jurisdiction-specific requirements and subsequent documentation."
3,3,5,1,"The negotiation demonstrates good faith and fair dealing, with both parties making reasonable counteroffers, acknowledging each other's positions, and reaching a mutually acceptable middle ground."
3,3,6,1,"Both parties have consciously and freely decided to conclude the contract, with the buyer explicitly stating readiness to proceed and the seller confirming the agreement."
3,3,7,1,There is no indication that this is a simulated or sham transaction; both parties appear to be genuinely negotiating and intending to complete a real purchase.
3,3,8,1,"Neither party's declarations of will show signs of error, deceit, or threat; the negotiation is straightforward and transparent."
4,1,1,,"Both parties have made declarations of intent, but neither has yet made a binding offer or acceptance that would constitute mutual consent to conclude the contract."
4,1,2,,"While both parties are engaged in negotiation, there is no clear common intention to be legally bound at this stage, as the seller is still inviting further discussion ('or did you have something else in mind?')."
4,1,3,,"Only the price has been discussed; essential terms such as payment method, delivery, condition warranties, and other material terms remain unaddressed."
4,1,4,,No statutory requirements can be evaluated as the parties have not yet reached agreement on essential terms or demonstrated intent to be bound.
4,1,5,,"The negotiation appears conducted in good faith with transparent discussion of vehicle condition and value, but this cannot be fully assessed until agreement is reached."
4,1,6,,"Both parties appear to be negotiating freely and consciously, but no binding decision has been made yet."
4,1,7,,There is no indication of simulation or sham; both parties appear to be genuinely negotiating a car purchase.
4,1,8,,"No defects (error, deceit, or threat) are apparent in either party's declarations at this preliminary negotiation stage."
4,2,1,,"Both parties continue to express willingness to negotiate with counteroffers, but neither has yet accepted the other's terms, so mutual consent on final terms is not yet established."
4,2,2,,"Both parties demonstrate intent to conclude a contract through continued negotiation and counteroffers, but no binding agreement has been reached on price or other essential terms."
4,2,3,,"The parties have agreed on the subject matter (2019 Yaris with 65,000 km, excellent condition, no accidents) but remain in disagreement on the essential term of price ($16,800 vs. $16,200)."
4,2,4,,"No statutory compliance issues are apparent at this stage of negotiation, but a final contract has not yet been formed to evaluate full statutory compliance."
4,2,5,1,Both parties are negotiating in good faith with reasonable justifications for their positions and willingness to adjust from initial offers.
4,2,6,1,Both parties appear to be making conscious and free decisions to continue negotiating without evidence of coercion or undue pressure.
4,2,7,1,There is no indication that either party is engaging in a simulated or sham transaction; both are genuinely negotiating a car purchase.
4,2,8,1,"No evidence of error, deceit, or threat affecting either party's declarations of will in this round of negotiation."
4,3,1,1,"Both parties have made clear declarations of intent in this round—the buyer counters at $16,800 and the seller responds with a counter-offer of $16,200, demonstrating mutual willingness to negotiate."
4,3,2,1,"Both parties explicitly demonstrate intention to be bound by a contract, with the seller stating 'I'm willing to meet you closer to the middle' and the buyer expressing 'I'm genuinely interested in this vehicle, and I want to make this work.'"
4,3,3,,"While price is being negotiated, essential terms such as payment method, delivery, condition warranties, and documentation transfer remain undiscussed and unresolved."
4,3,4,,No information is provided about whether the negotiation complies with mandatory statutory provisions regarding vehicle sales in the relevant jurisdiction.
4,3,5,1,"Both parties conduct the negotiation in good faith with transparent reasoning, fair counteroffers, and mutual respect for each other's positions."
4,3,6,1,"Both parties demonstrate conscious and free decision-making, with the buyer explicitly stating budget constraints and the seller voluntarily adjusting their position without coercion."
4,3,7,,There is no indication that either party is engaging in a simulated or sham transaction; both appear to be genuine negotiations.
4,3,8,,"No evidence of error, deceit, or threat affecting either party's declarations of will is apparent in this round."
4,4,1,1,"Both parties have clearly expressed mutual consent to the contract terms with explicit agreement on price ($16,350) and the vehicle being sold."
4,4,2,1,"Both parties demonstrate a common intention to conclude a binding contract, as evidenced by their explicit agreement statements and willingness to proceed with paperwork."
4,4,3,1,"The essential terms are agreed upon: the vehicle (2019 Yaris with 65,000 km), the price ($16,350), and the condition (excellent with full maintenance records and no accidents)."
4,4,4,,"Compliance with mandatory statutory provisions cannot be determined from the negotiation transcript alone, as it depends on jurisdiction-specific requirements not addressed in the dialogue."
4,4,5,1,"The negotiation demonstrates good faith and fair dealing, with both parties making reasonable concessions, transparent communication, and mutual respect throughout the process."
4,4,6,1,"Both parties have consciously and freely decided to conclude the contract without evidence of coercion, and they have jointly determined the essential content through negotiation."
4,4,7,1,There is no indication that this is a simulated or sham transaction; both parties appear genuinely committed to completing the sale with authentic intent.
4,4,8,1,"Neither party's declarations of will show signs of error, deceit, or threat; both have acted with transparency and provided factual information about the vehicle's condition."
5,1,1,1,"Both parties have made clear declarations of intent with specific offer prices ($16,500 from buyer, $17,800 from seller), demonstrating mutual willingness to negotiate."
5,1,2,,"While both parties express interest in concluding a contract, neither has yet accepted the other's terms, so a common intention to be bound cannot be definitively established at this stage."
5,1,3,,The essential term (price) remains in dispute; the parties have not yet agreed on the main subject matter of the contract.
5,1,4,,"No statutory compliance issues are apparent from the negotiation content, but full assessment requires completion of the contract formation process."
5,1,5,1,Both parties are negotiating in good faith with transparent reasoning for their positions and openness to compromise.
5,1,6,1,"Both parties demonstrate conscious and free decision-making, with the buyer initiating an offer and the seller responding with a counter-offer and willingness to negotiate."
5,1,7,1,There is no indication that either party's declarations are simulated or insincere; both appear to genuinely intend to negotiate a real transaction.
5,1,8,1,"No evidence of error, deceit, or threat affecting either party's declarations of will in this round."
5,2,1,1,"Both parties have made clear declarations of intent with specific price offers ($17,200 from buyer, $17,500 from seller) in this round."
5,2,2,,"While both parties are actively negotiating, neither has yet accepted the other's offer, so a common intention to be bound cannot be confirmed at this stage."
5,2,3,,"The parties have agreed on the subject matter (2019 Yaris with 65,000 km) but remain in disagreement on the essential term of price ($17,200 vs $17,500)."
5,2,4,,Compliance with mandatory statutory provisions cannot be assessed without knowing the applicable jurisdiction and specific legal requirements for vehicle sales.
5,2,5,1,"Both parties are negotiating in good faith with reasoned arguments, market comparisons, and incremental concessions reflecting fair dealing principles."
5,2,6,1,"Both parties demonstrate conscious and free decision-making, with the buyer explicitly referencing their budget and market research, and the seller making deliberate price adjustments."
5,2,7,1,There are no indications that either party is engaging in a simulated or sham transaction; both appear genuinely interested in concluding a real sale.
5,2,8,1,"No evidence of error, deceit, or threat affecting either party's declarations of will in this round of negotiation."
5,3,1,1,"Both parties have clearly expressed their declarations of intent to conclude a contract at $17,350, with the seller explicitly accepting the buyer's final offer."
5,3,2,1,"Both parties demonstrate a common intention to be bound by the contract, as evidenced by the seller's statement 'Let's make this deal happen' and the buyer's conditional offer 'If you can do $17,350, we have a deal today.'"
5,3,3,1,"The essential terms are agreed upon: the subject matter is a 2019 Toyota Yaris with 65,000 km, and the price is $17,350."
5,3,4,,"Compliance with mandatory statutory provisions cannot be determined from the negotiation transcript alone, as it depends on jurisdiction-specific requirements not addressed in the dialogue."
5,3,5,1,"Both parties have negotiated in good faith with transparent reasoning, reasonable compromises, and mutual respect throughout the process."
5,3,6,1,"Both parties have consciously and freely decided to conclude the contract without evidence of coercion, duress, or external pressure."
5,3,7,1,There is no indication that this is a simulated or sham transaction; both parties appear to genuinely intend to complete the car sale.
5,3,8,1,"Neither party's declarations of will show signs of error, deceit, or threat; the negotiation is transparent and based on factual information about the vehicle."
5,4,1,1,"Both parties have clearly expressed their declarations of intent and will, with the seller accepting the buyer's final offer of $17,350."
5,4,2,1,"Both parties explicitly demonstrate a common intention to conclude a binding contract, as evidenced by their mutual agreement and statements about moving forward with paperwork."
5,4,3,1,"The essential terms are agreed upon: the vehicle (2019 Toyota Yaris), the price ($17,350), and the subject matter of the sale are clearly defined."
5,4,4,,"Compliance with mandatory statutory provisions cannot be determined from this negotiation transcript alone, as it depends on jurisdiction-specific requirements not addressed in the dialogue."
5,4,5,1,"Both parties have negotiated in good faith with transparency, reasonable compromises, and professional conduct throughout the process."
5,4,6,1,"Both parties have consciously and freely made their decisions without apparent coercion, with the buyer explicitly stating readiness to close and the seller voluntarily accepting the final offer."
5,4,7,1,There is no indication that this is a simulated or sham transaction; both parties appear genuinely committed to completing the sale.
5,4,8,1,"Neither party's declarations of will show signs of error, deceit, or threat; both have conducted transparent negotiations based on market research and vehicle condition."
6,1,1,1,"Both parties have made clear declarations of intent with specific offer prices ($16,500 from buyer, $18,500 from seller), demonstrating mutual willingness to negotiate."
6,1,2,,"While both parties express interest in negotiating, neither has yet declared a common intention to be bound by contract terms, as they remain in the opening stages of price negotiation."
6,1,3,,"The parties have identified the main subject matter (a 2019 Yaris with 65,000 km) but have not yet agreed on the essential term of price, which is critical for a valid contract."
6,1,4,,No information is provided about whether the parties are complying with mandatory statutory provisions for vehicle sales at this early negotiation stage.
6,1,5,1,"Both parties are negotiating in good faith with transparent information about the vehicle's condition, maintenance history, and mileage, demonstrating fair dealing principles."
6,1,6,1,Both parties appear to be consciously and freely making their own decisions regarding offer prices without any indication of coercion or constraint.
6,1,7,1,There is no indication that either party is engaging in a simulated or sham transaction; both appear genuinely interested in negotiating a real car sale.
6,1,8,1,"Neither party's declarations of will show signs of error, deceit, or threat; both are providing factual information about the vehicle and making straightforward offers."
6,2,1,1,"Both parties continue to express clear declarations of intent to negotiate and potentially conclude a contract, with the seller making a counter-offer of $17,750."
6,2,2,,"While both parties demonstrate willingness to negotiate, neither has yet accepted the other's terms, so a common intention to be bound cannot be confirmed at this stage."
6,2,3,,"The parties have not yet agreed on the essential term (price); the buyer proposed $17,200 and the seller countered with $17,750, leaving the main subject matter unresolved."
6,2,4,,Compliance with mandatory statutory provisions cannot be assessed until the parties reach agreement on material terms.
6,2,5,1,"Both parties are negotiating in good faith with transparent reasoning about the car's condition, maintenance, and market value, demonstrating fair dealing principles."
6,2,6,1,"Both parties are consciously and freely participating in the negotiation, making independent offers and counter-offers without apparent coercion."
6,2,7,1,There is no indication that either party is engaging in a simulated or sham transaction; both appear genuinely interested in negotiating a real car sale.
6,2,8,1,"No evidence of error, deceit, or threat affecting either party's declarations of will; both parties provide factual information about the vehicle and their positions."
6,3,1,1,"Both parties have made clear declarations of intent in this round, with the buyer proposing $17,500 and the seller accepting it."
6,3,2,1,"Both parties demonstrate a common intention to conclude the contract and be bound by it, as evidenced by the seller's explicit acceptance and agreement."
6,3,3,1,"The essential terms are agreed upon: the vehicle (2019 Yaris), condition, mileage (65,000 km), and price ($17,500)."
6,3,4,,Compliance with mandatory statutory provisions cannot be determined from the negotiation transcript alone without knowing the applicable jurisdiction's requirements.
6,3,5,1,"The negotiation demonstrates good faith and fair dealing, with both parties making reasonable compromises and acknowledging each other's positions."
6,3,6,1,Both parties have consciously and freely decided to conclude the contract without any indication of coercion or lack of deliberation.
6,3,7,1,There is no indication that this is a simulated or sham transaction; both parties appear to be genuinely negotiating a real car sale.
6,3,8,1,"Neither party's declarations of will show signs of error, deceit, or threat in this round."
6,4,1,1,"Both parties have clearly declared their mutual intent to conclude the contract at $17,500, with both confirming agreement."
6,4,2,1,Both parties explicitly state they intend to be bound by the agreement and proceed with finalizing the sale.
6,4,3,1,"The essential terms are agreed upon: vehicle (2019 Yaris), price ($17,500), condition (well-maintained, 65,000 km), and next steps (paperwork and documentation)."
6,4,4,,"Compliance with mandatory statutory provisions cannot be determined from this negotiation transcript alone, as it depends on jurisdiction-specific requirements not addressed here."
6,4,5,1,"Both parties have negotiated transparently, in good faith, with fair dealing throughout the process, and both express satisfaction with the final agreement."
6,4,6,1,"Both parties have consciously and freely made their decisions without coercion, with the buyer explicitly confirming confidence in the purchase and the seller acknowledging the buyer's straightforward approach."
6,4,7,1,There is no indication that this is a simulated or sham transaction; both parties appear genuinely committed to completing the sale.
6,4,8,1,"No evidence of error, deceit, or threat appears in either party's declarations; both have provided accurate information and negotiated honestly."
7,1,1,,"Both parties have made declarations of intent (buyer's offer at $16,500 and seller's counter-offer at $17,200), but neither has accepted the other's terms yet, so mutual consent is not yet established."
7,1,2,,"Both parties express willingness to negotiate and work toward a deal, but neither has demonstrated a clear intention to be bound by the current terms presented."
7,1,3,,"The parties have identified the main subject matter (2019 Toyota Yaris at 65,000 km) but have not yet agreed on the essential term of price, which remains in negotiation."
7,1,4,,"No statutory compliance issues are apparent at this stage of negotiation, but the contract has not yet been formed to evaluate full statutory compliance."
7,1,5,1,"Both parties are negotiating in good faith, with the seller providing transparent maintenance history and the buyer making a reasonable opening offer based on market value."
7,1,6,1,Both parties appear to be consciously and freely engaging in the negotiation without any indication of coercion or lack of voluntary participation.
7,1,7,1,There is no indication that either party is engaging in a simulated or sham transaction; both appear genuinely interested in negotiating a real car sale.
7,1,8,1,"No defects such as error, deceit, or threat are evident in either party's declarations; the seller provides documented maintenance history and the buyer asks clarifying questions."
7,2,1,1,"Both parties have clearly expressed their declarations of intent through specific offer and counter-offer prices ($16,800 from buyer, $16,950 from seller)."
7,2,2,,"While both parties are actively negotiating, neither has yet explicitly agreed to be bound by the contract terms, so common intention to conclude cannot be definitively determined."
7,2,3,,"The parties have agreed on the vehicle (2019 Toyota Yaris) and maintenance history, but the essential term of price remains unresolved with only a $150 gap between offers."
7,2,4,,Compliance with mandatory statutory provisions cannot be assessed without knowing the applicable jurisdiction and whether all required documentation procedures are being followed.
7,2,5,1,"Both parties are negotiating in good faith with transparent reasoning, acknowledging each other's points, and moving toward a reasonable middle ground."
7,2,6,1,Both parties demonstrate conscious and free decision-making by independently researching market conditions and voluntarily adjusting their positions without coercion.
7,2,7,,There is no indication of simulation or sham intent; both parties appear genuinely interested in concluding a legitimate vehicle sale.
7,2,8,1,"No evidence of error, deceit, or threat appears in this round; the buyer's research is acknowledged and the seller provides transparent justification for their pricing."
7,3,1,1,"Both parties have clearly expressed their declarations of intent and will regarding the purchase at $16,950, with mutual agreement on price and willingness to proceed."
7,3,2,1,"Both parties explicitly demonstrate a common intention to conclude a binding contract, with the buyer stating 'I'm ready to proceed with the purchase' and the seller confirming 'Let's move forward with the paperwork.'"
7,3,3,1,"The essential terms are agreed upon: the vehicle (2019 Toyota Yaris), the price ($16,950), the condition (well-maintained, 65,000 km, documented service history), and the parties' intentions to proceed."
7,3,4,,"Compliance with mandatory statutory provisions cannot be determined from this negotiation transcript alone, as it depends on jurisdiction-specific requirements not addressed in the dialogue."
7,3,5,1,"The negotiation demonstrates good faith and fair dealing, with both parties making reasonable compromises, acknowledging each other's positions, and reaching a mutually acceptable middle ground."
7,3,6,1,"Both parties have consciously and freely decided to conclude the contract without evidence of coercion, duress, or external pressure affecting their decisions."
7,3,7,1,There is no indication that this is a simulated or sham transaction; both parties appear genuinely interested in completing a legitimate vehicle purchase.
7,3,8,1,"Neither party's declarations of will show signs of error, deceit, or threat; the buyer has verified maintenance history and market pricing, and both parties have negotiated transparently."
8,1,1,,"Both parties have made clear declarations of intent (buyer at $16,500, seller at $17,200), but neither has accepted the other's offer, so mutual consent is not yet established."
8,1,2,,"Both parties express willingness to negotiate and be bound by a future agreement, but no binding intent has been formed as offers remain unaccepted."
8,1,3,1,"The essential terms are clearly identified: vehicle (2019 Yaris), condition, mileage (65,000 km), and price range ($16,500-$17,200) are all specified."
8,1,4,,Compliance with mandatory statutory provisions cannot be assessed at this preliminary negotiation stage without knowing the jurisdiction and applicable laws.
8,1,5,1,"Both parties are negotiating in good faith with transparent reasoning about market value and vehicle condition, showing fair dealing principles."
8,1,6,1,Both parties explicitly state they are open to negotiation and have consciously made their opening offers without any indication of coercion or lack of freedom.
8,1,7,1,"The negotiation appears genuine with substantive discussion of vehicle merits and market conditions, showing no signs of a simulated or sham transaction."
8,1,8,1,"No evidence of error, deceit, or threat appears in either party's declarations; both provide factual information about the vehicle's condition and their valuation reasoning."
8,2,1,,"Both parties continue to express willingness to negotiate with specific counteroffers, but neither has yet accepted the other's terms, so mutual consent on final terms is not yet established."
8,2,2,,"Both parties demonstrate intent to conclude a contract through continued negotiation and compromise proposals, but no binding agreement has been reached."
8,2,3,1,"The essential terms are clearly agreed: specific vehicle (2019 Yaris, 65,000 km), with only the price remaining in dispute within a narrow range ($16,800-$17,000)."
8,2,4,,Compliance with mandatory statutory provisions cannot be assessed without knowing the jurisdiction and specific legal requirements for vehicle sales contracts.
8,2,5,1,"Both parties are negotiating in good faith with reasonable compromises, transparent reasoning about vehicle condition and market value, and mutual respect for each other's positions."
8,2,6,1,"Both parties are consciously and freely making counteroffers without any indication of coercion, duress, or lack of voluntary participation in the negotiation process."
8,2,7,1,"The negotiation appears genuine with substantive discussion of vehicle condition, maintenance history, and market value rather than a sham or pretended transaction."
8,2,8,1,"No evidence of error, deceit, or threat affecting either party's declarations of will; both parties are providing factual information about the vehicle and making reasoned offers."
8,3,1,1,"Both parties continue to express clear declarations of intent to negotiate and potentially conclude a contract, with specific price counteroffers demonstrating mutual willingness to engage."
8,3,2,,"While both parties are negotiating, neither has yet explicitly stated they intend to be legally bound; this remains to be determined upon final agreement."
8,3,3,,"The parties have agreed on the vehicle (2019 Yaris) and are converging on price ($16,900 vs $17,000), but no final agreement on all essential terms has been reached."
8,3,4,,Compliance with mandatory statutory provisions cannot be assessed until the parties reach agreement and the contract terms are fully specified.
8,3,5,1,"Both parties are negotiating in good faith with transparent reasoning, reasonable compromises, and fair dealing principles evident throughout the exchange."
8,3,6,1,"Both parties demonstrate conscious and free decision-making, with the buyer explicitly stating budget constraints and the seller explaining their valuation rationale."
8,3,7,,There is no indication of simulation or sham; the negotiation appears genuine with substantive discussion of vehicle condition and market value.
8,3,8,,"No evidence of error, deceit, or threat affecting either party's declarations of will; both parties appear to be acting on accurate information."
8,4,1,1,Both parties have clearly expressed their declarations of intent and will regarding the purchase and sale of the vehicle at the negotiated price.
8,4,2,1,"Both parties demonstrate a common intention to conclude a binding contract, as evidenced by their willingness to negotiate toward agreement and acceptance of terms."
8,4,3,1,"The essential terms are agreed upon: the subject matter (2019 Toyota Yaris), the price ($17,000), and the condition of the vehicle have been clearly established."
8,4,4,,"Compliance with mandatory statutory provisions cannot be determined from the negotiation transcript alone, as it depends on jurisdiction-specific requirements not addressed in the dialogue."
8,4,5,1,"The negotiation demonstrates good faith and fair dealing, with both parties making reasonable compromises and acknowledging each other's positions respectfully."
8,4,6,1,Both parties have consciously and freely decided to conclude the contract without evidence of coercion or undue pressure in their dialogue.
8,4,7,1,There is no indication that this is a simulated or sham transaction; both parties appear genuinely engaged in a legitimate vehicle sale negotiation.
8,4,8,1,"Neither party's declarations of will show signs of error, deceit, or threat; the negotiation is transparent and based on disclosed vehicle condition and market information."
9,1,1,1,"Both parties have clearly expressed their declarations of intent through specific offer prices ($16,500 from buyer, $17,000 counter-offer from seller) and willingness to negotiate."
9,1,2,,"While both parties are actively negotiating, it cannot yet be determined if they share a common intention to be legally bound, as they have not reached agreement on price or finalized terms."
9,1,3,,"The parties have discussed the main subject matter (vehicle specifications, maintenance, history, price range) but have not yet agreed on the essential term of price, which is critical for contract formation."
9,1,4,,Compliance with mandatory statutory provisions cannot be assessed until the parties reach agreement and the contract terms are finalized.
9,1,5,1,"Both parties are conducting the negotiation in good faith with transparent disclosure of vehicle condition, maintenance records, and honest counter-offers without deception."
9,1,6,1,"Both parties are consciously and freely participating in the negotiation, making independent decisions about their offers without apparent coercion or duress."
9,1,7,1,There are no indications that either party is engaging in a simulated or sham transaction; both appear genuinely interested in concluding a real car sale.
9,1,8,1,"Neither party's declarations of will show signs of error, deceit, or threat; the seller provides verifiable documentation and the buyer asks clarifying questions."
9,2,1,1,"Both parties are making clear declarations of intent with specific offer prices ($16,800 from buyer, $16,900 from seller) in response to each other."
9,2,2,,"While both parties are negotiating, neither has yet accepted the other's offer, so a common intention to be bound cannot be definitively established at this stage."
9,2,3,1,"The essential terms are substantially agreed: vehicle identification (2019 Toyota Yaris), mileage (65,000 km), condition (excellent with full maintenance records), and price is nearly settled ($100 difference between $16,800 and $16,900)."
9,2,4,,Compliance with mandatory statutory provisions cannot be assessed without knowing the applicable jurisdiction and whether required documentation procedures are being followed.
9,2,5,1,"Both parties are negotiating transparently, acknowledging each other's positions, and demonstrating good faith by moving toward agreement without deception or unreasonable demands."
9,2,6,1,"Both parties are consciously and freely making counteroffers without any indication of coercion, duress, or lack of voluntary participation in the negotiation."
9,2,7,1,"The negotiation appears genuine with substantive discussion of vehicle condition, maintenance records, and price justification, showing no signs of a simulated or sham transaction."
9,2,8,1,"Neither party's declarations show evidence of error, deceit, or threat; both are providing factual information and making reasoned counteroffers."
9,3,1,1,"Both parties have clearly expressed their declarations of intent and will regarding the purchase at $16,900, with both marking 'agreed': true."
9,3,2,1,"Both parties explicitly demonstrate a common intention to conclude the contract and be bound by it, as evidenced by their agreement statements and willingness to proceed with paperwork."
9,3,3,1,"The essential terms are agreed upon: the vehicle (2019 Toyota Yaris with 65,000 km), the price ($16,900), and key conditions (full maintenance history, single-owner, accident-free status)."
9,3,4,,"Compliance with mandatory statutory provisions cannot be determined from the negotiation transcript alone, as it depends on jurisdiction-specific requirements not addressed in the dialogue."
9,3,5,1,"The negotiation demonstrates good faith and fair dealing, with both parties showing transparency, reasonableness, and mutual respect throughout the process."
9,3,6,1,"Both parties have consciously and freely decided to conclude the contract, with the buyer explicitly stating satisfaction and readiness to move forward without any indication of coercion."
9,3,7,1,There is no evidence suggesting this is a simulated or sham transaction; both parties appear genuinely committed to completing the sale.
9,3,8,1,"Neither party's declarations of will show signs of error, deceit, or threat; the buyer has verified information and the seller has provided transparent documentation."
10,1,1,1,"Both parties have made clear declarations of intent with specific offer prices ($16,500 from buyer, $17,000 from seller), demonstrating mutual willingness to negotiate."
10,1,2,,"While both parties express interest in concluding a contract, neither has yet accepted the other's terms, so common intention to be bound cannot be definitively established at this stage."
10,1,3,,"The parties have agreed on the main subject matter (a 2019 Yaris with 65,000 km), but the essential term of price remains in dispute with no agreement reached."
10,1,4,,"No information is provided about compliance with mandatory statutory provisions for vehicle sales, which cannot be assessed from this negotiation transcript alone."
10,1,5,1,"Both parties are negotiating in good faith with transparent reasoning about price, fair market value considerations, and willingness to compromise toward the middle."
10,1,6,1,Both parties appear to be consciously and freely making their own decisions without evidence of coercion or external pressure affecting their declarations.
10,1,7,1,There is no indication that either party's declarations are simulated or sham; both appear to be genuine negotiating positions.
10,1,8,1,"No evidence of error, deceit, or threat affecting either party's declarations of will in this round of negotiation."
10,2,1,1,"Both parties have made clear declarations of intent with specific price offers ($16,800 from buyer, $16,950 from seller) in this round."
10,2,2,,"While both parties continue negotiating, neither has yet accepted the other's offer, so a common intention to be bound cannot be confirmed at this stage."
10,2,3,1,"The parties have agreed on essential terms: the vehicle (2019 Yaris), condition, mileage, and are negotiating only the price within a narrow $150 range."
10,2,4,,Compliance with mandatory statutory provisions cannot be assessed from the negotiation transcript alone.
10,2,5,1,"Both parties are negotiating in good faith with transparent reasoning about vehicle condition, maintenance, and market value."
10,2,6,1,Both parties are consciously and freely making counteroffers without any indication of coercion or lack of deliberation.
10,2,7,1,There is no indication that either party is engaging in a simulated or sham transaction; both are genuinely negotiating a car purchase.
10,2,8,1,"No evidence of error, deceit, or threat affecting either party's declarations of will in this round."
10,3,1,1,"Both parties have clearly expressed their declarations of intent in this round, with the buyer proposing $16,800 and the seller responding with a counteroffer of $16,950."
10,3,2,,"While both parties are negotiating in good faith, it cannot yet be determined if they share a common intention to be legally bound, as no agreement has been reached in this round."
10,3,3,,"The essential term (price) remains under negotiation in this round with the buyer at $16,800 and seller at $16,950, so agreement on all essential terms has not yet been achieved."
10,3,4,,Compliance with mandatory statutory provisions cannot be assessed at this stage of negotiation before contract formation.
10,3,5,1,"Both parties are negotiating transparently with reasonable justifications for their positions, demonstrating good faith and fair dealing principles."
10,3,6,1,"Both parties are making conscious and free decisions to negotiate, with the buyer explicitly stating their budget constraints and the seller providing reasoned counteroffers."
10,3,7,1,There are no indications in this round that either party is engaging in a simulated or sham transaction; both appear genuinely interested in purchasing/selling the vehicle.
10,3,8,1,"Neither party's declarations of will show signs of error, deceit, or threat; both are providing honest assessments of the vehicle's value and their positions."
11,1,1,,"Both parties have made declarations of intent (buyer's offer at $16,500 and seller's counteroffer at $17,500), but mutual consent on all terms has not yet been reached."
11,1,2,,"While both parties appear willing to negotiate, there is no clear common intention to be bound at this stage, as the price remains disputed."
11,1,3,,Essential terms like price remain unresolved; the parties have not yet agreed on the main subject matter of the contract.
11,1,4,,Compliance with mandatory statutory provisions cannot be assessed until a binding agreement is reached.
11,1,5,1,Both parties are negotiating in good faith with transparent information sharing (maintenance records offered) and reasonable market-based positions.
11,1,6,1,Both parties appear to be consciously and freely deciding to negotiate without evidence of coercion or constraint.
11,1,7,1,There is no indication that either party is engaging in a simulated or sham transaction; both appear genuinely interested in a real sale.
11,1,8,1,"No evidence of error, deceit, or threat affecting either party's declarations of will in this round."
11,2,1,1,Both parties have clearly expressed their declarations of intent through explicit offer and counter-offer communications regarding the car sale.
11,2,2,,"While both parties are negotiating, the buyer has not yet accepted the seller's final offer of $17,000, so mutual intention to be bound cannot be confirmed at this stage."
11,2,3,1,"The parties have agreed on essential terms: the subject matter (2019 Toyota Yaris), price ($17,000), and condition/maintenance history are clearly established."
11,2,4,,Compliance with mandatory statutory provisions cannot be assessed without knowing the applicable jurisdiction and whether all legal formalities have been or will be observed.
11,2,5,1,"The negotiation demonstrates good faith and fair dealing, with both parties providing transparency about the car's condition, service records, and market comparables."
11,2,6,1,"Both parties appear to be consciously and freely deciding on contract terms without evidence of coercion, though the seller's time pressure condition warrants monitoring."
11,2,7,1,There is no indication that either party is engaging in a simulated or sham transaction; both are genuinely negotiating a car purchase.
11,2,8,1,"No evidence of error, deceit, or threat affecting either party's declarations of will; information about maintenance and condition appears transparent and verifiable."
11,3,1,1,"Both parties have clearly expressed their declarations of intent and will regarding the purchase and sale of the vehicle at $17,000."
11,3,2,1,Both parties demonstrate a common intention to conclude a binding contract and accept its legal effects by agreeing to finalize the transaction.
11,3,3,1,"The essential terms are agreed upon: the subject matter (2019 Toyota Yaris), price ($17,000), condition (excellent, accident-free with full service records), and timing (finalization today)."
11,3,4,,"Compliance with mandatory statutory provisions cannot be determined from the negotiation transcript alone, as it depends on jurisdiction-specific requirements and subsequent documentation."
11,3,5,1,"The negotiation demonstrates good faith and fair dealing, with both parties making reasonable compromises, providing transparency about the vehicle's condition, and reaching a mutually acceptable agreement."
11,3,6,1,"Both parties have consciously and freely decided to conclude the contract without apparent coercion, with the buyer explicitly stating readiness to proceed and the seller confirming the deal."
11,3,7,1,There is no indication that this is a simulated or sham transaction; both parties appear genuinely committed to completing the purchase and sale.
11,3,8,1,"No defects such as error, deceit, or threat are evident in the buyer's and seller's declarations; both parties have provided honest information and reached agreement voluntarily."
12,1,1,,"Both parties have made declarations of intent to negotiate, but neither has made a final binding offer to conclude the contract."
12,1,2,,"Both parties are negotiating and appear willing to discuss terms, but no clear mutual intention to be bound has been established yet."
12,1,3,,"The parties have identified the main subject matter (2019 Yaris, 65,000 km) but have not yet agreed on the essential term of price ($16,500 vs $17,200)."
12,1,4,,No statutory compliance issues are apparent at this preliminary negotiation stage.
12,1,5,1,Both parties are negotiating in good faith with transparent reasoning about market value and vehicle condition.
12,1,6,1,Both parties appear to be consciously and freely participating in the negotiation without apparent coercion or constraint.
12,1,7,1,There is no indication that either party is engaging in a simulated or sham transaction.
12,1,8,1,"No evidence of error, deceit, or threat affecting either party's declarations of will in this round."
12,2,1,1,"Both parties continue to express clear declarations of intent through their counter-offers, demonstrating mutual willingness to negotiate."
12,2,2,,"While both parties are negotiating, there is no explicit agreement yet on being bound by contract terms, so intent to conclude cannot be definitively determined."
12,2,3,1,"The parties have agreed on essential terms: the subject matter (2019 Yaris with 65,000 km, full maintenance records, no accident history) and are narrowing the price gap ($16,800 vs $17,000)."
12,2,4,,"No contract has been concluded yet, so compliance with mandatory statutory provisions cannot be evaluated at this stage."
12,2,5,1,"Both parties are negotiating in good faith with transparent reasoning about market value and vehicle condition, consistent with fair dealing principles."
12,2,6,1,"Both parties demonstrate conscious and free decision-making, with the buyer explicitly referencing budget parameters and the seller acknowledging the negotiation process."
12,2,7,,"No evidence of simulation or sham conduct; the negotiation appears genuine, though a final contract has not been concluded."
12,2,8,,"No defects (error, deceit, or threat) are apparent in this round, but a binding agreement has not yet been reached to fully assess this requirement."
12,3,1,1,"Both parties have made clear declarations of intent in this round, with the buyer offering $16,800 and the seller responding with a counter-offer of $17,000."
12,3,2,,"While both parties are actively negotiating, neither has yet explicitly stated a common intention to be bound by the contract at the prices discussed in this round."
12,3,3,1,"The essential terms are becoming clear: the subject matter is the 2019 Yaris with 65,000 km, and the price range is narrowing between $16,800 and $17,000."
12,3,4,,No information is provided about whether the parties are complying with mandatory statutory provisions for vehicle sales.
12,3,5,1,"Both parties are negotiating in good faith, acknowledging each other's positions and making reasonable counter-offers that reflect fair dealing."
12,3,6,1,"Both parties are consciously and freely making their own decisions; the buyer explicitly states their budget and preferences, and the seller responds voluntarily."
12,3,7,,There is no indication that either party is engaging in a simulated or sham transaction.
12,3,8,,"No evidence of error, deceit, or threat affecting either party's declarations of will in this round."
12,4,1,1,"Both parties have clearly expressed their declarations of intent and will to conclude the contract at $16,950 in the most recent round."
12,4,2,1,Both the buyer and seller have explicitly stated agreement and indicated they are ready to proceed with finalizing the deal and paperwork.
12,4,3,1,"The essential terms are agreed upon: vehicle (2019 Yaris), price ($16,950), condition (excellent with full maintenance history), and mileage (65,000 km)."
12,4,4,,Compliance with mandatory statutory provisions cannot be determined from the negotiation transcript alone; this requires verification of legal formalities outside the negotiation context.
12,4,5,1,"Both parties have negotiated in good faith, made reasonable concessions, and reached a mutually acceptable agreement that reflects fair dealing principles."
12,4,6,1,Both parties have explicitly confirmed they are comfortable with the agreement and are proceeding consciously and freely without any indication of coercion or constraint.
12,4,7,1,"The negotiation demonstrates genuine intent to conclude a real contract with actual performance (paperwork and vehicle transfer), not a simulated or sham transaction."
12,4,8,1,"There is no evidence of error, deceit, or threat affecting either party's declarations of will; both parties have been transparent and professional throughout."
13,1,1,,"Both parties have made clear declarations of intent to negotiate, but neither has yet made a definitive acceptance of the other's offer, so mutual consent to contract terms remains incomplete."
13,1,2,,"While both parties express interest in concluding a sale, they have not yet agreed on price and other essential terms, so a common intention to be bound cannot yet be confirmed."
13,1,3,,"The parties have identified the subject matter (2019 Yaris) and discussed price, but have not yet reached agreement on the essential term of price, which is critical for contract formation."
13,1,4,,"No information is provided about whether the parties are complying with mandatory statutory provisions for vehicle sales, so this cannot be assessed at this stage."
13,1,5,1,"Both parties are negotiating in good faith with transparent reasoning about market value and vehicle condition, demonstrating fair dealing principles."
13,1,6,1,Both parties appear to be consciously and freely making their own decisions about offers without evidence of coercion or constraint.
13,1,7,1,"The negotiations appear genuine with substantive discussion of the vehicle's condition and market value, showing no indication of a sham transaction."
13,1,8,1,"Neither party's declarations of will show evidence of error, deceit, or threat in this round of negotiation."
13,2,1,1,"Both parties have made clear declarations of intent with specific price offers ($16,800 from buyer, $16,900 from seller) in this round."
13,2,2,,"While both parties are actively negotiating, it cannot yet be determined if they share a common intention to be legally bound, as they have not reached agreement on price."
13,2,3,,"The parties have not yet agreed on the essential term (price); they remain $100 apart, so agreement on main subject matter is incomplete."
13,2,4,,Compliance with mandatory statutory provisions cannot be assessed until the parties reach agreement and the contract terms are finalized.
13,2,5,1,"Both parties are negotiating in good faith with reasonable, incremental offers that demonstrate fair dealing and respect for each other's positions."
13,2,6,1,Both parties are consciously and freely making their own decisions about pricing without evidence of coercion or constraint.
13,2,7,1,There is no indication that either party is engaging in a simulated or sham transaction; both appear genuinely interested in concluding a real sale.
13,2,8,1,"No evidence of error, deceit, or threat affecting either party's declarations of will in this round."
13,3,1,1,"Both parties have clearly expressed their declarations of intent in this round, with the buyer proposing $16,800 and the seller responding with a counter-offer of $16,900."
13,3,2,,"While both parties appear willing to negotiate, it cannot yet be determined if they share a common intention to be legally bound, as no final agreement has been reached in this round."
13,3,3,,"The essential term (price) remains under negotiation in this round with buyer at $16,800 and seller at $16,900, so agreement on main subject matter has not yet been achieved."
13,3,4,,Compliance with mandatory statutory provisions cannot be assessed at this stage of price negotiation without information about the legal framework and documentation requirements.
13,3,5,1,Both parties are negotiating in good faith with reasonable compromises and transparent reasoning about the vehicle's value and their respective positions.
13,3,6,1,Both parties are consciously and freely making counter-offers without any indication of coercion or lack of voluntary participation in the negotiation process.
13,3,7,1,There is no indication that either party is engaging in a simulated or sham transaction; both are genuinely negotiating the purchase and sale of the vehicle.
13,3,8,,"No defects such as error, deceit, or threat are apparent in this round, though a final determination requires completion of negotiations."
14,1,1,,"Both parties have made clear declarations of intent (buyer's offer of $16,500 and seller's counteroffer of $17,500), but mutual consent on price has not yet been reached."
14,1,2,,"Both parties demonstrate intention to conclude a contract, but disagreement on price terms prevents confirmation of common binding intent at this stage."
14,1,3,,"Essential terms like vehicle identification, condition, and mileage are agreed, but the critical term of price remains unresolved."
14,1,4,,No statutory violations are apparent in the negotiation conduct so far.
14,1,5,1,Both parties are negotiating in good faith with transparent reasoning about market value and vehicle condition.
14,1,6,1,Both parties appear to be making conscious and free decisions without evidence of coercion or undue pressure.
14,1,7,1,The negotiations appear genuine with substantive discussion of vehicle merits rather than simulated or sham conduct.
14,1,8,1,"No evidence of error, deceit, or threat affecting either party's declarations of will in this round."
14,2,1,,"Both parties continue to express willingness to negotiate with counteroffers, but neither has made a final, unequivocal declaration of intent to be bound."
14,2,2,,"While both parties demonstrate intent to conclude a contract eventually, they have not yet agreed to be bound by specific terms."
14,2,3,,"The parties have not yet agreed on the essential term (price: buyer at $17,000, seller at $17,250), so the main subject matter remains unresolved."
14,2,4,,No statutory compliance issues are apparent at this stage of negotiation.
14,2,5,1,"Both parties negotiate in good faith with transparent reasoning, reasonable compromises, and fair dealing principles evident throughout."
14,2,6,1,"Both parties demonstrate conscious and free decision-making, with the buyer and seller each independently proposing counteroffers without coercion."
14,2,7,1,There is no indication that either party is engaging in a simulated or sham transaction; both appear genuinely interested in concluding a real sale.
14,2,8,1,"No evidence of error, deceit, or threat affecting either party's declarations of will in this round."
14,3,1,1,Both parties have clearly expressed their declarations of intent and will regarding the transaction in this round.
14,3,2,1,Both parties demonstrate a common intention to conclude a binding contract and accept its legal effects through their direct engagement and movement toward agreement.
14,3,3,1,"The essential terms are agreed upon: the vehicle (2019 Yaris), the price ($17,000), and the parties' identities are established throughout the negotiation."
14,3,4,,"Compliance with mandatory statutory provisions cannot be determined from the negotiation transcript alone, as it depends on jurisdiction-specific requirements not addressed in the dialogue."
14,3,5,1,"The negotiation demonstrates good faith and fair dealing, with both parties making reasonable compromises and acknowledging each other's positions respectfully."
14,3,6,1,Both parties appear to have consciously and freely decided to conclude the contract without evidence of coercion or undue pressure in this round.
14,3,7,1,There is no indication that this is a simulated or sham transaction; both parties engage genuinely in price negotiation with specific terms.
14,3,8,1,"No defects such as error, deceit, or threat are evident in the buyer's and seller's declarations in this round."
14,4,1,1,"Both parties have clearly expressed mutual consent to the $17,250 price in their declarations of intent."
14,4,2,1,"Both parties explicitly demonstrate a common intention to conclude the contract and be bound by it, with the seller stating 'I can accept $17,250' and buyer confirming agreement."
14,4,3,1,"The essential terms are agreed upon: the vehicle (2019 Yaris), the price ($17,250), and the condition/maintenance history are all clearly established."
14,4,4,,"Compliance with mandatory statutory provisions cannot be determined from the negotiation transcript alone, as it depends on jurisdiction-specific requirements not addressed in the dialogue."
14,4,5,1,"The negotiation demonstrates good faith and fair dealing, with both parties making reasonable compromises and acknowledging each other's positions respectfully."
14,4,6,1,"Both parties have consciously and freely decided to conclude the contract, with the buyer explicitly stating their budget limit and the seller voluntarily accepting the final offer."
14,4,7,1,There is no indication of any simulated or sham juridical act; the negotiation appears genuine with substantive discussion of vehicle condition and market value.
14,4,8,1,"Neither party's declarations of will show signs of error, deceit, or threat; both parties appear to have acted with full knowledge and voluntary consent."
15,1,1,,"Both parties have made clear declarations of intent (buyer's opening offer at $16,500 and seller's counter-offer at $17,000), but mutual consent on a single price point has not yet been established."
15,1,2,,"Both parties express willingness to conclude a contract, but they have not yet agreed on binding terms, so common intention to be bound cannot be confirmed."
15,1,3,,"The parties have identified the main subject matter (2019 Yaris with 65,000 km) but have not agreed on the essential term of price, which is critical for a valid contract."
15,1,4,,"No statutory violations are apparent in the negotiation process so far, but the contract has not been concluded yet."
15,1,5,,"Both parties are negotiating in good faith with transparent offers and reasonable justifications, but the contract remains incomplete."
15,1,6,,"Both parties appear to be acting consciously and freely in their negotiations, but final agreement on contract terms has not been reached."
15,1,7,,No indication of simulation or sham conduct is present in either party's statements.
15,1,8,,"No evidence of error, deceit, or threat affecting either party's declarations of will is apparent at this stage."
15,2,1,1,Both parties have clearly expressed their declarations of intent through explicit offer and counter-offer in this round.
15,2,2,,"While both parties demonstrate willingness to negotiate, neither has yet explicitly stated a common intention to be legally bound by the contract terms."
15,2,3,1,"The essential terms are substantially agreed: specific vehicle (2019 Yaris), price ($16,900 proposed), condition and maintenance history documented and accepted."
15,2,4,,"Compliance with mandatory statutory provisions cannot be assessed without knowing the applicable jurisdiction and whether required formalities (documentation, registration transfer, etc.) will be followed."
15,2,5,1,"Both parties demonstrate good faith through transparency about maintenance records, reasonable compromise offers, and acknowledgment of each other's positions."
15,2,6,1,"Both parties explicitly indicate conscious and free decision-making, with the buyer conducting due diligence and the seller offering flexibility without pressure or coercion."
15,2,7,1,No indication of simulation or sham; both parties appear genuinely engaged in a legitimate vehicle purchase negotiation.
15,2,8,1,"No evidence of error, deceit, or threat; the seller provides verifiable maintenance documentation and both parties negotiate transparently."
15,3,1,1,"Both parties have clearly expressed their declarations of intent and will, with the buyer committing to $16,900 and the seller accepting this price."
15,3,2,1,"Both parties explicitly demonstrate a common intention to conclude the contract and be bound by it, as evidenced by their acceptance of the same price term and commitment to finalize paperwork."
15,3,3,1,"The essential terms are agreed upon: the vehicle (2019 Yaris), the price ($16,900), and the inclusion of service records and documentation."
15,3,4,,"Compliance with mandatory statutory provisions cannot be determined from this negotiation transcript alone, as it depends on jurisdiction-specific requirements not addressed in the dialogue."
15,3,5,1,"The negotiation demonstrates good faith and fair dealing, with both parties making reasonable compromises, providing transparency about the vehicle's condition and maintenance history, and reaching a mutually acceptable middle ground."
15,3,6,1,"Both parties have consciously and freely decided to conclude the contract without evidence of coercion, duress, or external pressure affecting their decisions."
15,3,7,1,There is no indication that this is a simulated or sham transaction; both parties appear genuinely committed to the sale with legitimate intentions.
15,3,8,1,"Neither party's declarations of will show signs of error, deceit, or threat; the buyer verified information through maintenance records before committing, and the seller provided transparent documentation."
16,1,1,,"Both parties have made clear declarations of intent to negotiate, but neither has yet made a definitive offer of acceptance that would constitute mutual consent to conclude the contract."
16,1,2,,"While both parties are engaging in negotiation, there is no clear common intention to be bound by legal effects at this stage, as the parties are still in the exploratory phase of price discussion."
16,1,3,,"The main subject matter (a 2019 Yaris) is identified, but essential terms regarding price remain in dispute with a gap between $16,500 and $17,000."
16,1,4,,Compliance with mandatory statutory provisions cannot be assessed at this preliminary negotiation stage without knowledge of applicable jurisdiction and contract formation rules.
16,1,5,1,"Both parties are negotiating in good faith with transparent reasoning about vehicle condition, maintenance records, and market comparables."
16,1,6,1,Both parties demonstrate conscious and free decision-making by presenting reasoned positions and willingness to negotiate without apparent coercion or duress.
16,1,7,1,There are no indications that either party is engaging in a simulated or sham transaction; both appear genuinely interested in a legitimate car sale.
16,1,8,1,"No evidence of error, deceit, or threat affecting either party's declarations of will in this round of negotiation."
16,2,1,1,"Both parties continue to express clear declarations of intent to negotiate and conclude a contract, with specific counteroffers demonstrating mutual willingness to engage."
16,2,2,,"While both parties show intent to negotiate, neither has yet accepted the other's offer, so a common intention to be bound by legal effects cannot be definitively established."
16,2,3,1,"The parties have agreed on essential terms: the vehicle (2019 Yaris), mileage (65,000 km), condition (excellent), and are converging on price ($16,800 vs $16,900 counteroffer)."
16,2,4,,Compliance with mandatory statutory provisions cannot be assessed without knowing the applicable jurisdiction and whether all required formalities are being followed.
16,2,5,1,"Both parties demonstrate good faith by providing transparency, acknowledging each other's positions, and making reasonable compromises that reflect fair dealing principles."
16,2,6,1,"Both parties explicitly demonstrate conscious and free decision-making, with the buyer disclosing their budget and the seller explaining their valuation rationale."
16,2,7,1,"The negotiations appear genuine with substantive discussion of vehicle condition, maintenance records, and market value, showing no indication of a sham transaction."
16,2,8,1,"No evidence of error, deceit, or threat appears in either party's declarations; both provide factual information and honest reasoning for their positions."
16,3,1,1,"Both parties have clearly expressed their declarations of intent and will to conclude the contract at $16,900 in the most recent round."
16,3,2,1,Both the buyer and seller have explicitly agreed and demonstrated a common intention to be bound by the contract at the stated price.
16,3,3,1,"The essential terms are agreed upon: vehicle (2019 Yaris), condition (excellent, 65,000 km, accident-free, full service history), and price ($16,900)."
16,3,4,,"Compliance with mandatory statutory provisions cannot be determined from the negotiation transcript alone, as it depends on jurisdiction-specific requirements not addressed in the dialogue."
16,3,5,1,"The negotiation demonstrates good faith and fair dealing, with both parties making transparent offers, compromising reasonably, and acknowledging each other's positions."
16,3,6,1,"Both parties have consciously and freely decided to conclude the contract, with the buyer explicitly stating comfort with the price and the seller confirming the agreement."
16,3,7,1,There is no indication that this is a simulated or sham transaction; both parties appear to genuinely intend to complete the sale.
16,3,8,1,"No evidence of error, deceit, or threat appears in the negotiations; both parties have acted transparently and voluntarily."
17,1,1,1,"Both parties have made clear declarations of intent with specific offer prices ($16,500 from buyer, $17,000 from seller)."
17,1,2,,"While both parties express interest in concluding a contract, neither has yet accepted the other's terms, so mutual intention to be bound cannot be confirmed."
17,1,3,,"The parties have identified the main subject matter (a Toyota Yaris) but have not yet agreed on the essential term of price, which remains under negotiation."
17,1,4,,Compliance with mandatory statutory provisions cannot be assessed until the parties reach agreement and the contract terms are finalized.
17,1,5,1,Both parties are negotiating in good faith with transparent reasoning and fair dealing principles evident in their respectful exchange.
17,1,6,1,"Both parties demonstrate conscious and free decision-making, with the buyer stating readiness to move quickly and the seller offering a compromise position."
17,1,7,,There is no indication of simulation or sham; both parties appear to be genuinely negotiating a real transaction.
17,1,8,,"No evidence of error, deceit, or threat affecting either party's declarations of will in this round."
17,2,1,1,"Both parties have made clear declarations of intent in this round—the seller explicitly accepts the buyer's offer of $16,750."
17,2,2,1,"Both parties demonstrate a common intention to conclude the contract and be bound by it, as evidenced by the seller's acceptance statement 'I can accept $16,750. Let's make this deal happen.'"
17,2,3,1,"The essential terms are agreed upon: the vehicle (Toyota Yaris), the price ($16,750), and the condition/maintenance history are all established and accepted by both parties."
17,2,4,,"Compliance with mandatory statutory provisions cannot be determined from this negotiation transcript alone, as it depends on jurisdiction-specific requirements not addressed in the dialogue."
17,2,5,1,"Both parties have negotiated in good faith with transparent reasoning, reasonable compromises, and fair dealing throughout the exchange."
17,2,6,1,Both parties have consciously and freely decided to conclude the contract without any indication of coercion or external pressure.
17,2,7,1,There is no evidence suggesting this is a simulated or sham transaction; both parties appear genuinely interested in completing a legitimate vehicle sale.
17,2,8,1,"Neither party's declarations of will show signs of error, deceit, or threat; the negotiation has been straightforward and transparent."
17,3,1,1,"Both parties have clearly expressed their declarations of intent through explicit offer and counter-offer, with the buyer proposing $16,750 and the seller responding positively."
17,3,2,1,"Both parties demonstrate a common intention to conclude a binding contract, as evidenced by their willingness to compromise and move toward agreement on price."
17,3,3,1,"The essential terms are agreed upon: the vehicle (Toyota Yaris), the price ($16,750), and the parties' intentions regarding payment and transfer of ownership are clear."
17,3,4,,"Compliance with mandatory statutory provisions cannot be determined from the negotiation transcript alone, as it depends on jurisdiction-specific requirements for vehicle sales contracts."
17,3,5,1,"Both parties negotiate in good faith, make reasonable compromises, and acknowledge each other's positions fairly, consistent with principles of fair dealing."
17,3,6,1,"Both parties explicitly demonstrate conscious and free decision-making, with the buyer stating readiness to move and the seller voluntarily accepting the compromise price."
17,3,7,1,There is no indication of simulation or sham; both parties appear genuinely committed to concluding an actual vehicle purchase transaction.
17,3,8,1,"No evidence of error, deceit, or threat appears in either party's declarations; both provide honest information about the vehicle's condition and maintenance history."
18,1,1,1,"Both parties have made clear declarations of intent with specific price offers ($16,500 from buyer, $16,200 from seller), demonstrating mutual willingness to negotiate."
18,1,2,,"While both parties express seriousness and readiness to move forward, no agreement on binding terms has been reached yet, so common intention to be bound cannot be fully assessed."
18,1,3,,"The parties have agreed on the subject matter (2019 Yaris) and are negotiating price, but have not yet reached agreement on the essential term of price, which is critical for contract conclusion."
18,1,4,,"No statutory compliance issues are apparent at this stage of negotiation, but full assessment requires agreement on all terms."
18,1,5,1,"Both parties are negotiating in good faith with transparent reasoning about market value and vehicle condition, demonstrating fair dealing principles."
18,1,6,1,"Both parties explicitly state they are serious and ready to move forward, indicating conscious and free decision-making without apparent coercion."
18,1,7,1,"The negotiations appear genuine with substantive discussion of vehicle condition and market value, showing no signs of a simulated or sham transaction."
18,1,8,,"No evidence of error, deceit, or threat has emerged in this round of negotiation."
18,2,1,1,"Both parties continue to express clear declarations of intent through their counteroffers, with the seller making a specific offer of $16,100."
18,2,2,,"While both parties demonstrate willingness to negotiate, neither has yet accepted the other's terms, so common intention to be bound cannot be confirmed."
18,2,3,1,"The essential terms are substantially agreed: the vehicle (2019 Yaris), condition (well-maintained, accident-free), mileage (65,000 km), and price is narrowing ($16,100 offered, $16,000 requested)."
18,2,4,,Compliance with mandatory statutory provisions cannot be assessed without knowing the jurisdiction and specific legal requirements for vehicle sales.
18,2,5,1,"Both parties are negotiating in good faith with transparent reasoning, fair counteroffers, and mutual respect for each other's positions."
18,2,6,1,"Both parties demonstrate conscious and free decision-making, with the buyer stating budget constraints and the seller explaining their final position rationally."
18,2,7,1,There is no indication that either party is engaging in a simulated or sham transaction; both appear genuinely interested in concluding a real sale.
18,2,8,1,"No evidence of error, deceit, or threat appears in either party's declarations; both provide factual information about the vehicle and their positions."
18,3,1,1,"Both parties have made clear declarations of intent and will in this round, with the buyer accepting the seller's $16,100 offer and the seller confirming agreement."
18,3,2,1,"Both parties explicitly demonstrate a common intention to conclude the contract and be bound by it, as evidenced by their affirmative statements about moving forward with the purchase."
18,3,3,1,"The essential terms are agreed upon: the vehicle (2019 Yaris), the price ($16,100), and the parties' identities are clear from context."
18,3,4,,"Compliance with mandatory statutory provisions cannot be determined from this negotiation transcript alone, as it depends on jurisdiction-specific requirements not addressed in the dialogue."
18,3,5,1,"The negotiation demonstrates good faith and fair dealing, with both parties making reasonable compromises and the seller providing transparency about the vehicle's condition and maintenance history."
18,3,6,1,"Both parties have consciously and freely decided to conclude the contract without evidence of coercion, with the buyer explicitly committing and the seller accepting."
18,3,7,1,There is no indication that this is a simulated or sham transaction; both parties appear to be genuinely negotiating a real car sale.
18,3,8,1,"Neither party's declarations of will show signs of error, deceit, or threat; the negotiation is transparent and straightforward."
19,1,1,1,"Both parties have made clear declarations of intent with specific offer prices ($16,500 from buyer, $17,000 from seller)."
19,1,2,,"While both parties express willingness to negotiate, neither has yet accepted the other's terms, so common intention to be bound cannot be confirmed."
19,1,3,,"Essential terms like price remain in dispute; agreement on the main subject matter (the vehicle itself) is clear, but the price term is not yet settled."
19,1,4,,No statutory compliance issues are apparent at this stage of negotiation.
19,1,5,1,"Both parties are negotiating transparently with reasonable justifications for their positions, demonstrating good faith and fair dealing."
19,1,6,1,"Both parties explicitly indicate conscious and free decision-making (buyer states readiness to move quickly, seller acknowledges willingness to negotiate)."
19,1,7,1,"The negotiations appear genuine with substantive discussion of vehicle condition and pricing rationale, showing no signs of simulation."
19,1,8,1,"No evidence of error, deceit, or threat affecting either party's declarations of will in this round."
19,2,1,1,"Both parties have made clear declarations of intent in this round, with the seller explicitly accepting the buyer's offer of $16,800."
19,2,2,1,"Both parties demonstrate a common intention to conclude a binding contract, with the seller stating 'We have a deal' and offering to prepare paperwork immediately."
19,2,3,1,"The essential terms are agreed upon: the vehicle (2019 Yaris), the price ($16,800), and the parties' intent to finalize today."
19,2,4,,"Compliance with mandatory statutory provisions cannot be determined from the negotiation transcript alone, as it depends on jurisdiction-specific requirements not addressed in the dialogue."
19,2,5,1,"The negotiation demonstrates good faith and fair dealing, with both parties making reasonable concessions and the seller acknowledging the buyer's seriousness."
19,2,6,1,Both parties appear to have consciously and freely decided to conclude the contract without evidence of coercion or undue pressure.
19,2,7,1,There is no indication that this is a simulated or sham transaction; both parties appear genuinely committed to completing the sale.
19,2,8,1,"No defects such as error, deceit, or threat are evident in either party's declarations during this round."
19,3,1,1,"Both parties have clearly expressed their declarations of intent and will, with the buyer offering $16,800 and the seller accepting this price."
19,3,2,1,"Both parties explicitly demonstrate a common intention to conclude the contract and be bound by it, with the seller stating 'We have a deal' and the buyer confirming readiness to finalize."
19,3,3,1,"The essential terms are agreed upon: the vehicle (2019 Toyota Yaris), the price ($16,800), and the parties' intent to complete the transaction today."
19,3,4,,"Compliance with mandatory statutory provisions cannot be determined from the negotiation transcript alone, as it depends on jurisdiction-specific requirements and actual contract documentation."
19,3,5,1,"The negotiation demonstrates good faith and fair dealing, with both parties making reasonable compromises and conducting themselves professionally throughout."
19,3,6,1,"Both parties have consciously and freely decided to conclude the contract at $16,800, with no evidence of coercion or external pressure."
19,3,7,1,There is no indication that this is a simulated or sham transaction; both parties appear genuinely committed to completing the purchase.
19,3,8,1,"Neither party's declarations of will show signs of error, deceit, or threat; the negotiation is transparent and straightforward."
20,1,1,,"Both parties have made declarations of intent to negotiate, but neither has yet made a final, unconditional offer of acceptance that would constitute mutual consent to conclude the contract."
20,1,2,,"While both parties express willingness to negotiate and move forward, there is no clear mutual intention to be legally bound at this stage, as the negotiation is still ongoing with differing price positions."
20,1,3,,"The parties have identified the main subject matter (a 2019 Yaris with 65,000 km) but have not yet agreed on the essential term of price, which remains contested ($16,500 vs. $16,200)."
20,1,4,,It cannot be determined whether the contract complies with mandatory statutory provisions until the parties reach agreement and the full contract terms are established.
20,1,5,,"The negotiation appears to be conducted in good faith with transparent reasoning from both parties, but a final assessment requires completion of the negotiation process."
20,1,6,1,"Both parties demonstrate conscious and free decision-making, with the buyer stating readiness to move forward and the seller making a reasoned counteroffer without any indication of coercion or constraint."
20,1,7,,There is no indication of a simulated or sham transaction; both parties appear to be genuinely negotiating a real car sale.
20,1,8,,"No evidence of error, deceit, or threat is present in the current round of negotiation."
20,2,1,,"Both parties continue to express willingness to negotiate, but no mutual agreement on price has been reached yet."
20,2,2,,"While both parties appear to intend to conclude a contract, they have not yet agreed on binding terms."
20,2,3,0,"The parties have not agreed on the essential term of price; the buyer's offer of $16,800 exceeds the seller's stated final offer of $16,200."
20,2,4,,Compliance with statutory provisions cannot be assessed until essential terms are agreed upon.
20,2,5,,Good faith and fair dealing cannot be fully evaluated while the parties remain in disagreement on material terms.
20,2,6,,The parties have not yet made a conscious and free decision to conclude the contract due to the unresolved price disagreement.
20,2,7,,No indication of simulation or sham conduct is present in either party's statements.
20,2,8,,"No evidence of error, deceit, or threat affecting either party's declarations of will is apparent in this round."
20,3,1,1,"Both parties continue to express clear declarations of intent to negotiate and potentially conclude a contract, with specific price counteroffers demonstrating mutual engagement."
20,3,2,,"While both parties show willingness to negotiate, neither has yet accepted the other's offer, so a common intention to be bound by specific legal effects cannot be confirmed at this stage."
20,3,3,1,"The essential terms are substantially agreed: the subject matter (2019 Yaris with 65,000 km in excellent condition), and the price range is narrowing ($16,000 vs $16,100), with only minor disagreement remaining."
20,3,4,,"Compliance with mandatory statutory provisions cannot be evaluated without knowing the applicable jurisdiction and whether required documentation, inspections, or registrations have been addressed."
20,3,5,1,"Both parties are negotiating in good faith with transparent reasoning, reasonable concessions, and fair dealing principles evident in their respectful and honest communication."
20,3,6,1,"Both parties demonstrate conscious and free decision-making, with the buyer clarifying budget constraints and the seller making voluntary price reductions without evidence of coercion or undue influence."
20,3,7,1,"The negotiations appear genuine with substantive discussion of the vehicle's condition, maintenance history, and market value, showing no indication of a simulated or sham transaction."
20,3,8,1,"No defects in declarations of will are evident; the buyer clarifies a previous miscommunication, and both parties proceed with accurate understanding of current positions."
20,4,1,1,"Both parties have clearly expressed their declarations of intent and will to conclude a contract at the agreed price of $16,100."
20,4,2,1,"Both parties explicitly demonstrate a common intention to be bound by the contract, with the buyer stating 'I'm comfortable accepting your offer' and the seller confirming 'I'm pleased we've reached an agreement.'"
20,4,3,1,"The essential terms are agreed upon: the vehicle (2019 Toyota Yaris), the price ($16,100), and the condition (excellent, 65,000 km, full maintenance history)."
20,4,4,,"Compliance with mandatory statutory provisions cannot be determined from the negotiation transcript alone, as it depends on jurisdiction-specific requirements not addressed in the dialogue."
20,4,5,1,"The negotiation demonstrates good faith and fair dealing, with both parties making reasonable concessions and acknowledging each other's positions throughout the process."
20,4,6,1,"Both parties have consciously and freely decided to conclude the contract, with the buyer explicitly accepting the offer after careful consideration and the seller voluntarily making concessions."
20,4,7,1,There is no indication that this is a simulated or sham transaction; both parties appear to be genuinely negotiating a real car sale.
20,4,8,1,"Neither party's declarations of will show evidence of error, deceit, or threat; the buyer even acknowledges and corrects their own confusion about the offers."
21,1,1,,"Both parties have made declarations of intent (offers), but neither has accepted the other's offer, so mutual consent is not yet established."
21,1,2,,"While both parties express willingness to negotiate, there is no clear common intention to be bound at this stage, as the offers remain unaccepted."
21,1,3,,"The parties have identified the main subject matter (2019 Yaris with 65,000 km) but disagree on the essential term of price ($16,500 vs $17,500), so agreement on essential terms is not yet achieved."
21,1,4,,"No contract has been concluded yet, so compliance with statutory provisions cannot be evaluated at this stage."
21,1,5,,"Both parties appear to be negotiating in good faith with transparent reasoning, but a contract has not been formed to assess this requirement."
21,1,6,1,Both parties demonstrate conscious and free decision-making by presenting reasoned offers and expressing openness to negotiation without apparent coercion.
21,1,7,,No evidence of simulation or sham conduct; both parties appear to be genuinely negotiating a real transaction.
21,1,8,,"No defects (error, deceit, or threat) are apparent in either party's declarations in this round."
21,2,1,1,"Both parties continue to express clear declarations of intent through specific counteroffers ($17,000 from buyer, $16,750 from seller)."
21,2,2,,"While both parties demonstrate willingness to negotiate, neither has yet accepted the other's offer, so binding intent cannot be confirmed."
21,2,3,1,"Essential terms are clearly established: vehicle (2019 Yaris), mileage (65,000 km), condition details, and price range ($16,750-$17,000) are all agreed or nearly agreed."
21,2,4,,Compliance with mandatory statutory provisions cannot be assessed without knowing the jurisdiction and whether required documentation procedures are being followed.
21,2,5,1,"Both parties demonstrate good faith through transparent reasoning, acknowledgment of each other's positions, and reasonable compromise offers."
21,2,6,1,"Both parties appear to be consciously and freely deciding on terms, with the buyer explicitly stating budget parameters and the seller voluntarily reducing their asking price."
21,2,7,,No evidence of simulation or sham conduct; the negotiation appears genuine with substantive discussion of vehicle merits.
21,2,8,,"No indication of error, deceit, or threat affecting either party's declarations of will in this round."
21,3,1,1,"Both parties have clearly expressed their declarations of intent to conclude a contract at $16,500, with the seller explicitly stating 'we have a deal.'"
21,3,2,1,"Both parties demonstrate a common intention to be bound by the contract, as evidenced by the seller's acceptance and the buyer's final offer framed as 'we have a deal today.'"
21,3,3,1,"The essential terms are agreed upon: the vehicle (2019 Yaris with 65,000 km in excellent condition), the price ($16,500), and the parties' identities are clear."
21,3,4,,"Compliance with mandatory statutory provisions cannot be determined from this negotiation transcript alone, as it depends on jurisdiction-specific requirements not addressed in the dialogue."
21,3,5,1,"The negotiation demonstrates good faith and fair dealing throughout, with both parties making reasonable compromises and acknowledging each other's positions."
21,3,6,1,Both parties have consciously and freely decided to conclude the contract without evidence of coercion or undue pressure.
21,3,7,1,There is no indication that this is a simulated or sham transaction; both parties appear genuinely interested in completing the sale.
21,3,8,1,"No defects such as error, deceit, or threat are evident in either party's declarations of will during this round."
21,4,1,1,"Both parties have clearly declared their mutual intent to conclude the contract at $16,500, with both explicitly stating agreement."
21,4,2,1,"Both parties demonstrate a common intention to be bound by the contract, as evidenced by their explicit agreement and commitment to proceed with paperwork."
21,4,3,1,"The essential terms are agreed upon: vehicle (2019 Yaris), price ($16,500), condition details, and mileage (65,000 km) are all established."
21,4,4,,"Compliance with mandatory statutory provisions cannot be determined from the negotiation transcript alone, as it depends on jurisdiction-specific requirements not addressed in the dialogue."
21,4,5,1,"The negotiation demonstrates good faith and fair dealing throughout, with both parties making reasonable compromises and acknowledging each other's positions."
21,4,6,1,Both parties have consciously and freely decided to conclude the contract without evidence of coercion or undue pressure.
21,4,7,1,There is no indication that this is a simulated or sham transaction; both parties appear genuinely committed to completing the purchase.
21,4,8,1,"No defects such as error, deceit, or threat are evident in either party's declarations of will during this round."
22,1,1,,"Both parties have made clear declarations of intent to negotiate, but neither has yet made a definitive offer of contract conclusion."
22,1,2,,"While both parties express interest in purchasing/selling, they have not yet demonstrated a common intention to be legally bound, as negotiations are still ongoing."
22,1,3,,"Essential terms remain under negotiation; the parties have not yet agreed on price, and other material terms (payment method, delivery, warranties) have not been discussed."
22,1,4,,"No contract has been formed yet, so compliance with statutory provisions cannot be evaluated at this preliminary negotiation stage."
22,1,5,1,Both parties are negotiating in good faith with transparent reasoning about market values and fair pricing.
22,1,6,1,Both parties appear to be consciously and freely engaging in negotiation without any indication of coercion or lack of voluntary participation.
22,1,7,,"No contract has been proposed or concluded, so the question of whether it is a simulated act cannot yet be assessed."
22,1,8,,"No defects in declarations of will are apparent at this stage, but a binding contract has not yet been formed to evaluate this requirement."
22,2,1,1,"Both parties continue to express clear declarations of intent to negotiate and potentially conclude a contract, with specific counteroffers demonstrating mutual willingness to engage."
22,2,2,,"While both parties show interest in concluding a contract, they have not yet reached agreement on price, so a common intention to be bound cannot be definitively established at this stage."
22,2,3,,"The parties have not yet agreed on the essential term (price); the seller's offer of $16,950 remains unaccepted by the buyer, so agreement on main subject matter is incomplete."
22,2,4,,Compliance with mandatory statutory provisions cannot be assessed until the parties reach agreement and the contract terms are fully determined.
22,2,5,1,"Both parties are negotiating in good faith with transparent reasoning, reasonable counteroffers, and acknowledgment of each other's positions, consistent with fair dealing principles."
22,2,6,1,"Both parties demonstrate conscious and free decision-making, with the buyer explicitly stating readiness to move forward and the seller voluntarily making concessions without apparent coercion."
22,2,7,1,"The negotiations appear genuine with substantive discussion of the car's condition and market value, showing no indication of a simulated or sham transaction."
22,2,8,1,"No evidence of error, deceit, or threat appears in either party's declarations; both are providing honest assessments and making voluntary offers."
22,3,1,1,"Both parties have clearly expressed their declarations of intent and will regarding the purchase at $16,950, with mutual agreement on price and willingness to proceed."
22,3,2,1,"Both parties explicitly demonstrate a common intention to conclude a binding contract, with the buyer stating 'I'm satisfied with that offer. Let's move forward' and the seller confirming 'I'm glad we could reach an agreement.'"
22,3,3,1,"The essential terms are agreed upon: the vehicle (2019 Yaris, 65,000 km, excellent condition), the price ($16,950), and the parties' identities are established."
22,3,4,,"Compliance with mandatory statutory provisions cannot be determined from the negotiation transcript alone, as it depends on jurisdiction-specific requirements for vehicle sales contracts."
22,3,5,1,"The negotiation demonstrates good faith and fair dealing, with both parties making reasonable counteroffers, acknowledging each other's positions, and reaching a mutually acceptable compromise."
22,3,6,1,"Both parties have consciously and freely decided to conclude the contract without evidence of coercion, with the buyer explicitly stating satisfaction and readiness to proceed."
22,3,7,1,There is no indication that this is a simulated or sham transaction; both parties appear genuinely interested in completing a legitimate vehicle sale.
22,3,8,1,"No defects affecting either party's declarations of will (error, deceit, or threat) are evident in the negotiation; both parties appear to have acted with full knowledge and voluntary consent."
23,1,1,,"Both parties have made clear declarations of intent (buyer's offer at $16,500 and seller's counter-offer at $17,500), but mutual consent on a single price point has not yet been reached."
23,1,2,,"Both parties demonstrate intention to conclude a contract, but they have not yet agreed on binding terms as evidenced by their differing price positions."
23,1,3,,"The main subject matter (vehicle specifications, mileage, condition) appears agreed upon, but the essential term of price remains unresolved with a $1,000 gap between offers."
23,1,4,,No information is provided about whether the negotiation complies with mandatory statutory provisions for vehicle sales.
23,1,5,1,"Both parties are negotiating in good faith with transparent reasoning (market value, condition, maintenance records) and fair dealing principles."
23,1,6,1,Both parties appear to be consciously and freely deciding to negotiate without evidence of coercion or constraint.
23,1,7,1,There is no indication that either party is engaging in a simulated or sham transaction; both appear genuinely interested in a real sale.
23,1,8,1,"No evidence of error, deceit, or threat affecting either party's declarations of will in this round."
23,2,1,1,"Both parties continue to express clear declarations of intent to negotiate and potentially conclude a contract, with specific counteroffers demonstrating mutual willingness to engage."
23,2,2,,"While both parties show intent to negotiate, neither has yet accepted the other's terms, so a common intention to be bound by final legal effects cannot be confirmed at this stage."
23,2,3,1,"The essential terms are substantially agreed: the subject matter (2019 Yaris with 65,000 km in excellent condition), and the price is narrowing ($17,200 vs $17,800 offer), with only a $600 gap remaining."
23,2,4,,"Compliance with mandatory statutory provisions cannot be evaluated without knowing the jurisdiction and whether required documentation (title, registration, inspection) will be properly handled."
23,2,5,1,"Both parties are negotiating in good faith with transparent reasoning about condition, value, and budget constraints, demonstrating fair dealing principles."
23,2,6,1,"Both parties demonstrate conscious and free decision-making, with the buyer explaining budget constraints and the seller justifying their floor price based on vehicle condition."
23,2,7,1,There are no indications of simulation or sham; both parties appear genuinely interested in concluding a real purchase transaction.
23,2,8,1,"No evidence of error, deceit, or threat appears in either party's declarations; both provide factual information about the vehicle and their positions."
23,3,1,1,Both parties have clearly expressed their declarations of intent and willingness to negotiate toward a contract in this round.
23,3,2,,"While both parties are negotiating, it cannot yet be determined if they share a common intention to be legally bound, as no final agreement has been reached in round 3."
23,3,3,,"The essential term (price) remains disputed in round 3, with buyer offering $17,200 and seller holding at $17,800, so agreement on main subject matter is not yet established."
23,3,4,,Compliance with mandatory statutory provisions cannot be assessed until a final agreement is reached and the contract terms are fully determined.
23,3,5,1,Both parties are negotiating in good faith with transparent reasoning about their positions and constraints.
23,3,6,1,Both parties are consciously and freely making counteroffers without evidence of coercion or lack of deliberation.
23,3,7,1,There is no indication that either party is engaging in a simulated or sham transaction; both appear genuinely interested in concluding a sale.
23,3,8,1,"No evidence of error, deceit, or threat affecting either party's declarations of will in round 3."
23,4,1,1,"Both parties have clearly expressed mutual consent to the contract at $17,500, with both the seller and buyer confirming agreement."
23,4,2,1,Both parties have demonstrated a common intention to conclude a binding contract and be bound by its legal effects through their explicit agreement statements.
23,4,3,1,"The essential terms are agreed upon: vehicle (2019 Yaris with 65,000 km), price ($17,500), and condition (excellent with full maintenance records)."
23,4,4,,"Compliance with mandatory statutory provisions cannot be determined from the negotiation transcript alone, as it depends on jurisdiction-specific requirements not addressed in the dialogue."
23,4,5,1,"Both parties have negotiated in good faith, made reasonable concessions, and reached a mutually acceptable agreement that reflects fair dealing principles."
23,4,6,1,"Both parties have consciously and freely decided to conclude the contract, with the buyer confirming satisfaction and the seller expressing pleasure with the agreement."
23,4,7,1,There is no indication that this is a simulated or sham transaction; both parties appear to have genuine intent to complete the purchase and sale.
23,4,8,1,"Neither party's declarations of will show evidence of error, deceit, or threat; the negotiation has been transparent and professional throughout."
24,1,1,,"Both parties have made declarations of intent to negotiate, but neither has yet made a final, unconditional offer that would constitute mutual consent to conclude a contract."
24,1,2,,"While both parties are engaging in negotiation, there is no clear common intention to be bound by legal effects at this stage, as both explicitly state they are 'open to negotiation' and have not reached agreement."
24,1,3,,"The parties have identified the subject matter (2019 Yaris with 65,000 km) but have not yet agreed on the essential term of price, with offers at $16,500 and $17,500 respectively."
24,1,4,,"No contract has been concluded yet, so compliance with mandatory statutory provisions cannot be assessed at this preliminary negotiation stage."
24,1,5,,"Both parties are negotiating in good faith with transparent reasoning about market value and vehicle condition, but no contract terms have been finalized to evaluate against principles of fair dealing."
24,1,6,1,Both parties are consciously and freely engaging in negotiation without any indication of coercion or lack of free will in determining the contract's content.
24,1,7,,There is no evidence of simulation or sham; both parties appear to be genuinely negotiating a real car sale transaction.
24,1,8,,"No defects of will (error, deceit, or threat) are apparent in either party's declarations during this negotiation round."
24,2,1,1,"Both parties continue to express clear declarations of intent through their counter-offers, demonstrating mutual willingness to negotiate."
24,2,2,,"While both parties show intent to negotiate, there is no clear mutual intention to be legally bound at this stage, as the price remains disputed."
24,2,3,1,"The essential terms are becoming increasingly aligned: vehicle identified (2019 Yaris), mileage (65,000 km), condition (excellent), and price range narrowing ($16,800-$16,950)."
24,2,4,,Compliance with mandatory statutory provisions cannot be assessed without knowing the applicable jurisdiction and whether required documentation procedures are being followed.
24,2,5,1,Both parties are negotiating in good faith with reasonable justifications for their positions and willingness to move toward compromise.
24,2,6,1,"Both parties demonstrate conscious and free decision-making, with the buyer and seller each independently proposing counter-offers without apparent coercion."
24,2,7,1,There are no indications that either party is engaging in a simulated or sham transaction; both appear genuinely interested in concluding a sale.
24,2,8,1,"No evidence of error, deceit, or threat affecting either party's declarations of will in this round of negotiation."
24,3,1,1,"Both parties have clearly expressed their declarations of intent in this round, with the buyer making a counter-offer at $16,800 and the seller responding with willingness to negotiate."
24,3,2,,"While both parties continue negotiating, a common intention to be bound by legal effects cannot be definitively determined until agreement is reached on all essential terms."
24,3,3,,"The parties have not yet agreed on the price (the main subject matter), as the buyer offers $16,800 and the seller counters at $16,950, so essential terms remain unresolved in this round."
24,3,4,,Compliance with mandatory statutory provisions cannot be assessed during the negotiation phase before contract conclusion.
24,3,5,1,"Both parties are negotiating in good faith, making reasonable counter-offers and acknowledging each other's positions fairly."
24,3,6,1,Both parties are consciously and freely making their own decisions about pricing without apparent coercion or constraint.
24,3,7,1,There is no indication that either party is engaging in a simulated or sham transaction; both appear genuinely interested in concluding a sale.
24,3,8,1,"No evidence of error, deceit, or threat affecting either party's declarations of will in this round."
24,4,1,1,"Both parties have clearly expressed mutual consent to the $16,900 price in this round, with the seller accepting the buyer's offer and both confirming agreement."
24,4,2,1,"Both parties explicitly demonstrate a common intention to conclude the contract and be bound by it, as evidenced by their statements about finalizing the deal and moving forward with paperwork."
24,4,3,1,"The essential terms are agreed upon: the vehicle (2019 Yaris with 65,000 km in excellent condition), the price ($16,900), and the parties' identities are established."
24,4,4,,"Compliance with mandatory statutory provisions cannot be determined from the negotiation transcript alone, as it depends on jurisdiction-specific requirements not addressed in the dialogue."
24,4,5,1,"Both parties have negotiated in good faith with transparent reasoning, fair market-based valuations, and mutual respect, consistent with principles of good faith and fair dealing."
24,4,6,1,"Both parties explicitly confirm they consciously and freely decided to conclude the contract, with no evidence of coercion or external pressure."
24,4,7,1,"The agreement appears genuine and substantive, with both parties demonstrating sincere intent to complete the transaction and transfer ownership."
24,4,8,1,"No evidence of error, deceit, or threat appears in either party's declarations; both have acted transparently and acknowledged the vehicle's condition and fair market value."
25,1,1,,"Both parties have made clear declarations of intent (buyer's offer at $16,500 and seller's counter-offer at $17,500), but mutual consent has not yet been reached as they remain in negotiation."
25,1,2,,"Both parties demonstrate intention to conclude a contract, but they have not yet agreed on binding terms, so the common intention to be bound cannot be fully assessed."
25,1,3,,"The parties have identified the essential term (price of the vehicle), but have not yet agreed on it; other essential terms remain undiscussed."
25,1,4,,"No statutory violations are apparent in this round of negotiation, but compliance with all mandatory provisions cannot be fully determined until contract terms are finalized."
25,1,5,,"Both parties are negotiating in good faith with transparent reasoning and market justifications, but the overall fairness cannot be assessed until terms are agreed."
25,1,6,1,Both parties have consciously and freely made their declarations of intent without any indication of coercion or lack of free will.
25,1,7,1,There is no indication that either party is engaging in a simulated or sham transaction; both appear to be genuine in their negotiation.
25,1,8,1,"Neither party's declarations show signs of error, deceit, or threat; both provide transparent reasoning for their positions."
25,2,1,1,"Both parties have made clear declarations of intent with specific offer prices ($17,000 from buyer, $17,250 from seller) in this round."
25,2,2,,"While both parties are negotiating, it cannot yet be determined if they share a common intention to be bound, as they have not reached agreement on price."
25,2,3,,"The parties have agreed on the subject matter (a 2019 Yaris) and its condition, but have not yet agreed on the essential term of price, which is critical for contract formation."
25,2,4,,Compliance with mandatory statutory provisions cannot be assessed until the parties reach agreement and the contract terms are finalized.
25,2,5,1,"Both parties are negotiating in good faith with transparent reasoning about value, budget constraints, and fair compromise."
25,2,6,1,Both parties are consciously and freely making counteroffers without evidence of coercion or lack of deliberation.
25,2,7,1,There is no indication that either party is engaging in a simulated or sham transaction; both appear genuinely interested in concluding a sale.
25,2,8,1,"No evidence of error, deceit, or threat affecting either party's declarations of will in this round."
25,3,1,1,"Both parties have clearly expressed their declarations of intent in this round, with the buyer proposing $17,100 and the seller accepting it."
25,3,2,1,"Both parties demonstrate a common intention to conclude the contract and be bound by it, as evidenced by the buyer stating 'I'm ready to move forward' and the seller accepting the price to 'get this deal closed.'"
25,3,3,1,"The essential terms are agreed upon: the vehicle (2019 Yaris), the price ($17,100), and the parties' identities are clear from context."
25,3,4,,"Compliance with mandatory statutory provisions cannot be determined from the negotiation transcript alone, as it depends on jurisdiction-specific requirements not addressed in the dialogue."
25,3,5,1,"The negotiation demonstrates good faith and fair dealing, with both parties making reasonable compromises and acknowledging each other's constraints and the vehicle's value."
25,3,6,1,"Both parties have consciously and freely decided to conclude the contract, with the buyer explicitly stating readiness to move forward and the seller voluntarily accepting the final offer."
25,3,7,1,There is no indication that this is a simulated or sham transaction; both parties appear to be genuinely negotiating a real car sale.
25,3,8,1,"Neither party's declarations of will show signs of error, deceit, or threat; the negotiation is transparent and straightforward."
25,4,1,1,"Both parties have clearly expressed their declarations of intent and will to conclude the contract at $17,100."
25,4,2,1,Both parties explicitly demonstrate a common intention to be bound by the agreement and proceed with paperwork and legal transfer.
25,4,3,1,"The essential terms are agreed upon: vehicle (2019 Yaris), price ($17,100), condition (excellent with maintenance records), and next steps (inspection and paperwork)."
25,4,4,,Compliance with mandatory statutory provisions cannot be determined from the negotiation transcript alone without knowing the applicable jurisdiction's requirements.
25,4,5,1,"Both parties have negotiated in good faith with transparent communication, reasonable compromises, and mutual respect throughout the process."
25,4,6,1,Both parties have consciously and freely decided to conclude the contract without any indication of coercion or external pressure.
25,4,7,1,There is no evidence suggesting this is a simulated or sham transaction; both parties appear genuinely committed to completing the sale.
25,4,8,1,"Neither party's declarations of will show signs of error, deceit, or threat; the negotiation has been transparent and straightforward."
26,1,1,,"Both parties have made clear declarations of intent to negotiate, but neither has yet made a definitive offer of contract acceptance."
26,1,2,,"While both parties are engaging in negotiation, there is no clear mutual intention to be bound by legal effects at this stage, as they are still in the exploratory phase."
26,1,3,0,"The parties have not agreed on the essential term of price, with a $1,000 gap between buyer's $16,500 and seller's $17,500 offer."
26,1,4,,Compliance with mandatory statutory provisions cannot be assessed until the parties reach agreement on material terms.
26,1,5,1,Both parties are negotiating in good faith with transparent reasoning about market conditions and vehicle condition.
26,1,6,1,Both parties appear to be consciously and freely making their declarations without evidence of coercion or constraint.
26,1,7,1,There is no indication that either party is engaging in a simulated or sham transaction; both are genuinely negotiating.
26,1,8,1,"No evidence of error, deceit, or threat affecting either party's declarations of will in this round."
26,2,1,1,"Both parties have clearly expressed their declarations of intent in this round, with the seller accepting the buyer's counter-offer of $17,000."
26,2,2,1,"Both parties explicitly demonstrate a common intention to conclude the contract and be bound by it, as evidenced by the seller's agreement and stated willingness to move forward."
26,2,3,1,"The essential terms are agreed upon: the vehicle (2019 Yaris), the price ($17,000), and the condition/mileage are all clearly established and accepted by both parties."
26,2,4,,"Compliance with mandatory statutory provisions cannot be determined from this negotiation transcript alone, as it depends on jurisdiction-specific requirements not addressed in the dialogue."
26,2,5,1,"The negotiation demonstrates good faith and fair dealing, with both parties making reasonable counter-offers and acknowledging each other's positions respectfully."
26,2,6,1,Both parties appear to have consciously and freely decided to conclude the contract without evidence of coercion or external pressure.
26,2,7,1,There is no indication that this is a simulated or sham transaction; both parties are genuinely negotiating the sale of a specific vehicle.
26,2,8,1,"Neither party's declarations of will show signs of error, deceit, or threat; the seller's acceptance appears genuine and based on the buyer's reasonable counter-offer."
26,3,1,1,"Both parties have clearly expressed their declarations of intent through explicit offers and counteroffers regarding the vehicle purchase at $17,000."
26,3,2,1,"Both parties demonstrate a common intention to conclude a binding contract, as evidenced by their acceptance of the $17,000 price and commitment to proceed with paperwork."
26,3,3,1,"The essential terms are agreed upon: the subject matter (2019 Yaris), the price ($17,000), and the condition of the vehicle (well-maintained, low mileage, full service history)."
26,3,4,,"Compliance with mandatory statutory provisions cannot be determined from the negotiation transcript alone, as it depends on jurisdiction-specific requirements not addressed in the dialogue."
26,3,5,1,"Both parties have negotiated in good faith, with transparent communication about the vehicle's condition and fair price adjustments reflecting mutual respect and honest dealing."
26,3,6,1,"Both parties explicitly confirm they are satisfied with the agreement and willing to proceed, demonstrating conscious and free decision-making without apparent coercion."
26,3,7,1,"The negotiation appears genuine with substantive discussion of vehicle condition, market comparables, and legitimate price adjustments, showing no signs of a sham transaction."
26,3,8,1,"Neither party's declarations of will show evidence of error, deceit, or threat; both have conducted transparent negotiations based on verifiable facts about the vehicle."
27,1,1,1,"Both parties have made clear declarations of intent with specific price offers ($16,500 from buyer, $17,500 from seller), demonstrating mutual willingness to negotiate."
27,1,2,,"While both parties are negotiating, it cannot yet be determined if they intend to be legally bound, as they have not reached agreement on essential terms."
27,1,3,,"The parties have not yet agreed on the essential term of price, and other material terms (payment method, delivery, warranties) have not been discussed."
27,1,4,,Compliance with mandatory statutory provisions cannot be assessed until the parties reach agreement on contract terms.
27,1,5,1,"Both parties are negotiating in good faith with reasonable, market-based offers and transparent reasoning about the vehicle's condition and value."
27,1,6,1,Both parties appear to be consciously and freely deciding to participate in the negotiation without evidence of coercion or constraint.
27,1,7,1,There is no indication that either party is engaging in a simulated or sham transaction; both are genuinely negotiating a car purchase.
27,1,8,1,"No evidence of error, deceit, or threat affecting either party's declarations of will in this round."
27,2,1,1,"Both parties have made clear declarations of intent in this round, with the buyer countering at $17,000 and the seller responding positively to that price point."
27,2,2,1,"Both parties demonstrate a common intention to conclude a contract, with the seller explicitly stating willingness to finalize the deal at $17,000 if closure occurs today."
27,2,3,1,"Essential terms are agreed upon: vehicle (2019 Yaris), mileage (65,000 km), condition (excellent with maintenance records), and price ($17,000)."
27,2,4,,"Compliance with mandatory statutory provisions cannot be determined from the negotiation transcript alone, as it depends on jurisdiction-specific requirements not addressed in the dialogue."
27,2,5,1,"Both parties negotiate in good faith with transparent reasoning, fair price adjustments, and acknowledgment of each other's positions."
27,2,6,1,"Both parties appear to have consciously and freely decided to negotiate and reach agreement, with no evidence of coercion or constraint."
27,2,7,1,"The negotiation appears genuine with substantive discussion of vehicle condition, mileage, and price justifications, showing no signs of a simulated transaction."
27,2,8,,"No evidence of error, deceit, or threat is apparent in the buyer's counter-offer or seller's response, but defects cannot be fully ruled out without additional information."
27,3,1,1,"Both parties have clearly expressed their declarations of intent and will regarding the purchase and sale at $17,000."
27,3,2,1,Both parties explicitly demonstrate a common intention to conclude a binding contract and be bound by its legal effects.
27,3,3,1,"The essential terms are agreed upon: vehicle (2019 Toyota Yaris), mileage (65,000 km), price ($17,000), and condition (excellent maintenance, no accidents)."
27,3,4,,Compliance with mandatory statutory provisions cannot be determined from the negotiation transcript alone; this requires verification of legal documentation and jurisdiction-specific requirements.
27,3,5,1,"Both parties have negotiated in good faith with transparent communication, reasonable counteroffers, and fair dealing throughout the process."
27,3,6,1,Both parties have consciously and freely decided to conclude the contract and determine its content without apparent coercion or undue pressure.
27,3,7,1,"The negotiation demonstrates genuine intent to conclude a real contract with actual performance obligations, not a simulated or sham transaction."
27,3,8,1,"Neither party's declarations of will show evidence of error, deceit, or threat; both parties appear fully informed and voluntarily agreeing."
28,1,1,1,"Both parties have made clear declarations of intent with specific price offers ($16,500 from buyer, $17,200 counter-offer from seller)."
28,1,2,,"While both parties are negotiating, it cannot yet be determined if they share a common intention to be legally bound, as negotiations are still ongoing and no agreement has been reached."
28,1,3,,"The parties have not yet agreed on the essential term (price), though the subject matter (2019 Yaris with 65,000 km) is clearly identified."
28,1,4,,Compliance with mandatory statutory provisions cannot be assessed until the parties reach agreement on contract terms.
28,1,5,1,Both parties are negotiating in good faith with transparent reasoning and reasonable price positions based on the vehicle's condition and mileage.
28,1,6,1,Both parties appear to be consciously and freely deciding to participate in negotiations without any indication of coercion or lack of capacity.
28,1,7,1,There is no indication that either party is engaging in a simulated or sham transaction; both are genuinely negotiating a car sale.
28,1,8,1,"Neither party's declarations show signs of error, deceit, or threat; both are providing factual information about the vehicle and making straightforward offers."
28,2,1,,"Both parties continue to exchange offers with clear intent to negotiate, but neither has yet made an unequivocal acceptance of identical terms."
28,2,2,,"While both parties demonstrate willingness to negotiate and reach a deal, there is no clear mutual agreement yet on being bound by specific contract terms."
28,2,3,,"The parties have identified the main subject matter (2019 Yaris, 65,000 km, excellent condition), but have not yet agreed on the essential term of price ($17,050 vs. $16,900)."
28,2,4,,No information is provided about compliance with mandatory statutory provisions for vehicle sales in this jurisdiction.
28,2,5,1,"Both parties are negotiating transparently, referencing market comparables and vehicle condition honestly, demonstrating good faith and fair dealing."
28,2,6,1,Both parties are consciously and freely engaging in negotiation without evidence of coercion or lack of voluntary participation.
28,2,7,1,"The negotiations appear genuine with substantive discussion of vehicle merits and market conditions, showing no signs of a sham transaction."
28,2,8,1,"No evidence of error, deceit, or threat affecting either party's declarations of will in this round."
28,3,1,1,Both parties have clearly expressed their declarations of intent and will through explicit offer and counter-offer in this round.
28,3,2,1,"Both parties demonstrate a common intention to conclude a binding contract, with the buyer stating readiness to 'move forward today' and the seller responding positively to negotiate terms."
28,3,3,1,"The essential terms are agreed upon: the vehicle (2019 Yaris, 65,000 km, excellent condition) and the price ($17,000) are clearly established."
28,3,4,,"Compliance with mandatory statutory provisions cannot be determined from the negotiation transcript alone, as it does not address legal formalities or regulatory requirements."
28,3,5,1,"Both parties conduct the negotiation in good faith with transparent reasoning, mutual respect, and fair dealing throughout the exchange."
28,3,6,1,"Both parties demonstrate conscious and free decision-making, with the buyer explicitly stating budget comfort and readiness, and the seller voluntarily accepting the final offer."
28,3,7,1,There is no indication that this is a simulated or sham transaction; both parties appear genuinely engaged in a legitimate car purchase negotiation.
28,3,8,1,"Neither party's declarations of will show signs of error, deceit, or threat; both rely on factual information and honest negotiation."
28,4,1,1,"Both parties have clearly declared their intent and will, with the seller accepting the buyer's offer of $17,000 and the buyer confirming acceptance."
28,4,2,1,"Both parties explicitly state their intention to be bound and to move forward with the purchase, demonstrating mutual intent to conclude a binding contract."
28,4,3,1,"The essential terms are agreed: vehicle (2019 Yaris, 65,000 km), price ($17,000), condition (excellent, full maintenance records, no accidents), and parties' identities are clear."
28,4,4,,"Compliance with mandatory statutory provisions cannot be determined from the negotiation transcript alone, as it depends on jurisdiction-specific requirements and documentation not yet discussed."
28,4,5,1,"The negotiation demonstrates good faith and fair dealing throughout, with both parties making reasonable compromises and acknowledging each other's positions respectfully."
28,4,6,1,"Both parties have consciously and freely decided to conclude the contract, with the buyer explicitly stating readiness to move forward and the seller voluntarily accepting the final offer."
28,4,7,1,"There is no indication of simulation or sham; both parties appear genuinely committed to completing the purchase with concrete next steps (paperwork, financing, insurance)."
28,4,8,1,"No defects (error, deceit, or threat) are evident in either party's declarations; both have been transparent about the vehicle's condition and market comparables."
29,1,1,1,"Both parties have made clear declarations of intent with specific offer prices ($16,500 from buyer, $16,800 from seller), demonstrating mutual willingness to negotiate."
29,1,2,,"While both parties are negotiating, neither has yet accepted the other's offer, so a common intention to be bound cannot be definitively established at this stage."
29,1,3,,"The parties have not yet agreed on the essential term (price), though other material terms regarding vehicle condition and documentation have been discussed."
29,1,4,,Compliance with mandatory statutory provisions cannot be assessed until the parties reach agreement and the contract terms are finalized.
29,1,5,1,"Both parties are negotiating transparently with full disclosure of maintenance history and condition, demonstrating good faith and fair dealing principles."
29,1,6,1,Both parties are consciously and freely making offers and counteroffers without any indication of coercion or lack of voluntary participation.
29,1,7,1,"The negotiation appears genuine with substantive discussion of vehicle condition and pricing, showing no signs of a simulated or sham transaction."
29,1,8,1,"No evidence of error, deceit, or threat affecting either party's declarations of will; the seller provides documented maintenance history to support their position."
29,2,1,1,"Both parties have clearly expressed their declarations of intent and will regarding the transaction at $16,500."
29,2,2,1,"Both parties demonstrate a common intention to conclude a binding contract, with the seller explicitly agreeing to move forward with payment and paperwork."
29,2,3,1,"The essential terms are agreed upon: the vehicle (2019 Yaris), the price ($16,500), and the condition (with documented maintenance history and no accidents)."
29,2,4,,Compliance with mandatory statutory provisions cannot be determined from the negotiation transcript alone without knowing the applicable jurisdiction's requirements.
29,2,5,1,"Both parties have negotiated in good faith, with transparent disclosure of maintenance records and honest communication about budget constraints and acceptable terms."
29,2,6,1,"Both parties have consciously and freely decided to conclude the contract at $16,500 without evidence of coercion or undue pressure."
29,2,7,1,There is no indication that this is a simulated or sham transaction; both parties appear to have genuine intent to complete a real vehicle sale.
29,2,8,1,"Neither party's declarations of will show signs of error, deceit, or threat; the seller provided detailed documentation and both parties negotiated transparently."
29,3,1,1,"Both parties have clearly expressed their declarations of intent and will to conclude the contract at the price of $16,500."
29,3,2,1,"Both parties explicitly state they are ready to move forward and be bound by the agreement, with the seller confirming 'That works for me' and the buyer stating 'I'm ready to move forward today.'"
29,3,3,1,"The essential terms are agreed upon: vehicle (2019 Yaris), price ($16,500), condition (accident-free with full service history), and immediate finalization with payment and paperwork."
29,3,4,,"Compliance with mandatory statutory provisions cannot be determined from the negotiation transcript alone, as it depends on jurisdiction-specific requirements for vehicle sales contracts."
29,3,5,1,"Both parties have negotiated in good faith, with transparent disclosure of maintenance history, honest budget constraints, and mutual willingness to compromise, consistent with fair dealing principles."
29,3,6,1,"Both parties have consciously and freely decided to conclude the contract, with the buyer confirming budget satisfaction and the seller voluntarily accepting the lower price to finalize the deal."
29,3,7,1,There is no indication that this is a simulated or sham transaction; both parties appear to have genuine intent to complete a legitimate vehicle sale.
29,3,8,1,"Neither party's declarations of will show signs of error, deceit, or threat; the buyer received full maintenance documentation and both parties negotiated transparently."
30,1,1,,"Both parties have made clear declarations of intent (buyer's offer at $16,500 and seller's counter-offer at $17,500), but mutual consent on a single price point has not yet been reached."
30,1,2,,"Both parties express willingness to negotiate and be bound by a contract, but they have not yet agreed on the binding terms."
30,1,3,,"The parties agree on the subject matter (2019 Yaris with 65,000 km and full maintenance records) but disagree on the essential term of price ($16,500 vs. $17,500)."
30,1,4,,"No contract has been concluded yet, so compliance with statutory provisions cannot be evaluated at this stage."
30,1,5,,"Both parties are negotiating in good faith with transparent reasoning, but the contract has not been concluded to assess overall fairness."
30,1,6,1,"Both parties demonstrate conscious and free decision-making, with reasoned positions and openness to negotiation without apparent coercion."
30,1,7,,No indication of simulated or sham intent; both parties appear to genuinely intend to negotiate a real car sale.
30,1,8,,"No evidence of error, deceit, or threat affecting either party's declarations of will in this round."
30,2,1,1,"Both parties have made clear declarations of intent with specific offer prices ($17,000 from buyer, $17,250 from seller) in this round."
30,2,2,,"While both parties are actively negotiating, neither has yet accepted the other's offer, so a common intention to be bound cannot be definitively established."
30,2,3,,The parties have not yet agreed on the essential term (price); they remain $250 apart with no agreement on other material terms.
30,2,4,,Compliance with mandatory statutory provisions cannot be assessed until the parties reach agreement on contract terms.
30,2,5,1,"Both parties are negotiating in good faith with reasonable, market-based offers and transparent reasoning about the vehicle's condition."
30,2,6,1,Both parties are consciously and freely making their own decisions about offer prices without apparent coercion or constraint.
30,2,7,1,There is no indication that either party is engaging in a simulated or sham transaction; both appear genuinely interested in concluding a sale.
30,2,8,1,"No evidence of error, deceit, or threat affecting either party's declarations of will in this round."
30,3,1,1,Both parties have clearly expressed their declarations of intent and will regarding the transaction in this round.
30,3,2,1,Both parties demonstrate a common intention to conclude a binding contract and accept its legal effects through their continued negotiation and eventual agreement.
30,3,3,1,"The essential terms are agreed upon: the vehicle (2019 Yaris), the price ($17,100), and the parties' identities are established."
30,3,4,,Compliance with mandatory statutory provisions cannot be determined from the negotiation transcript alone without knowing the applicable jurisdiction's requirements.
30,3,5,1,"Both parties negotiate in good faith with transparent reasoning, reasonable compromises, and fair dealing throughout the exchange."
30,3,6,1,Both parties demonstrate conscious and free decision-making through gradual negotiation steps and explicit acceptance without coercion or pressure.
30,3,7,1,There is no indication that this is a simulated or sham transaction; both parties appear genuinely interested in completing the sale.
30,3,8,1,"No evidence of error, deceit, or threat affecting either party's declarations of will appears in the negotiation transcript."
30,4,1,1,"Both parties have clearly expressed mutual declarations of intent to conclude a contract at $17,100, with both confirming agreement."
30,4,2,1,"Both parties explicitly demonstrate a common intention to be bound by the contract, as evidenced by their agreement to proceed with paperwork and finalization."
30,4,3,1,"The essential terms are agreed upon: the vehicle (2019 Yaris), the price ($17,100), and the parties' identities are clear from context."
30,4,4,,"Compliance with mandatory statutory provisions cannot be determined from the negotiation transcript alone, as it depends on jurisdiction-specific requirements not addressed in the dialogue."
30,4,5,1,"Both parties have negotiated in good faith with transparent reasoning, reasonable compromises, and professional conduct throughout, consistent with fair dealing principles."
30,4,6,1,"Both parties have consciously and freely made their decisions without any indication of coercion, duress, or external pressure affecting their choices."
30,4,7,1,There is no evidence suggesting this is a simulated or sham transaction; both parties appear genuinely committed to completing the sale.
30,4,8,1,"Neither party's declarations of will show signs of error, deceit, or threat; the negotiation has been transparent and straightforward."
31,1,1,1,"Both parties have made clear declarations of intent with specific price offers ($16,500 from buyer, $16,200 from seller), demonstrating mutual willingness to negotiate."
31,1,2,,"While both parties express interest in proceeding, neither has yet accepted the other's offer, so a common intention to be bound cannot be definitively established at this stage."
31,1,3,,"The parties have agreed on the subject matter (a 2019 Yaris with specified mileage and condition) but have not yet agreed on the essential term of price, which remains under negotiation."
31,1,4,,"No statutory compliance issues are apparent from the negotiation content, but full compliance cannot be assessed until all contract terms are finalized."
31,1,5,1,"Both parties are negotiating in good faith with transparent reasoning about market value and fair compromise, consistent with principles of fair dealing."
31,1,6,1,Both parties demonstrate conscious and free decision-making by presenting reasoned offers and willingness to negotiate without apparent coercion or constraint.
31,1,7,1,"The negotiation appears genuine with substantive discussion of the vehicle's condition and market value, showing no indication of a sham transaction."
31,1,8,1,"Neither party's declarations show signs of error, deceit, or threat; both provide factual information about the vehicle and make transparent price proposals."
31,2,1,1,"Both parties continue to express clear declarations of intent to negotiate and potentially conclude a contract, with explicit offer and counter-offer statements."
31,2,2,,"While both parties demonstrate willingness to negotiate, neither has yet accepted the other's terms, so a common intention to be bound cannot be definitively established."
31,2,3,1,"The essential terms are becoming clear: a 2019 Toyota Yaris in excellent condition with 65,000 km and full maintenance records, with price being the only remaining point of negotiation."
31,2,4,,No information is provided about whether the parties are complying with mandatory statutory provisions for vehicle sales in their jurisdiction.
31,2,5,1,Both parties are negotiating in good faith with reasonable justifications for their positions and willingness to compromise toward a mutually acceptable price.
31,2,6,1,Both parties appear to be consciously and freely deciding to continue negotiations without evidence of coercion or lack of understanding.
31,2,7,1,There is no indication that either party is engaging in a simulated or sham transaction; both appear genuinely interested in concluding a real car sale.
31,2,8,1,"No defects such as error, deceit, or threat are evident in the seller's clarification of the buyer's counter-offer or in either party's declarations."
31,3,1,1,"Both parties have clearly declared their intent and will regarding the purchase at $16,000, with mutual agreement explicitly stated."
31,3,2,1,"Both parties demonstrate a common intention to conclude a binding contract and accept its legal effects, as evidenced by their agreement and willingness to proceed with paperwork."
31,3,3,1,"The essential terms are agreed upon: the subject matter (2019 Yaris), the price ($16,000), and the condition of the vehicle are all clearly established."
31,3,4,,"Compliance with mandatory statutory provisions cannot be determined from the negotiation transcript alone, as it depends on jurisdiction-specific requirements not addressed in the dialogue."
31,3,5,1,"The negotiation demonstrates good faith and fair dealing, with both parties providing transparent information, acknowledging each other's positions, and reaching a mutually acceptable compromise."
31,3,6,1,"Both parties have consciously and freely decided to conclude the contract without evidence of coercion or undue pressure, and both have actively participated in determining the contract's content."
31,3,7,1,There is no indication that this is a simulated or sham transaction; both parties appear to have genuine intentions to complete the sale.
31,3,8,1,"Neither party's declarations of will show signs of error, deceit, or threat; the buyer even acknowledges and corrects their own confusion about the counter-offer."
32,1,1,,"Both parties have made clear declarations of intent to negotiate, but neither has yet made a final, unconditional acceptance of the other's offer."
32,1,2,,"While both parties appear interested in concluding a contract, they have not yet demonstrated a common intention to be bound, as they remain in active price negotiation."
32,1,3,,"The parties have agreed on the main subject matter (a 2019 Yaris with 65,000 km in good condition), but the essential term of price remains disputed ($16,500 vs. $16,800)."
32,1,4,,"No statutory violations are apparent at this stage of negotiation, but compliance cannot be fully assessed until a final agreement is reached."
32,1,5,,"Both parties are negotiating in good faith with transparent reasoning for their positions, though the contract has not yet been concluded."
32,1,6,,"Both parties appear to be acting consciously and freely in their negotiations, but no final binding decision has been made."
32,1,7,,No indication of simulation or sham conduct is present; both parties appear to be genuinely negotiating a real transaction.
32,1,8,,"No evidence of error, deceit, or threat affecting either party's declarations of will has emerged in this round."
32,2,1,1,"Both parties have made clear declarations of intent in this round, with the seller explicitly accepting the buyer's offer of $16,950."
32,2,2,1,"Both parties demonstrate a common intention to conclude a binding contract, as evidenced by the seller's statement 'We have an agreement.'"
32,2,3,1,"The essential terms are agreed upon: the vehicle (2019 Yaris), the price ($16,950), and the subject matter of the sale are clearly established."
32,2,4,,"Compliance with mandatory statutory provisions cannot be determined from the negotiation transcript alone, as it depends on jurisdiction-specific requirements not addressed in the dialogue."
32,2,5,1,"The negotiation demonstrates good faith and fair dealing, with both parties making reasonable compromises and acknowledging each other's positions."
32,2,6,1,Both parties appear to have consciously and freely decided to conclude the contract without evidence of coercion or undue pressure.
32,2,7,1,There is no indication that this is a simulated or sham transaction; both parties appear genuinely interested in completing the sale.
32,2,8,1,"No defects such as error, deceit, or threat are evident in either party's declarations during this round."
32,3,1,1,Both parties have made clear declarations of intent and will regarding the purchase of the vehicle at the negotiated price.
32,3,2,1,Both parties explicitly express their intention to be bound by the agreement and to proceed with the contract's legal effects.
32,3,3,1,"The essential terms are agreed upon: the subject matter (2019 Yaris), the price ($16,950), and the parties' identities are clear."
32,3,4,,Compliance with mandatory statutory provisions cannot be determined from the negotiation transcript alone without knowing the applicable jurisdiction's requirements.
32,3,5,1,"The negotiation demonstrates good faith and fair dealing, with both parties making reasonable compromises and acknowledging the vehicle's condition fairly."
32,3,6,1,Both parties consciously and freely decided to conclude the contract without any indication of coercion or lack of voluntary consent.
32,3,7,1,There is no evidence suggesting this is a simulated or sham transaction; both parties appear genuinely committed to completing the purchase.
32,3,8,1,"Neither party's declarations of will show signs of error, deceit, or threat in this round of negotiation."
33,1,1,,"Both parties have made declarations of intent (offers and counter-offers), but mutual consent to conclude a contract has not yet been reached as the offers remain unaccepted."
33,1,2,,"While both parties are engaging in negotiation, there is no clear common intention to be bound by legal effects at this stage, as the negotiation is still ongoing with divergent positions."
33,1,3,,"The parties have not yet agreed on the essential term (price), with the buyer at $16,500 and seller at $17,500, so agreement on main subject matter is incomplete."
33,1,4,,Compliance with mandatory statutory provisions cannot be assessed until the parties reach agreement on contract terms.
33,1,5,,"The negotiation appears to be conducted in good faith with transparent reasoning from both sides, but final assessment requires completion of negotiations."
33,1,6,1,Both parties are consciously and freely engaging in negotiation without evidence of coercion or lack of free will in their declarations.
33,1,7,1,There is no indication that either party's declarations are simulated or sham acts; both appear to be genuine negotiating positions.
33,1,8,1,"No evidence of error, deceit, or threat affecting either party's declarations of will in this round."
33,2,1,1,"Both parties are making clear declarations of intent with specific counter-offers ($17,200 from buyer, $17,350 from seller)."
33,2,2,,"While both parties are negotiating, neither has yet accepted the other's offer, so a common intention to be bound cannot be definitively established at this stage."
33,2,3,1,"The essential term (price) is being actively negotiated with convergence toward agreement; vehicle specifications (2019 Yaris, 65,000 km, good condition) are established."
33,2,4,,"Compliance with mandatory statutory provisions cannot be assessed without knowing the jurisdiction and whether all required formalities (documentation, registration transfer, etc.) will be followed."
33,2,5,1,"Both parties are negotiating in good faith with transparent reasoning, reasonable compromises, and mutual respect for each other's positions."
33,2,6,1,Both parties are consciously and freely making their own decisions; the buyer explicitly states budget constraints and the seller acknowledges and responds to them.
33,2,7,1,There is no indication that either party is engaging in a simulated or sham transaction; both are genuinely negotiating a car purchase.
33,2,8,1,"No evidence of error, deceit, or threat; both parties are providing factual information about the vehicle and their positions transparently."
33,3,1,1,"Both parties have made clear declarations of intent and willingness to negotiate, with the buyer proposing $17,200 and the seller responding constructively."
33,3,2,,"While both parties are negotiating in good faith, neither has yet made a final binding declaration of intent to be legally bound; they remain in the offer-counteroffer phase."
33,3,3,,"The essential term (price) is still being negotiated with a gap between $17,200 and $17,350; agreement on all essential terms has not yet been reached."
33,3,4,,Compliance with mandatory statutory provisions cannot be assessed until the parties reach agreement and the contract terms are finalized.
33,3,5,1,"Both parties are negotiating transparently, acknowledging each other's positions, and moving toward compromise in a manner consistent with good faith and fair dealing."
33,3,6,1,"Both parties are consciously and freely participating in the negotiation, with the buyer explicitly stating budget constraints and the seller responding reasonably."
33,3,7,,There is no indication of simulation or sham; the negotiation appears genuine and substantive.
33,3,8,,"No evidence of error, deceit, or threat has emerged in this round of negotiation."
34,1,1,,"Both parties have made declarations of intent to negotiate, but neither has made a final binding offer of acceptance yet."
34,1,2,,The parties are still in the negotiation phase with counteroffers; a common intention to be bound has not yet been established.
34,1,3,1,"The essential terms are being discussed and agreed upon: vehicle identification (2019 Toyota Yaris), mileage (65,000 km), condition, and price range ($16,500-$17,500) are all on the table."
34,1,4,,Compliance with mandatory statutory provisions cannot be assessed until the parties reach agreement and the contract terms are finalized.
34,1,5,1,"Both parties are negotiating in good faith with transparent information about the vehicle's condition, maintenance records, and price expectations."
34,1,6,1,Both parties are consciously and freely engaging in negotiation without any indication of coercion or lack of voluntary participation.
34,1,7,,There is no evidence of simulation or sham; the negotiation appears to be a genuine attempt to reach a binding agreement.
34,1,8,,"No defects in declarations of will (error, deceit, or threat) are apparent in this round of negotiation."
34,2,1,1,"Both parties have made clear declarations of intent with specific counter-offers ($17,500 from seller, $17,000 from buyer), demonstrating mutual willingness to negotiate."
34,2,2,,"While both parties are negotiating, they have not yet reached agreement on price, so a common intention to be bound cannot be definitively established at this stage."
34,2,3,,"The parties have agreed on the vehicle (2019 Toyota Yaris) and its condition, but the essential term of price remains disputed ($17,250 vs. $17,000), preventing full agreement on essential terms."
34,2,4,,No statutory compliance issues are apparent from the negotiation transcript at this stage.
34,2,5,1,"Both parties are negotiating in good faith with transparent reasoning, reasonable price adjustments, and acknowledgment of each other's positions."
34,2,6,1,"Both parties have explicitly stated their positions and constraints (buyer's maximum budget, seller's minimum acceptable price) indicating conscious and free decision-making."
34,2,7,1,There is no indication that either party is engaging in a simulated or sham transaction; both are genuinely negotiating a car purchase.
34,2,8,1,"No evidence of error, deceit, or threat appears in either party's declarations; both provide factual information about the vehicle and their positions."
34,3,1,1,"Both parties have clearly expressed their declarations of intent and will to conclude a contract at the agreed price of $17,250."
34,3,2,1,Both buyer and seller have explicitly stated their intention to be bound by the agreement and to move forward with finalizing the sale.
34,3,3,1,"The essential terms are agreed upon: vehicle (2019 Toyota Yaris), condition (excellent, zero accidents, 65,000 km, full maintenance records), and price ($17,250)."
34,3,4,,"Compliance with mandatory statutory provisions cannot be determined from the negotiation transcript alone, as it depends on jurisdiction-specific requirements for vehicle sales."
34,3,5,1,"Both parties have negotiated in good faith, made reasonable counteroffers, and reached a mutually acceptable middle ground reflecting fair market value."
34,3,6,1,Both parties have consciously and freely decided to conclude the contract without any indication of coercion or external pressure.
34,3,7,1,There is no evidence suggesting this is a simulated or sham transaction; both parties appear genuinely committed to completing the vehicle sale.
34,3,8,1,"Neither party's declarations of will show signs of error, deceit, or threat; the negotiation has been transparent and professional throughout."
35,1,1,,"Both parties have made clear declarations of intent to negotiate, but neither has yet made a final, unconditional offer that constitutes mutual consent to conclude the contract."
35,1,2,,"While both parties express interest in the transaction, they have not yet demonstrated a common intention to be legally bound, as they are still in the negotiation phase with differing price positions."
35,1,3,,"The parties have agreed on the main subject matter (a 2019 Yaris with 65,000 km and full maintenance history), but the essential term of price remains disputed ($16,500 vs. $17,500)."
35,1,4,,"No statutory violations are apparent at this stage of negotiation, but compliance cannot be fully assessed until a final agreement is reached."
35,1,5,1,"Both parties are negotiating in good faith with transparent information about the vehicle's condition and maintenance history, and the seller's counteroffer represents a reasonable middle ground."
35,1,6,1,Both parties appear to be consciously and freely participating in the negotiation without any indication of coercion or lack of voluntary participation.
35,1,7,1,There is no indication that either party is engaging in a simulated or sham transaction; both appear genuinely interested in a legitimate car sale.
35,1,8,1,"No evidence of error, deceit, or threat is present in either party's declarations; the seller provides factual information about the vehicle's condition and maintenance."
35,2,1,1,"Both parties have made clear declarations of intent with specific offer prices ($17,000 from buyer, $17,250 from seller) in this round."
35,2,2,,"While both parties are actively negotiating, neither has yet accepted the other's offer, so a common intention to be bound cannot be confirmed at this stage."
35,2,3,1,"The parties have agreed on essential terms: the subject matter (2019 Toyota Yaris), mileage (65,000 km), condition, and maintenance history; only the price remains under negotiation."
35,2,4,,Compliance with mandatory statutory provisions cannot be assessed without knowing the jurisdiction and applicable laws governing this vehicle sale.
35,2,5,1,"Both parties are negotiating in good faith with reasonable, progressively narrowing offers that reflect fair dealing principles."
35,2,6,1,Both parties are consciously and freely making counteroffers without any indication of coercion or lack of voluntary participation.
35,2,7,1,"The negotiation appears genuine with substantive discussion of the vehicle's condition and value, showing no signs of a sham transaction."
35,2,8,1,"Neither party's declarations show evidence of error, deceit, or threat; both are providing factual information about the vehicle."
35,3,1,1,Both parties have clearly expressed their declarations of intent to negotiate and potentially conclude a contract through their successive offers and counteroffers.
35,3,2,,"While both parties are engaging in negotiation, it cannot yet be determined if they share a common intention to be legally bound, as no final agreement has been reached in this round."
35,3,3,,"In round 3, the parties remain apart on price ($17,000 vs $17,250), so agreement on essential terms has not yet been achieved."
35,3,4,,Compliance with mandatory statutory provisions cannot be assessed at this stage of negotiation without knowledge of applicable law and contract formalities.
35,3,5,1,"Both parties are negotiating in good faith with reasonable arguments about vehicle condition, depreciation, and fair pricing, demonstrating fair dealing principles."
35,3,6,1,Both parties are consciously and freely making successive counteroffers without evidence of coercion or constraint on their decision-making.
35,3,7,,There is no indication of simulation or sham in the negotiation; both parties appear to be genuinely negotiating a real transaction.
35,3,8,,"No defects such as error, deceit, or threat are evident in round 3, though this cannot be definitively confirmed without further information."
35,4,1,1,"Both parties have clearly declared their intent and will, with the seller accepting the buyer's $17,100 offer and the buyer confirming acceptance."
35,4,2,1,Both parties explicitly express their intention to be bound by the agreement and to move forward with finalizing the deal.
35,4,3,1,"The essential terms are agreed upon: the vehicle (2019 Toyota Yaris), the price ($17,100), and the condition (well-maintained, 65,000 km, no accidents)."
35,4,4,,"Compliance with mandatory statutory provisions cannot be determined from the negotiation transcript alone, as it depends on jurisdiction-specific requirements not addressed in the dialogue."
35,4,5,1,"Both parties have negotiated in good faith with reasonable offers and counteroffers, demonstrating fair dealing and respect for each other's positions."
35,4,6,1,Both parties have consciously and freely made their decisions throughout the negotiation without any indication of coercion or lack of autonomy.
35,4,7,1,There is no indication that this is a simulated or sham transaction; both parties appear genuinely committed to completing the purchase and sale.
35,4,8,1,"No defects such as error, deceit, or threat are evident in either party's declarations; the negotiation has been transparent and straightforward."
36,1,1,,"Both parties have made declarations of intent, but neither has yet made a binding offer or acceptance that would constitute mutual consent to conclude a contract."
36,1,2,,"While both parties are discussing the vehicle, there is no clear mutual intention to be legally bound at this stage, as the buyer is still in the information-gathering phase."
36,1,3,,"The parties have discussed the vehicle's condition and maintenance history, but have not yet agreed on essential terms such as final price, payment terms, delivery, or other material conditions."
36,1,4,,It cannot be determined whether the contract complies with mandatory statutory provisions until the parties reach agreement on essential terms.
36,1,5,,"The negotiations appear to be conducted in good faith with transparent disclosure of vehicle condition and maintenance records, but a contract has not yet been formed."
36,1,6,,"Both parties appear to be negotiating freely and consciously, but no binding decision to conclude a contract has been made in this round."
36,1,7,,"There is no indication of simulation or sham in the negotiations, but no contract has been formed yet to evaluate."
36,1,8,,"No defects of will (error, deceit, or threat) are apparent in this round, but the parties have not yet reached agreement on binding terms."
36,2,1,,"Both parties continue to express willingness to negotiate, but neither has made a final, unconditional declaration of intent to be bound at a specific price."
36,2,2,,"While both parties are negotiating in good faith, there is no clear mutual intention to conclude and be legally bound by a contract at this stage, as price remains disputed."
36,2,3,,"Essential terms regarding the vehicle's condition and maintenance are agreed upon, but the critical term of price remains unresolved ($15,800 vs. $16,200)."
36,2,4,,No statutory violations are apparent in the negotiation conduct so far.
36,2,5,1,"Both parties are negotiating transparently with full disclosure of vehicle condition and maintenance history, demonstrating good faith and fair dealing."
36,2,6,1,Both parties are consciously and freely participating in the negotiation without apparent coercion or constraint.
36,2,7,1,"The negotiation appears genuine with substantive discussion of vehicle merits and price justification, showing no signs of a sham transaction."
36,2,8,1,"No evidence of error, deceit, or threat affecting either party's declarations of will in this round."
36,3,1,1,"Both parties have made clear declarations of intent in this round—the buyer offers $15,800 and the seller responds with a counteroffer of $16,200, demonstrating mutual willingness to negotiate."
36,3,2,,"While both parties are actively negotiating, neither has yet accepted the other's terms, so a common intention to be bound cannot be definitively established at this stage."
36,3,3,,"The parties have not yet agreed on the essential term (price); the buyer offers $15,800 while the seller counters at $16,200, leaving a gap of $400."
36,3,4,,Compliance with mandatory statutory provisions cannot be assessed without knowing the applicable jurisdiction and specific legal requirements for vehicle sales.
36,3,5,1,"Both parties are negotiating transparently with reasoned justifications for their positions, demonstrating good faith and fair dealing principles."
36,3,6,1,Both parties are consciously and freely making counteroffers without evidence of coercion or lack of voluntary participation in the negotiation.
36,3,7,1,There is no indication that either party is engaging in a simulated or sham transaction; both are genuinely negotiating the purchase and sale of the vehicle.
36,3,8,1,"Neither party's declarations of will show signs of error, deceit, or threat; the buyer acknowledges the seller's points and the seller provides transparent reasoning for their position."
36,4,1,1,"Both parties have clearly declared their mutual intent to conclude the contract at $16,000, with both explicitly agreeing to the same price."
36,4,2,1,"Both parties have demonstrated a common intention to be bound by the contract, with the seller stating 'I can accept $16,000. Let's make this deal happen' and the buyer confirming agreement to proceed with paperwork."
36,4,3,1,"The essential terms are agreed upon: the vehicle (2019 Toyota Yaris), the price ($16,000), and the condition (well-maintained, accident-free, with complete service history)."
36,4,4,,"Compliance with mandatory statutory provisions cannot be determined from the negotiation transcript alone, as it depends on jurisdiction-specific requirements not addressed in the dialogue."
36,4,5,1,"The negotiation demonstrates good faith and fair dealing, with both parties making reasonable compromises and acknowledging each other's positions transparently."
36,4,6,1,"Both parties have consciously and freely decided to conclude the contract, with the buyer explicitly stating they are 'pleased we've reached an agreement' and the seller confirming acceptance."
36,4,7,1,There is no indication that this is a simulated or sham transaction; both parties appear to genuinely intend to complete the vehicle sale.
36,4,8,1,"Neither party's declarations of will show signs of error, deceit, or threat; the negotiation is transparent with both parties providing and accepting information freely."
37,1,1,,"Both parties have made clear declarations of intent to negotiate, but neither has yet made a final, unconditional offer that constitutes mutual consent to conclude the contract."
37,1,2,,"While both parties express interest in proceeding, they have not yet demonstrated a common intention to be legally bound, as the negotiation is still ongoing with differing price positions."
37,1,3,,"The parties have agreed on the subject matter (2019 Yaris with 65,000 km) but remain in disagreement on the essential term of price ($16,500 vs. $16,800), so essential terms are not yet fully agreed."
37,1,4,,No information is provided about whether the parties are complying with mandatory statutory provisions for vehicle sales.
37,1,5,,"The negotiation appears to be conducted in good faith with reasonable positions from both sides, but the contract has not yet been concluded to evaluate this requirement."
37,1,6,1,"Both parties appear to be negotiating consciously and freely, with no evidence of coercion or lack of voluntary participation in this round."
37,1,7,,There is no indication that either party is engaging in a simulated or sham transaction; both appear to be genuinely negotiating.
37,1,8,,"No evidence of error, deceit, or threat affecting either party's declarations of will in this round."
37,2,1,1,"Both parties have clearly expressed their declarations of intent and will, with the seller explicitly accepting the buyer's offer of $16,650."
37,2,2,1,"Both parties demonstrate a common intention to conclude a binding contract, with the seller stating 'Let's make this deal happen' and marking 'agreed' as true."
37,2,3,1,"The essential terms are agreed upon: the vehicle (2019 Yaris with 65,000 km), the price ($16,650), and the condition (well-maintained with full service records)."
37,2,4,,"Compliance with mandatory statutory provisions cannot be determined from this negotiation transcript alone, as it depends on jurisdiction-specific requirements not addressed in the dialogue."
37,2,5,1,"The negotiation demonstrates good faith and fair dealing, with both parties making reasonable compromises and acknowledging each other's positions transparently."
37,2,6,1,Both parties appear to have consciously and freely decided to conclude the contract without evidence of coercion or external pressure.
37,2,7,1,There is no indication that this is a simulated or sham transaction; both parties appear genuinely interested in completing a legitimate car sale.
37,2,8,1,"No defects such as error, deceit, or threat are evident in either party's declarations during this round."
37,3,1,1,"Both parties have clearly declared their mutual intent to conclude the contract at $16,650, with both marking 'agreed': true in the most recent round."
37,3,2,1,"Both parties explicitly express their intention to be bound by the agreement and to proceed with the purchase, as evidenced by their statements about moving forward with paperwork and finalization."
37,3,3,1,"The essential terms are agreed upon: the vehicle (2019 Yaris), the price ($16,650), and the condition/mileage (65,000 km with full service records) are all clearly established."
37,3,4,,"Compliance with mandatory statutory provisions cannot be determined from the negotiation transcript alone, as it depends on jurisdiction-specific requirements and documentation not yet discussed."
37,3,5,1,"The negotiation demonstrates good faith and fair dealing, with both parties making reasonable compromises and acknowledging each other's positions fairly."
37,3,6,1,"Both parties have consciously and freely negotiated the terms through multiple rounds, with neither party showing signs of coercion or lack of voluntary participation."
37,3,7,1,There are no indications that this is a simulated or sham transaction; both parties appear genuinely committed to completing the purchase.
37,3,8,1,"No evidence of error, deceit, or threat appears in the negotiation; both parties have acted transparently and provided factual information about the vehicle."
38,1,1,1,"Both parties have made clear declarations of intent with specific price offers ($16,500 from buyer, $17,000 from seller), demonstrating mutual willingness to negotiate."
38,1,2,,"While both parties are actively negotiating, neither has yet accepted the other's offer, so a common intention to be bound by legal effects cannot be confirmed at this stage."
38,1,3,,"The parties have agreed on the subject matter (a 2019 Yaris with 65,000 km) and its condition, but have not yet agreed on the essential term of price."
38,1,4,,Compliance with mandatory statutory provisions cannot be assessed until the parties reach agreement and the contract terms are finalized.
38,1,5,1,"Both parties are negotiating in good faith with transparent reasoning, fair counteroffers, and acknowledgment of market value, consistent with principles of fair dealing."
38,1,6,1,Both parties are consciously and freely making their own decisions about price without any indication of coercion or lack of autonomy.
38,1,7,1,There is no indication that either party is engaging in a simulated or sham transaction; both appear genuinely interested in concluding a real car sale.
38,1,8,1,"Neither party's declarations of will show signs of error, deceit, or threat; both are providing honest information about the vehicle and their pricing positions."
38,2,1,1,"Both parties have clearly expressed their declarations of intent and willingness to negotiate, with the seller making a counter-offer of $17,000 in response to the buyer's opening offer."
38,2,2,,"While both parties are negotiating, there is no clear mutual intention to be bound yet, as they have not reached agreement on price and other essential terms remain undiscussed."
38,2,3,,"The parties have only discussed price ($17,000 offered); other essential terms such as payment method, delivery, condition warranties, and documentation have not been addressed."
38,2,4,,"No statutory requirements have been violated so far, but compliance with mandatory provisions cannot be fully assessed until all essential terms are agreed upon."
38,2,5,1,"Both parties are negotiating in good faith, with the seller making reasonable concessions and the buyer expressing appreciation for the seller's willingness to compromise."
38,2,6,1,Both parties appear to be consciously and freely deciding to participate in the negotiation without any indication of coercion or lack of free will.
38,2,7,,There is no evidence suggesting this is a simulated or sham transaction; both parties appear to be genuinely negotiating a car purchase.
38,2,8,,"No defects such as error, deceit, or threat are apparent in this round of negotiation."
38,3,1,1,"Both parties have clearly expressed their declarations of intent in this round, with the buyer proposing $16,800 and the seller responding with a counter-offer of $16,900."
38,3,2,,"While both parties appear willing to negotiate, it cannot yet be determined if they share a common intention to be legally bound, as no final agreement has been reached in this round."
38,3,3,1,"The essential terms are being discussed and narrowed: the vehicle (2019 Yaris), condition (excellent), mileage (65,000 km), and price range ($16,800-$16,900) are all clearly identified."
38,3,4,,Compliance with mandatory statutory provisions cannot be assessed at this stage as no final contract has been formed and no jurisdiction-specific requirements have been discussed.
38,3,5,1,"Both parties are negotiating in good faith with professional conduct, reasonable compromises, and transparent communication about the vehicle's condition and value."
38,3,6,1,"Both parties demonstrate conscious and free decision-making, with the buyer explicitly stating satisfaction and readiness to proceed, and the seller responding positively without coercion."
38,3,7,,There is no indication of simulation or sham in this round; the negotiation appears genuine and substantive.
38,3,8,,"No evidence of error, deceit, or threat is present in this round; both parties appear to be acting with accurate information and voluntary consent."
39,1,1,1,"Both parties have made clear declarations of intent with specific price offers ($16,500 from buyer, $17,000 counter-offer from seller)."
39,1,2,,"While both parties are engaging in negotiation, it cannot yet be determined if they share a common intention to be legally bound, as they have not reached agreement on price."
39,1,3,,"The essential term (price) remains disputed; agreement on main subject matter has not been achieved, though the vehicle itself is clearly identified."
39,1,4,,Compliance with mandatory statutory provisions cannot be assessed until the parties reach agreement and the contract terms are finalized.
39,1,5,1,"Both parties are negotiating in good faith with transparent reasoning about market value, maintenance history, and fair pricing."
39,1,6,1,Both parties are consciously and freely engaging in negotiation without any indication of coercion or lack of voluntary participation.
39,1,7,,There is no evidence suggesting this is a simulated or sham transaction; both parties appear to be genuinely negotiating a car sale.
39,1,8,,"No defects (error, deceit, or threat) are apparent in either party's declarations at this stage of negotiation."
39,2,1,1,"Both parties continue to express clear declarations of intent to negotiate and potentially conclude a contract, with the seller making a counter-offer of $16,900."
39,2,2,,"While both parties demonstrate willingness to negotiate, neither has yet accepted the other's offer, so a common intention to be bound cannot be definitively established."
39,2,3,,"The parties have not yet agreed on the essential term (price), with the seller at $16,900 and buyer's last offer at $16,800, leaving a $100 gap."
39,2,4,,Compliance with mandatory statutory provisions cannot be assessed until the parties reach agreement and the contract terms are finalized.
39,2,5,1,"Both parties conduct themselves in good faith with transparent reasoning, respectful language, and fair market-based arguments."
39,2,6,1,"Both parties demonstrate conscious and free decision-making, with reasoned positions and willingness to negotiate without apparent coercion."
39,2,7,1,There are no indications that either party is engaging in a simulated or sham transaction; both appear genuinely interested in concluding a sale.
39,2,8,1,"No evidence of error, deceit, or threat affecting either party's declarations of will in this round."
39,3,1,1,"Both parties have clearly expressed their declarations of intent in this round, with the buyer proposing $16,800 and the seller responding with a counter-offer of $16,900."
39,3,2,,"While both parties are negotiating in good faith, it cannot yet be determined if they share a common intention to be legally bound, as no final agreement has been reached in this round."
39,3,3,,"The essential terms (vehicle identification, price) are being discussed, but agreement on all essential terms has not yet been achieved in this round, as the parties remain $100 apart."
39,3,4,,"Compliance with mandatory statutory provisions cannot be assessed at this stage of negotiation, as no contract has been concluded yet."
39,3,5,1,"Both parties are negotiating transparently, acknowledging each other's positions respectfully, and demonstrating good faith and fair dealing in their approach."
39,3,6,1,Both parties are consciously and freely making their own decisions and proposals without evidence of coercion or constraint in this round.
39,3,7,1,There is no indication that either party is engaging in a simulated or sham transaction; both appear genuinely interested in negotiating a real purchase.
39,3,8,1,"Neither party's declarations of will show signs of error, deceit, or threat; both are making informed, deliberate offers based on stated reasoning."
40,1,1,1,"Both parties have made clear declarations of intent with specific offer prices ($16,500 from buyer, $17,200 from seller), demonstrating mutual willingness to negotiate."
40,1,2,,"While both parties are negotiating, neither has yet accepted the other's offer, so a common intention to be bound cannot be definitively established at this stage."
40,1,3,,Essential terms like price remain in dispute; agreement on the main subject matter (the vehicle and its price) has not yet been reached.
40,1,4,,Compliance with mandatory statutory provisions cannot be assessed until the parties reach agreement and the contract terms are finalized.
40,1,5,1,"Both parties are negotiating transparently with disclosed information about the vehicle's condition, maintenance, and pricing rationale, consistent with good faith and fair dealing."
40,1,6,1,Both parties appear to be consciously and freely making their own decisions about pricing without evidence of coercion or constraint.
40,1,7,1,There is no indication that either party is engaging in a simulated or sham transaction; both are genuinely negotiating a car purchase.
40,1,8,1,"No evidence of error, deceit, or threat affecting either party's declarations of will in this round of negotiation."
40,2,1,1,"Both parties have clearly expressed their declarations of intent and will, with the seller explicitly accepting the buyer's offer of $16,850."
40,2,2,1,"Both parties demonstrate a common intention to conclude a binding contract, as evidenced by the seller's statement 'Let's do it. We have a deal at $16,850.'"
40,2,3,1,"The essential terms are agreed upon: the vehicle (2019 Yaris with 65,000 km), the price ($16,850), and the condition (meticulously maintained with full service records)."
40,2,4,,"Compliance with mandatory statutory provisions cannot be determined from this negotiation transcript alone, as it depends on jurisdiction-specific requirements not addressed in the dialogue."
40,2,5,1,"The negotiation demonstrates good faith and fair dealing, with both parties making reasonable compromises and the buyer acknowledging the seller's maintenance records as adding value."
40,2,6,1,"Both parties have consciously and freely decided to conclude the contract, with the buyer explicitly stating readiness to move forward and the seller voluntarily accepting the compromise price."
40,2,7,1,There is no indication that this is a simulated or sham transaction; both parties appear to be genuinely negotiating a legitimate vehicle sale.
40,2,8,1,"Neither party's declarations of will show signs of error, deceit, or threat; the negotiation is transparent and straightforward."
40,3,1,1,"Both parties have clearly expressed their declarations of intent and will to conclude the contract at the agreed price of $16,850."
40,3,2,1,"Both parties explicitly state their intention to be bound by the agreement and move forward with the purchase, demonstrating common intention to conclude a binding contract."
40,3,3,1,"The essential terms are agreed upon: the vehicle (2019 Yaris), the price ($16,850), and the condition (well-maintained with full service records)."
40,3,4,,"Compliance with mandatory statutory provisions cannot be determined from the negotiation transcript alone, as it depends on jurisdiction-specific requirements not addressed in the dialogue."
40,3,5,1,"Both parties have negotiated in good faith, made reasonable compromises, and the agreed terms reflect fair dealing principles."
40,3,6,1,Both parties have consciously and freely decided to conclude the contract without any indication of coercion or lack of autonomy in determining its content.
40,3,7,1,There is no evidence suggesting this is a simulated or sham transaction; both parties appear genuinely committed to completing the purchase.
40,3,8,1,"Neither party's declarations of will show signs of error, deceit, or threat; the negotiation has been transparent and straightforward."
