run,round,criterion,label,justification
1,1,1,0,The parties have not reached mutual consent as the seller rejected the buyer's initial offer and proposed a counter-offer.
1,1,2,,"While both parties show an interest in negotiating, a common intention to be bound by a contract cannot be determined until an agreement is reached."
1,1,3,0,"There is no agreement on the essential terms of the contract yet, specifically the purchase price."
1,1,4,,It cannot be determined at this early stage of negotiation whether mandatory statutory provisions will be met upon conclusion.
1,1,5,1,"The negotiation is being conducted in a polite, fair, and professional manner, consistent with good faith."
1,1,6,1,Both parties are participating in the negotiation consciously and of their own free will.
1,1,7,1,There is no indication that this negotiation is a simulated or sham legal act.
1,1,8,1,"None of the declarations of will in this round appear to be affected by error, deceit, or threat."
1,2,1,,The parties are still negotiating and have not yet reached a mutual agreement on the final price.
1,2,2,1,Both parties demonstrate a clear and active intention to negotiate and reach a binding agreement.
1,2,3,,"The essential term of price is still being negotiated ($15,800 vs $16,000) and has not been finalized."
1,2,4,1,The negotiation is proceeding in accordance with standard legal and statutory practices for car sales.
1,2,5,1,"The parties are negotiating in a polite, fair, and professional manner, consistent with good faith."
1,2,6,1,"Both parties are participating in the negotiation freely and making conscious, independent proposals."
1,2,7,1,"The transaction appears to be a genuine, real-world negotiation for the sale of a vehicle, not a sham."
1,2,8,1,"There is no indication of error, deceit, coercion, or threat affecting either party's declarations of will."
1,3,1,1,"Both parties have explicitly declared their mutual consent to the price of $16,000."
1,3,2,1,"The parties express a clear, shared intention to finalize the transaction and be legally bound."
1,3,3,1,"The parties have agreed on the essential terms, which are the specific vehicle and the final price of $16,000."
1,3,4,1,There are no indications that the agreement violates any mandatory statutory provisions.
1,3,5,1,"The negotiation was conducted in good faith, with fair pricing and transparent communication."
1,3,6,1,Both parties negotiated freely and consciously arrived at the agreed price without any external pressure.
1,3,7,1,The transaction appears to be genuine and there is no evidence that it is a simulated or sham agreement.
1,3,8,1,"There is no indication of any defect in consent, such as error, deceit, or duress, affecting either party."
2,1,1,,"PARSE_ERROR: {""criteria"": {""1"": {""label"": 0, ""justification"": ""The parties have not reached mutual consent as the seller rejected the buyer's initial offer and proposed a counter-offer.""}, ""2"": {""label"": 1, ""justi"
2,1,2,,"PARSE_ERROR: {""criteria"": {""1"": {""label"": 0, ""justification"": ""The parties have not reached mutual consent as the seller rejected the buyer's initial offer and proposed a counter-offer.""}, ""2"": {""label"": 1, ""justi"
2,1,3,,"PARSE_ERROR: {""criteria"": {""1"": {""label"": 0, ""justification"": ""The parties have not reached mutual consent as the seller rejected the buyer's initial offer and proposed a counter-offer.""}, ""2"": {""label"": 1, ""justi"
2,1,4,,"PARSE_ERROR: {""criteria"": {""1"": {""label"": 0, ""justification"": ""The parties have not reached mutual consent as the seller rejected the buyer's initial offer and proposed a counter-offer.""}, ""2"": {""label"": 1, ""justi"
2,1,5,,"PARSE_ERROR: {""criteria"": {""1"": {""label"": 0, ""justification"": ""The parties have not reached mutual consent as the seller rejected the buyer's initial offer and proposed a counter-offer.""}, ""2"": {""label"": 1, ""justi"
2,1,6,,"PARSE_ERROR: {""criteria"": {""1"": {""label"": 0, ""justification"": ""The parties have not reached mutual consent as the seller rejected the buyer's initial offer and proposed a counter-offer.""}, ""2"": {""label"": 1, ""justi"
2,1,7,,"PARSE_ERROR: {""criteria"": {""1"": {""label"": 0, ""justification"": ""The parties have not reached mutual consent as the seller rejected the buyer's initial offer and proposed a counter-offer.""}, ""2"": {""label"": 1, ""justi"
2,1,8,,"PARSE_ERROR: {""criteria"": {""1"": {""label"": 0, ""justification"": ""The parties have not reached mutual consent as the seller rejected the buyer's initial offer and proposed a counter-offer.""}, ""2"": {""label"": 1, ""justi"
2,2,1,0,The parties have not reached mutual consent as they are still negotiating the price.
2,2,2,1,Both parties express a clear intention to reach an agreement and conclude the contract.
2,2,3,0,"The parties have not yet agreed on the essential term of price, with offers at $15,800 and $16,000."
2,2,4,,It cannot be determined at this stage as the contract has not yet been finalized.
2,2,5,1,The negotiation is conducted in good faith and aligns with fair dealing principles.
2,2,6,1,The parties are negotiating freely and consciously determining the terms of the potential contract.
2,2,7,1,There is no indication that this negotiation is a simulated or sham transaction.
2,2,8,1,"There is no evidence of any error, deceit, threat, or other defects in the parties' declarations."
2,3,1,1,"Both parties have explicitly declared their mutual consent to the price of $16,000."
2,3,2,1,Both parties express a clear intention to bind themselves to the deal and proceed with the paperwork.
2,3,3,1,"The parties have agreed on the essential terms, which are the specific car (2019 Toyota Yaris) and the price ($16,000)."
2,3,4,,Whether all mandatory statutory provisions for the transfer of car ownership are met cannot be fully determined at this chat stage.
2,3,5,1,"The negotiation was conducted in good faith, with fair compromises from both sides."
2,3,6,1,Both parties freely and consciously negotiated and agreed on the final price without any external pressure.
2,3,7,1,There is no indication that this agreement is a simulated or sham transaction.
2,3,8,1,"The declarations of will appear genuine and free from any defects such as error, deceit, or threat."
3,1,1,,Mutual consent has not yet been reached as the parties are still negotiating the price.
3,1,2,1,Both parties demonstrate a clear intention to negotiate and eventually conclude a contract for the vehicle.
3,1,3,,The essential term of price is still under negotiation and has not been agreed upon.
3,1,4,,"No contract has been concluded yet, so compliance with mandatory statutory provisions cannot be fully determined."
3,1,5,1,"The parties are negotiating in a polite, professional manner consistent with good faith and fair dealing."
3,1,6,1,The parties are freely proposing prices and terms without any signs of coercion.
3,1,7,1,"The transaction appears to be a genuine negotiation for the sale of a car, with no indication of a sham act."
3,1,8,1,"There is no evidence of error, deceit, threat, or any other defect affecting the parties' declarations of will."
3,2,1,1,"Both parties have explicitly agreed on the price of $16,000, establishing mutual consent."
3,2,2,1,"The parties express a clear, mutual intention to finalize the transaction and be bound by the agreement."
3,2,3,1,"The parties have agreed on the essential terms, specifically the 2019 Toyota Yaris and the price of $16,000."
3,2,4,1,The agreement for the sale of the vehicle appears to comply with standard legal requirements for such transactions.
3,2,5,1,"The negotiation was conducted in a polite, fair, and transparent manner, consistent with good faith."
3,2,6,1,Both parties participated voluntarily and freely determined the final price through active negotiation.
3,2,7,1,There is no indication that this transaction is simulated or a sham; it is a genuine commercial interaction.
3,2,8,1,"The declarations of will are clear and free from any apparent error, deceit, or threat."
3,3,1,1,"Both parties have explicitly expressed their mutual consent to the price of $16,000 and confirmed they have a deal."
3,3,2,1,"Both parties express a clear intention to be legally bound by proceeding with the paperwork, payment, and pickup."
3,3,3,1,"The parties have agreed on the essential terms, which are the specific vehicle (2019 Toyota Yaris) and the purchase price ($16,000)."
3,3,4,1,"The agreement on price and vehicle is consistent with standard legal requirements for a sales contract, with no statutory violations apparent."
3,3,5,1,"The negotiation was conducted in good faith, with polite communication and fair dealing from both sides."
3,3,6,1,Both parties consciously and freely negotiated the price and agreed to the final terms without any external pressure.
3,3,7,1,There is no indication that this is a simulated or sham transaction; both parties genuinely intend to complete the sale.
3,3,8,1,"There is no evidence of error, deceit, or threat affecting either party's declaration of will."
4,1,1,,The parties are still actively negotiating and have not yet reached mutual consent on the terms.
4,1,2,1,Both parties demonstrate a clear intention to negotiate and eventually conclude a contract for the car.
4,1,3,,The essential term of price is still under negotiation and has not been agreed upon.
4,1,4,1,The negotiation is proceeding in accordance with standard legal and statutory practices for car sales.
4,1,5,1,The parties are communicating politely and negotiating in good faith.
4,1,6,1,Both parties are participating in the negotiation freely and of their own accord.
4,1,7,1,There is no indication that this negotiation is a simulated or sham transaction.
4,1,8,1,"The declarations of will do not appear to be affected by any error, deceit, or threat."
4,2,1,0,The parties have not yet reached a mutual agreement on the price.
4,2,2,1,Both parties demonstrate a clear intention to negotiate and eventually bind themselves to a contract.
4,2,3,0,"The essential term of price is still disputed, with the buyer at $15,850 and the seller at $16,000."
4,2,4,,"No contract has been concluded yet, so compliance with mandatory statutory provisions cannot be determined."
4,2,5,1,"The negotiation is conducted in a polite, fair, and professional manner consistent with good faith."
4,2,6,1,Both parties are negotiating freely and voluntarily without any external pressure.
4,2,7,1,There is no indication that the negotiation is a sham or simulated act.
4,2,8,1,"There is no evidence of error, deceit, or threat affecting either party's declarations."
4,3,1,1,"Both parties have explicitly declared their mutual consent to the price of $16,000."
4,3,2,1,Both parties express a clear intention to be bound by the agreement and proceed with the paperwork.
4,3,3,1,"The parties have agreed on the essential terms, which are the specific car (2019 Toyota Yaris) and the price ($16,000)."
4,3,4,,Whether mandatory statutory provisions are met cannot be fully determined until the paperwork and transfer of ownership are completed.
4,3,5,1,"The negotiation was conducted in good faith and fair dealing, with no violation of social coexistence principles."
4,3,6,1,Both parties freely and consciously negotiated and agreed upon the final price.
4,3,7,1,There is no indication that this transaction is a simulated or sham legal act.
4,3,8,1,"There is no evidence of any defect in consent, such as error, deceit, or threat, affecting either party's declaration."
5,1,1,0,The parties have not reached mutual consent as they disagree on the price of the vehicle.
5,1,2,,"While both parties express interest in transacting, a common intention to be bound cannot be determined until an agreement is reached."
5,1,3,0,"There is no agreement on the essential terms of the contract, specifically the purchase price."
5,1,4,,"No contract has been concluded yet, so compliance with mandatory statutory provisions cannot be evaluated."
5,1,5,1,"The negotiation is being conducted in a polite, professional manner consistent with good faith and fair dealing."
5,1,6,1,Both parties are participating in the negotiation freely and consciously without any signs of external pressure.
5,1,7,1,There is no indication that this negotiation is a simulated or sham legal act.
5,1,8,1,"The declarations of will do not appear to be affected by any error, deceit, or threat."
5,2,1,0,The parties have not reached mutual consent as they are still negotiating the price.
5,2,2,,The parties are still in the negotiation phase and have not yet expressed a final common intention to be legally bound.
5,2,3,0,"There is no agreement on the essential terms of the contract yet, specifically the final purchase price."
5,2,4,,It cannot be determined at this stage as no contract has been concluded yet.
5,2,5,1,"The negotiation is being conducted in a polite, fair, and professional manner consistent with good faith."
5,2,6,1,Both parties are negotiating freely and consciously determining their respective offers without any external pressure.
5,2,7,1,There is no indication that this negotiation is a simulated or sham transaction.
5,2,8,1,"The declarations of will in this round are free from any apparent error, deceit, or threat."
5,3,1,1,"Both parties have explicitly declared their mutual consent to the price of $15,500."
5,3,2,1,Both parties express a clear intention to be bound by the agreement and proceed to finalize the paperwork.
5,3,3,1,"The parties have agreed on the essential terms, which are the specific vehicle (2019 Toyota Yaris) and the purchase price ($15,500)."
5,3,4,,Whether all mandatory statutory provisions for a vehicle sale are met cannot be fully determined until the paperwork is completed.
5,3,5,1,"The negotiation was conducted in a fair, respectful manner consistent with the principles of good faith."
5,3,6,1,Both parties consciously and freely negotiated and agreed to the final price without any signs of coercion.
5,3,7,1,There is no indication that this transaction is a simulated or sham legal act.
5,3,8,1,"There is no evidence that either party's declaration of will was affected by error, deceit, or threat."
6,1,1,0,"The parties have not reached mutual consent, as the seller rejected the buyer's offer and proposed a counteroffer."
6,1,2,1,Both parties express a clear intention to negotiate and eventually conclude a contract for the vehicle.
6,1,3,0,"The parties have not yet agreed on the price, which is an essential term of the contract."
6,1,4,,"No contract has been concluded yet, making it impossible to determine compliance with mandatory statutory provisions."
6,1,5,1,"The negotiation is conducted in a polite and professional manner, consistent with the principles of good faith."
6,1,6,1,Both parties are negotiating freely and voluntarily without any signs of coercion.
6,1,7,1,There is no indication that this negotiation is a simulated or sham legal act.
6,1,8,1,"The declarations of will are free from any apparent defects such as error, deceit, or threat."
6,2,1,0,"The parties have not reached mutual consent as the seller rejected the buyer's offer of $15,800 and countered with $16,000."
6,2,2,1,Both parties demonstrate a clear intention to conclude a contract and are actively negotiating to finalize the sale.
6,2,3,0,"The parties have not yet agreed on the price, which is an essential term of the contract."
6,2,4,,Compliance with mandatory statutory provisions cannot be fully determined until a final contract is concluded.
6,2,5,1,"The negotiation is conducted in a polite, fair, and professional manner, consistent with good faith."
6,2,6,1,Both parties are negotiating freely and consciously determining their respective price offers without coercion.
6,2,7,1,There is no indication that this negotiation is a simulated or sham legal act.
6,2,8,1,"The declarations of will are free from any apparent defects such as error, deceit, or threat."
6,3,1,1,"Both parties have explicitly declared their mutual consent to the price of $16,000."
6,3,2,1,Both parties expressed a clear intention to finalize the sale and proceed with the paperwork.
6,3,3,1,"The parties have agreed on the essential terms, specifically the 2019 Toyota Yaris for $16,000."
6,3,4,,Compliance with all mandatory statutory provisions cannot be fully determined until the formal paperwork is completed.
6,3,5,1,"The negotiation was conducted in a fair, polite manner consistent with good faith and fair dealing."
6,3,6,1,Both parties freely and consciously negotiated the price and decided to conclude the agreement.
6,3,7,1,There is no indication that this transaction is a simulated or sham legal act.
6,3,8,1,"None of the declarations of will appear to be affected by error, deceit, or threat."
7,1,1,,The parties are still negotiating and have not yet reached mutual consent on the final terms.
7,1,2,1,Both parties demonstrate a clear intention to negotiate and eventually conclude a contract for the vehicle.
7,1,3,0,"The parties have not yet agreed on the essential terms, specifically the purchase price of the vehicle."
7,1,4,,It cannot be determined at this stage of negotiation whether mandatory statutory provisions will be met upon conclusion.
7,1,5,1,"The negotiation is conducted in a polite, professional manner consistent with good faith and fair dealing."
7,1,6,1,Both parties are participating freely and consciously in the negotiation without any signs of coercion.
7,1,7,1,"The transaction appears to be a genuine negotiation for the sale of a car, with no indication of a sham act."
7,1,8,1,"There is no evidence of error, deceit, or threat affecting either party's declarations in this round."
7,2,1,,The parties are still negotiating the price and have not yet reached mutual consent.
7,2,2,1,Both parties demonstrate a clear intention to reach an agreement and conclude the contract.
7,2,3,,The essential term of price is still under negotiation and has not been finalized.
7,2,4,,"The contract has not yet been concluded, so compliance with statutory provisions cannot be determined."
7,2,5,1,The negotiation is conducted in good faith and aligns with fair dealing principles.
7,2,6,1,Both parties are negotiating freely and voluntarily determining their proposed terms.
7,2,7,1,There is no indication that this negotiation is a simulated or sham transaction.
7,2,8,1,"The declarations of will are free from any apparent error, deceit, or threat."
7,3,1,1,"Both parties have explicitly declared their mutual consent to the price of $16,000."
7,3,2,1,Both parties express a clear intention to be bound by the agreement and proceed to paperwork.
7,3,3,1,"The parties have agreed on the essential terms, specifically the vehicle and the final price of $16,000."
7,3,4,,Whether all mandatory statutory provisions for a car sale are met cannot be fully determined until the paperwork is finalized.
7,3,5,1,"The negotiation was conducted in a fair, polite manner, consistent with good faith and fair dealing."
7,3,6,1,The parties freely negotiated and arrived at the agreed price without any external pressure.
7,3,7,1,There is no indication that this transaction is a simulated or sham legal act.
7,3,8,1,"There is no evidence of error, deceit, threat, or any other defect affecting the parties' declarations of will."
8,1,1,0,The parties have not reached mutual consent as the seller rejected the buyer's offer and proposed a higher price.
8,1,2,1,Both parties demonstrate a clear and active intention to negotiate and eventually conclude a contract for the vehicle.
8,1,3,0,"There is no agreement on the essential terms of the contract yet, specifically the final purchase price."
8,1,4,,It cannot be determined at this stage as no final contract has been concluded.
8,1,5,1,"The negotiation is conducted in a polite, fair, and professional manner, consistent with good faith."
8,1,6,1,Both parties are participating voluntarily and freely proposing their own terms without any coercion.
8,1,7,1,"The transaction appears to be a genuine attempt to buy and sell a vehicle, with no indication of a simulated act."
8,1,8,1,"There is no evidence of error, deceit, or threat affecting the declarations of will of either party."
8,2,1,1,"Both parties have explicitly agreed on the price of $15,650, establishing mutual consent."
8,2,2,1,"Both parties express a clear, immediate intention to finalize the transaction and be bound by the agreement."
8,2,3,1,"The parties have agreed on the essential terms, specifically the 2019 Toyota Yaris and the price of $15,650."
8,2,4,,It cannot be determined at this stage whether all mandatory statutory formalities for a car sale have been fully met.
8,2,5,1,"The negotiation was conducted in a fair, polite, and transparent manner, consistent with the principles of good faith."
8,2,6,1,Both parties negotiated freely and voluntarily arrived at the agreed price without any coercion.
8,2,7,1,There is no evidence or indication that this transaction is simulated or a sham.
8,2,8,1,"The declarations of will appear genuine and free from any defect such as error, deceit, or threat."
8,3,1,,"PARSE_ERROR: {
  ""criteria"": {
    ""1"": {
      ""label"": 1,
      ""justification"": ""Both parties have explicitly declared their mutual consent to the agreed price of $15,650 and are coordinating the final steps.""
"
8,3,2,,"PARSE_ERROR: {
  ""criteria"": {
    ""1"": {
      ""label"": 1,
      ""justification"": ""Both parties have explicitly declared their mutual consent to the agreed price of $15,650 and are coordinating the final steps.""
"
8,3,3,,"PARSE_ERROR: {
  ""criteria"": {
    ""1"": {
      ""label"": 1,
      ""justification"": ""Both parties have explicitly declared their mutual consent to the agreed price of $15,650 and are coordinating the final steps.""
"
8,3,4,,"PARSE_ERROR: {
  ""criteria"": {
    ""1"": {
      ""label"": 1,
      ""justification"": ""Both parties have explicitly declared their mutual consent to the agreed price of $15,650 and are coordinating the final steps.""
"
8,3,5,,"PARSE_ERROR: {
  ""criteria"": {
    ""1"": {
      ""label"": 1,
      ""justification"": ""Both parties have explicitly declared their mutual consent to the agreed price of $15,650 and are coordinating the final steps.""
"
8,3,6,,"PARSE_ERROR: {
  ""criteria"": {
    ""1"": {
      ""label"": 1,
      ""justification"": ""Both parties have explicitly declared their mutual consent to the agreed price of $15,650 and are coordinating the final steps.""
"
8,3,7,,"PARSE_ERROR: {
  ""criteria"": {
    ""1"": {
      ""label"": 1,
      ""justification"": ""Both parties have explicitly declared their mutual consent to the agreed price of $15,650 and are coordinating the final steps.""
"
8,3,8,,"PARSE_ERROR: {
  ""criteria"": {
    ""1"": {
      ""label"": 1,
      ""justification"": ""Both parties have explicitly declared their mutual consent to the agreed price of $15,650 and are coordinating the final steps.""
"
9,1,1,0,The parties have not reached mutual consent as the seller rejected the buyer's initial offer and proposed a counter-offer.
9,1,2,1,Both parties demonstrate a clear and genuine intention to negotiate and eventually bind themselves to a contract.
9,1,3,0,"There is no agreement on the essential terms yet, specifically the purchase price of the vehicle."
9,1,4,,It cannot be determined at this stage as no final contract has been concluded yet.
9,1,5,1,"The negotiation is being conducted in a polite, fair, and professional manner consistent with good faith."
9,1,6,1,"Both parties are participating in the negotiation freely and consciously, without any external pressure."
9,1,7,1,There is no indication that this negotiation is a simulated or sham transaction.
9,1,8,1,"None of the declarations of will in this round appear to be affected by error, deceit, or threat."
9,2,1,0,"The parties have not reached mutual consent as they are still proposing different prices ($15,850 vs $16,000)."
9,2,2,1,Both parties demonstrate a clear intention to negotiate and reach a binding agreement on the sale of the car.
9,2,3,0,"There is no agreement on the essential terms yet, specifically the final purchase price of the vehicle."
9,2,4,,It cannot be determined at this stage as the contract has not yet been finalized or concluded.
9,2,5,1,"The negotiation is conducted in a polite, fair, and cooperative manner, consistent with good faith."
9,2,6,1,Both parties are negotiating freely and consciously making offers without any external pressure.
9,2,7,1,There is no indication that this negotiation is a simulated or sham transaction.
9,2,8,1,"The declarations of will are free from any apparent defects such as error, deceit, or threat."
9,3,1,1,"Both parties have explicitly declared their mutual consent to the price of $16,000 for the vehicle."
9,3,2,1,"Both parties express a clear, common intention to finalize the transaction and be legally bound by the agreement."
9,3,3,1,"The parties have agreed on the essential terms, specifically the subject matter (2019 Toyota Yaris) and the purchase price ($16,000)."
9,3,4,1,"The parties intend to complete the transaction legally, with the seller preparing the necessary transfer paperwork."
9,3,5,1,"The negotiation was conducted in good faith, with both parties making fair compromises to reach an agreement."
9,3,6,1,The buyer and seller freely and consciously negotiated and agreed upon the final price without any external pressure.
9,3,7,1,There is no indication that this transaction is simulated or a sham; it is a genuine agreement to sell the car.
9,3,8,1,"The declarations of will are clear and free from any apparent defects such as error, deceit, or threat."
10,1,1,0,"The parties have not reached mutual consent, as the buyer offered $15,500 and the seller countered with $16,200."
10,1,2,1,Both parties demonstrate a clear intention to negotiate and eventually conclude a contract for the sale of the car.
10,1,3,0,"There is no agreement on the essential term of price, with the buyer proposing $15,500 and the seller countering with $16,200."
10,1,4,,It cannot be determined at this stage of negotiation whether any mandatory statutory provisions are violated.
10,1,5,1,"The negotiation is conducted in a polite manner, consistent with the principles of good faith and fair dealing."
10,1,6,1,Both parties are participating in the negotiation freely and consciously determining their own terms.
10,1,7,1,There is no indication that this negotiation is a simulated or sham legal act.
10,1,8,1,"None of the declarations of will in this round appear to be affected by error, deceit, or threat."
10,2,1,1,"Both parties have explicitly agreed on the price of $16,000 for the vehicle."
10,2,2,1,Both parties express a clear intention to finalize the transaction and be bound by the agreement.
10,2,3,1,"The essential terms, including the specific vehicle and the final price of $16,000, have been agreed upon."
10,2,4,,Whether all mandatory statutory requirements for a vehicle sale are met cannot be fully determined from the text.
10,2,5,1,"The negotiation was conducted in a polite, fair, and cooperative manner, consistent with good faith."
10,2,6,1,Both parties consciously and freely negotiated and agreed to the terms without any external pressure.
10,2,7,1,There is no evidence or indication that this transaction is a simulated or sham agreement.
10,2,8,1,"The agreement was reached voluntarily without any signs of error, deceit, or threat affecting the parties' intent."
10,3,1,1,"Both parties have explicitly declared their mutual consent to the price of $16,000."
10,3,2,1,Both parties express a clear intention to proceed with the paperwork and finalize the transaction.
10,3,3,1,"The parties have agreed on the essential terms, including the specific vehicle and the final price of $16,000."
10,3,4,,Compliance with all mandatory statutory provisions cannot be fully determined until the final paperwork is executed.
10,3,5,1,The negotiation was conducted in good faith and aligns with the principles of social coexistence.
10,3,6,1,Both parties freely and consciously negotiated and agreed to the terms of the contract.
10,3,7,1,There is no indication that the transaction is a simulated or sham legal act.
10,3,8,1,"There is no evidence of any defect, such as error, deceit, or threat, affecting either party's declaration of will."
11,1,1,0,Mutual consent has not been reached as the seller rejected the buyer's initial offer and proposed a counteroffer.
11,1,2,1,"Both parties demonstrate a clear, active intention to negotiate towards a binding agreement."
11,1,3,0,"The parties have not yet agreed on the price, which is an essential term of the contract."
11,1,4,,It cannot be determined at this stage of negotiation whether mandatory statutory provisions will be met.
11,1,5,1,"The negotiation is being conducted in a polite, professional manner consistent with good faith and fair dealing."
11,1,6,1,Both parties are participating in the negotiation freely and consciously without any signs of coercion.
11,1,7,1,There is no indication that this transaction is simulated or a sham.
11,1,8,1,"The declarations of will do not appear to be affected by any error, deceit, or threat."
11,2,1,,The parties are still negotiating and have not yet reached mutual consent on the final price.
11,2,2,1,Both parties express a clear intention to conclude a contract and reach an agreement.
11,2,3,,"The final price, an essential term of the contract, is still being negotiated."
11,2,4,,"The contract has not yet been concluded, so compliance with mandatory statutory provisions cannot be fully determined."
11,2,5,1,"The negotiation is being conducted in a polite, fair, and good-faith manner."
11,2,6,1,Both parties are participating in the negotiation freely and consciously determining their terms.
11,2,7,1,There is no indication that this negotiation is a simulated or sham transaction.
11,2,8,1,"The declarations of will do not appear to be affected by any error, deceit, or threat."
11,3,1,1,"Both parties have explicitly declared their mutual consent to the price of $16,000."
11,3,2,1,Both parties express a clear intention to be bound by the agreement and proceed with the paperwork.
11,3,3,1,"The parties have agreed on the essential terms, which are the specific car and the final price of $16,000."
11,3,4,,Compliance with all mandatory statutory provisions for a car sale cannot be fully determined until the final paperwork is executed.
11,3,5,1,The negotiation was conducted in good faith and fair dealing with no signs of bad faith.
11,3,6,1,Both parties freely negotiated and agreed on the price without any external pressure or coercion.
11,3,7,1,There is no indication that this transaction is simulated or a sham.
11,3,8,1,"The declarations of will appear genuine and free from any defects such as error, deceit, or threat."
12,1,1,0,The parties have not reached mutual consent as they are still negotiating the price.
12,1,2,,"The parties are still negotiating, so a final common intention to be bound is not yet established."
12,1,3,0,"There is no agreement on the price, which is an essential term of the contract."
12,1,4,,"No contract has been concluded yet, making it impossible to determine compliance with statutory provisions."
12,1,5,1,"The negotiation is conducted in a polite and fair manner, consistent with good faith."
12,1,6,1,Both parties are participating in the negotiation freely and without coercion.
12,1,7,1,There is no indication that this negotiation is a simulated or sham transaction.
12,1,8,1,"There is no evidence of any defect, such as error, deceit, or threat, in the parties' communications."
12,2,1,1,"Both parties have agreed on the price of $16,000, establishing mutual consent."
12,2,2,1,"The seller explicitly accepted the buyer's offer to finalize the deal, showing a clear intention to be bound."
12,2,3,1,"The parties have agreed on the essential terms: the specific 2019 Toyota Yaris and the price of $16,000."
12,2,4,,Whether all mandatory statutory provisions for a car sale are met cannot be fully determined from the chat transcript alone.
12,2,5,1,The negotiation was conducted in good faith and the agreed price is consistent with fair dealing.
12,2,6,1,"Both parties freely negotiated and voluntarily agreed to the final price of $16,000."
12,2,7,1,There is no indication that this transaction is a simulated or sham agreement.
12,2,8,1,"The declarations of will appear genuine and free from any defect such as error, deceit, or threat."
12,3,1,1,"Both parties have explicitly agreed to the price of $16,000, establishing mutual consent."
12,3,2,1,Both parties express a clear intention to be legally bound by proceeding with the paperwork to finalize the purchase.
12,3,3,1,"The parties have agreed on the essential terms, specifically the 2019 Toyota Yaris for the price of $16,000."
12,3,4,1,The agreement to prepare the paperwork and title transfer aligns with mandatory statutory requirements for vehicle sales.
12,3,5,1,"The negotiation was conducted in good faith, with fair dealing and polite communication from both sides."
12,3,6,1,Both parties consciously and freely negotiated the price and agreed to the final terms without any coercion.
12,3,7,1,There is no indication that this is a simulated or sham transaction; both parties intend to execute a real sale.
12,3,8,1,"The declarations of will are free from any apparent defects such as error, deceit, or threat."
13,1,1,,The parties are still negotiating and have not yet reached a mutual agreement on the price.
13,1,2,,The parties are actively negotiating but have not yet expressed a final commitment to be legally bound.
13,1,3,,"The essential term of price is still being negotiated, as the buyer offered $15,500 and the seller countered with $16,200."
13,1,4,,No contract has been concluded yet as the negotiation is still ongoing.
13,1,5,1,"The negotiation is being conducted in a polite, professional manner consistent with good faith and fair dealing."
13,1,6,1,Both parties are participating in the negotiation voluntarily and proposing terms of their own free will.
13,1,7,1,There is no indication that this negotiation is a simulated or sham transaction.
13,1,8,1,"The communications show no signs of error, deceit, threat, or any other defect of will."
13,2,1,0,The parties have not reached mutual consent as they are still proposing different prices.
13,2,2,1,Both parties demonstrate a clear intention to negotiate and eventually bind themselves to a contract.
13,2,3,0,"The parties have not yet agreed on the final price, which is an essential term of the contract."
13,2,4,,"The contract has not yet been concluded, so compliance with mandatory statutory provisions cannot be determined."
13,2,5,1,"The negotiation is conducted in a polite, fair, and cooperative manner, consistent with good faith."
13,2,6,1,Both parties are negotiating freely and voluntarily determining their respective offers.
13,2,7,1,There is no indication that this negotiation is a simulated or sham transaction.
13,2,8,1,"The declarations of will are free from any apparent defects such as error, deceit, or threat."
13,3,1,1,"Both parties have explicitly declared their mutual consent to the final price of $16,050."
13,3,2,1,"Both parties express a clear, common intention to finalize the contract and proceed with the transaction."
13,3,3,1,"The parties have agreed on the essential terms of the contract, namely the specific vehicle and the price of $16,050."
13,3,4,,Whether all mandatory statutory provisions for a vehicle transfer are met cannot be fully determined at this stage.
13,3,5,1,"The negotiation was conducted in a fair, polite manner consistent with the principles of good faith."
13,3,6,1,Both parties consciously and freely decided to agree on the final price without any external pressure.
13,3,7,1,There is no indication that this transaction is a simulated or sham legal act.
13,3,8,1,"None of the declarations of will appear to be affected by error, deceit, or threat."
14,1,1,,The parties are still negotiating and have not yet reached a mutual agreement on the price.
14,1,2,1,Both parties demonstrate a clear intention to negotiate and reach a binding agreement on the sale of the car.
14,1,3,,The final price of the vehicle is still under negotiation and has not been agreed upon.
14,1,4,1,There is no indication that the negotiation violates any mandatory statutory provisions.
14,1,5,1,The parties are communicating politely and in good faith.
14,1,6,1,Both parties are participating in the negotiation freely and without any external pressure.
14,1,7,1,The transaction appears to be a genuine offer and counter-offer for the sale of a vehicle.
14,1,8,1,"There is no evidence of error, deceit, or threat influencing either party's declarations."
14,2,1,0,The parties have not reached mutual consent as they are still negotiating the price.
14,2,2,,A common intention to be legally bound cannot be fully determined yet as negotiations are still ongoing.
14,2,3,0,"There is no agreement on the essential terms of the contract, specifically the final purchase price."
14,2,4,,"No contract has been concluded yet, so compliance with mandatory statutory provisions cannot be evaluated."
14,2,5,1,"The negotiation is being conducted in a polite, fair, and professional manner consistent with good faith."
14,2,6,1,Both parties are participating in the negotiation freely and consciously without any external pressure.
14,2,7,1,"The transaction appears to be a genuine commercial negotiation for a vehicle, not a simulated act."
14,2,8,1,"There is no indication of any error, deceit, threat, or other defect in the parties' declarations."
14,3,1,1,"Both parties have explicitly declared their mutual consent to the price of $16,050."
14,3,2,1,"The parties express a clear, shared intention to finalize the purchase and proceed with the paperwork."
14,3,3,1,"The parties have agreed on the essential terms, specifically the car (2019 Toyota Yaris) and the final price ($16,050)."
14,3,4,,Compliance with all mandatory statutory provisions cannot be fully determined until the final paperwork is executed.
14,3,5,1,"The negotiation was conducted in good faith, with both parties compromising to reach a fair market price."
14,3,6,1,Both parties negotiated freely and voluntarily arrived at the agreed price without any external pressure.
14,3,7,1,There is no indication that this is a sham transaction; both parties genuinely intend to buy and sell the vehicle.
14,3,8,1,"The declarations of will are clear and free from any apparent error, deceit, or threat."
15,1,1,,"The parties are still in the process of negotiating, and mutual consent has not yet been finalized as both agreement flags remain false."
15,1,2,1,Both parties demonstrate a clear and active intention to negotiate and eventually conclude a contract for the vehicle.
15,1,3,1,"The parties have agreed on the essential terms, specifically the subject matter (2019 Toyota Yaris) and the price of $16,500."
15,1,4,,"The contract has not yet been formally concluded, so compliance with mandatory statutory provisions cannot be fully determined."
15,1,5,1,"The negotiation is proceeding in a polite, professional manner consistent with the principles of good faith and fair dealing."
15,1,6,1,"Both parties are participating in the negotiation freely and consciously, without any external pressure."
15,1,7,1,There is no indication that this transaction is a simulated or sham legal act; it appears to be a genuine sale.
15,1,8,1,"The declarations of will are clear and do not show any signs of being affected by error, deceit, or threat."
15,2,1,,The parties are still negotiating the price and have not yet reached mutual consent.
15,2,2,,A common intention to be legally bound cannot be fully established until they agree on the final terms.
15,2,3,,"The parties are still actively negotiating the price, which is an essential term of the contract."
15,2,4,,It is too early to determine compliance with mandatory statutory provisions as the contract has not been finalized.
15,2,5,1,"The negotiation is conducted in a polite, fair, and cooperative manner consistent with good faith."
15,2,6,1,Both parties are participating in the negotiation freely and making conscious decisions regarding their offers.
15,2,7,1,There is no indication that this negotiation is a simulated or sham transaction.
15,2,8,1,"There is no evidence of error, deceit, or threat affecting either party's declarations of will."
15,3,1,1,"Both parties have explicitly declared their mutual consent to the price of $17,000 and agreed to proceed with the purchase."
15,3,2,1,"Both parties express a clear, common intention to finalize the purchase and proceed with the official paperwork."
15,3,3,1,"The parties have agreed on the essential terms, specifically the vehicle (2019 Toyota Yaris) and the final price ($17,000)."
15,3,4,,Whether all mandatory statutory provisions for the transfer of vehicle ownership are met cannot be fully determined until the paperwork is completed.
15,3,5,1,"The negotiation was conducted in a fair, transparent manner and aligns with the principles of good faith and fair dealing."
15,3,6,1,Both parties consciously and freely negotiated the price and agreed to the terms without any external pressure.
15,3,7,1,There is no indication that this transaction is a simulated or sham agreement; it is a genuine sale.
15,3,8,1,"There is no evidence of any defect in consent, such as error, deceit, or threat, affecting either party's declaration of will."
16,1,1,,The parties are still negotiating and have not yet reached mutual consent on the price.
16,1,2,1,"Both parties demonstrate a clear, serious intention to negotiate and eventually conclude a contract for the vehicle."
16,1,3,,Agreement on the essential term of price has not yet been reached as the seller made a counter-offer.
16,1,4,1,The negotiation is proceeding in accordance with standard legal and statutory practices for used car sales.
16,1,5,1,"The interaction is polite, professional, and aligns with the principles of good faith and fair dealing."
16,1,6,1,"Both parties are participating in the negotiation freely and consciously, without any external pressure."
16,1,7,1,There is no indication that this negotiation is a simulated or sham transaction.
16,1,8,1,"The declarations of will are clear and free from any apparent defects such as error, deceit, or threat."
16,2,1,0,"The parties have not reached a mutual agreement on the price, as the seller countered the buyer's offer."
16,2,2,1,Both parties demonstrate a clear intention to reach an agreement and conclude a contract.
16,2,3,0,"The parties have not yet agreed on the final price, which is an essential term of the contract."
16,2,4,,It cannot be determined at this stage whether the final contract will comply with all mandatory statutory provisions.
16,2,5,1,"The negotiation is conducted in a polite, fair, and professional manner, consistent with good faith."
16,2,6,1,Both parties are participating in the negotiation freely and without any external pressure.
16,2,7,1,There is no indication that the negotiation is a simulated or sham transaction.
16,2,8,1,"There is no evidence of error, deceit, threat, or any other defect in the parties' declarations of will."
16,3,1,1,"Both parties have explicitly declared their mutual consent to the price of $16,250."
16,3,2,1,Both parties express a clear intention to be legally bound by finalizing the deal and proceeding with paperwork.
16,3,3,1,"The parties have agreed on the essential terms, specifically the vehicle (2019 Toyota Yaris) and the price ($16,250)."
16,3,4,1,The agreement appears to comply with statutory provisions as they are proceeding to formal paperwork.
16,3,5,1,The negotiation was conducted in good faith and aligns with the principles of social coexistence.
16,3,6,1,Both parties freely and consciously negotiated and agreed upon the final price.
16,3,7,1,There is no indication that this is a simulated or sham transaction.
16,3,8,1,"There are no signs of error, deceit, or threat affecting either party's declaration of will."
17,1,1,,The parties are still negotiating and have not yet reached a mutual agreement on the price.
17,1,2,,"While both parties express interest, a final common intention to be legally bound is not yet established as negotiations are ongoing."
17,1,3,,"The parties have not yet agreed on the essential term of price, as the seller countered the buyer's offer."
17,1,4,,It cannot be determined at this stage whether all mandatory statutory provisions will be met upon contract conclusion.
17,1,5,1,"The negotiation is conducted in a polite, fair, and professional manner, consistent with good faith."
17,1,6,1,Both parties are participating in the negotiation freely and consciously without any external pressure.
17,1,7,,There is no indication at this stage that the transaction is a simulated or sham act.
17,1,8,1,"There is no evidence of any error, deceit, or threat affecting the parties' declarations of will."
17,2,1,1,"Both parties have expressed mutual consent, with the seller explicitly accepting the buyer's offer of $16,800."
17,2,2,1,Both parties clearly state their intention to close the deal and be bound by the agreed price.
17,2,3,1,"The parties have agreed on the essential terms, specifically the 2019 Toyota Yaris and the final price of $16,800."
17,2,4,,It cannot be determined from the chat transcript alone whether all mandatory statutory registration and transfer requirements will be met.
17,2,5,1,"The negotiation was conducted in a polite, fair, and transparent manner, consistent with good faith."
17,2,6,1,Both parties consciously and freely negotiated the price and came to an agreement without any external pressure.
17,2,7,1,There is no indication that this transaction is simulated or a sham act.
17,2,8,1,"The declarations of will appear genuine and free from any defect such as error, deceit, or threat."
17,3,1,1,"Both parties have explicitly declared their mutual consent to the price of $16,800."
17,3,2,1,Both parties express a clear intention to proceed with the paperwork and finalize the transaction.
17,3,3,1,"The parties have agreed on the essential terms, which are the specific vehicle and the final price of $16,800."
17,3,4,,Compliance with all mandatory statutory provisions for a vehicle transfer cannot be fully determined at this chat stage.
17,3,5,1,"The negotiation was conducted in a polite, fair, and transparent manner, consistent with good faith."
17,3,6,1,The parties arrived at the agreement freely and consciously through active negotiation.
17,3,7,1,There is no indication that this transaction is a simulated or sham legal act.
17,3,8,1,"There is no evidence of any defect of will, such as deceit, error, or threat, affecting either party."
18,1,1,,The parties are still negotiating and have not yet reached a mutual agreement on the price.
18,1,2,1,Both parties express a clear willingness to negotiate and eventually enter into a contract for the vehicle.
18,1,3,,"The essential term of price is still under negotiation, so no agreement has been reached yet."
18,1,4,1,There is no indication of any violation of mandatory statutory provisions in this negotiation round.
18,1,5,1,"The negotiation is conducted in a polite, fair, and professional manner consistent with good faith."
18,1,6,1,Both parties are participating in the negotiation freely and of their own accord without any coercion.
18,1,7,1,The transaction appears to be a genuine commercial negotiation and not a simulated or sham act.
18,1,8,1,"There is no evidence of error, deceit, or threat affecting either party's declarations of will in this round."
18,2,1,0,The parties have not reached mutual consent as they are still negotiating the price.
18,2,2,1,Both parties demonstrate a clear intention to reach an agreement and be bound by the contract.
18,2,3,0,"The parties have not yet agreed on the price, which is an essential term of the contract."
18,2,4,,"The contract has not yet been concluded, so compliance with mandatory statutory provisions cannot be determined."
18,2,5,1,"The negotiation is being conducted in a polite, fair, and good-faith manner."
18,2,6,1,Both parties are negotiating freely and making voluntary offers without any coercion.
18,2,7,1,There is no indication that this negotiation is a simulated or sham transaction.
18,2,8,1,"There is no evidence of error, deceit, or threat affecting either party's declarations."
18,3,1,1,"Both parties have explicitly declared their mutual consent to the price of $16,500."
18,3,2,1,Both parties express a clear intention to finalize the deal and proceed with the paperwork.
18,3,3,1,"The parties have agreed on the essential terms, specifically the 2019 Toyota Yaris and the price of $16,500."
18,3,4,,Compliance with all mandatory statutory provisions for a vehicle transfer cannot be fully determined at this stage.
18,3,5,1,"The negotiation was conducted in a polite, fair, and transparent manner, consistent with good faith."
18,3,6,1,Both parties consciously and freely negotiated the price and decided to conclude the agreement.
18,3,7,1,There is no indication that this transaction is a simulated or sham legal act.
18,3,8,1,"The declarations of will do not appear to be affected by any error, deceit, or threat."
19,1,1,0,The parties have not reached mutual consent as the seller rejected the buyer's offer and proposed a counter-offer.
19,1,2,1,Both parties demonstrate a clear intention to negotiate and reach an agreement on the sale of the car.
19,1,3,0,"The parties have not agreed on the price, which is an essential term of the contract."
19,1,4,,Compliance with mandatory statutory provisions cannot be fully determined until a final contract is concluded.
19,1,5,1,"The negotiation is conducted in a polite and fair manner, consistent with the principles of good faith."
19,1,6,1,Both parties are participating in the negotiation freely and consciously.
19,1,7,1,There is no indication that the negotiation is a simulated or sham transaction.
19,1,8,1,"There is no evidence of any error, deceit, or threat affecting the parties' declarations of will."
19,2,1,0,The parties have not reached mutual consent as the seller rejected the buyer's offer and proposed a new price.
19,2,2,,"The intention to be bound is present in their negotiation, but the contract has not yet been finalized."
19,2,3,0,"The parties have not yet agreed on the price, which is an essential term of the contract."
19,2,4,,"No contract has been concluded yet, so compliance with mandatory statutory provisions cannot be determined."
19,2,5,1,"The negotiation is being conducted in a polite, fair, and professional manner consistent with good faith."
19,2,6,1,Both parties are consciously and freely participating in the negotiation to determine the contract's content.
19,2,7,1,There is no indication that this negotiation is a simulated or sham transaction.
19,2,8,1,"The declarations of will are free from any apparent defects, errors, deceit, or threats."
19,3,1,1,"Both parties have explicitly agreed to the price of $16,050, establishing mutual consent."
19,3,2,1,"The parties express a clear, common intention to finalize the transaction and proceed with the paperwork."
19,3,3,1,"The parties have agreed on the essential terms of the contract, specifically the 2019 Toyota Yaris and the price of $16,050."
19,3,4,,It cannot be fully determined at this stage before the formal paperwork is drafted and executed.
19,3,5,1,"The negotiation was conducted in a polite, fair, and transparent manner, consistent with the principles of good faith."
19,3,6,1,Both parties negotiated freely and voluntarily arrived at a mutually acceptable price.
19,3,7,1,There is no indication that this transaction is a simulated or sham legal act.
19,3,8,1,"The declarations of will appear genuine and free from any defect such as error, deceit, or threat."
20,1,1,0,The parties have not reached mutual consent as the seller rejected the buyer's offer and proposed a counter-offer.
20,1,2,,It cannot be determined yet as the parties are still negotiating and have not finalized their agreement to be bound.
20,1,3,0,"There is no agreement on the essential terms, specifically the price of the vehicle."
20,1,4,,"No contract has been concluded yet, so compliance with mandatory statutory provisions cannot be determined."
20,1,5,1,"The negotiation is being conducted in a polite, fair, and good-faith manner by both parties."
20,1,6,1,Both parties are participating in the negotiation freely and consciously without any external pressure.
20,1,7,1,There is no indication that this negotiation is a simulated or sham transaction.
20,1,8,1,"The declarations of will do not appear to be affected by any error, deceit, or threat."
20,2,1,0,"The parties have not reached mutual consent as the seller rejected the buyer's offer of $15,900 and countered with $16,000."
20,2,2,1,"Both parties express a clear intention to conclude a contract, with the buyer wanting to close today and the seller proposing a final deal price."
20,2,3,0,"There is no agreement on the essential terms of the contract yet, specifically the final purchase price."
20,2,4,,It cannot be determined at this stage whether mandatory statutory provisions are met since no contract has been finalized.
20,2,5,1,"The negotiation is conducted in a polite, fair, and professional manner, consistent with good faith."
20,2,6,1,Both parties are participating in the negotiation freely and consciously determining their own offers.
20,2,7,1,There is no indication that this negotiation is a simulated or sham legal act.
20,2,8,1,"None of the declarations of will in this round appear to be affected by error, deceit, or threat."
20,3,1,1,"Both parties have explicitly declared their mutual consent to the price of $16,000."
20,3,2,1,"The parties express a clear intention to be bound by the agreement, with the seller preparing the paperwork."
20,3,3,1,"The parties have agreed on the essential terms, which are the 2019 Toyota Yaris and the price of $16,000."
20,3,4,,It cannot be fully determined at this stage whether all mandatory statutory provisions have been met until the paperwork is finalized.
20,3,5,1,"The negotiation was conducted in a fair, respectful manner consistent with good faith and fair dealing."
20,3,6,1,Both parties consciously and freely negotiated the terms and reached an agreement without any coercion.
20,3,7,1,There is no indication that the agreement is a simulated or sham transaction.
20,3,8,1,"None of the declarations of will appear to be affected by error, deceit, or threat."
21,1,1,,The parties are still negotiating and have not yet reached a mutual agreement on the price.
21,1,2,1,Both parties demonstrate a clear intention to negotiate and eventually conclude a contract for the vehicle.
21,1,3,,"The essential term of the contract, the price, is still under negotiation and has not been agreed upon."
21,1,4,1,The negotiation appears to comply with all mandatory statutory provisions.
21,1,5,1,The parties are negotiating in good faith and in accordance with the principles of social coexistence.
21,1,6,1,Both parties are participating in the negotiation freely and consciously determining their terms.
21,1,7,1,There is no indication that this is a simulated or sham transaction.
21,1,8,1,"The declarations of will are free from any apparent defects such as error, deceit, or threat."
21,2,1,0,The parties have not reached mutual consent as the seller rejected the buyer's offer and proposed a higher price.
21,2,2,1,Both parties express a clear intention to conclude a contract once they can agree on the price.
21,2,3,0,"There is no agreement on the essential terms yet, as the parties are still divided on the final price."
21,2,4,,Compliance with mandatory statutory provisions cannot be fully determined at this stage of negotiation.
21,2,5,1,"The negotiation is conducted in a polite, fair manner consistent with good faith and fair dealing."
21,2,6,1,Both parties are negotiating freely and consciously determining the terms of the potential contract.
21,2,7,1,There is no indication that this negotiation is a simulated or sham transaction.
21,2,8,1,"None of the declarations of will in this round appear to be affected by error, deceit, or threat."
21,3,1,1,"Both parties have explicitly declared their mutual consent to the price of $16,000, confirming they have a deal."
21,3,2,1,"The parties express a clear, common intention to be bound by the agreement and proceed to the paperwork and payment."
21,3,3,1,"The essential terms, namely the specific vehicle (2019 Toyota Yaris) and the purchase price ($16,000), have been agreed upon."
21,3,4,1,There are no indications of any violations of mandatory statutory provisions in the agreement reached.
21,3,5,1,"The negotiation was conducted in a fair, transparent manner, consistent with the principles of good faith and fair dealing."
21,3,6,1,Both parties consciously and freely negotiated the terms and decided to conclude the contract without any external pressure.
21,3,7,1,The transaction appears to be a genuine sale of a vehicle with no indication of it being a simulated or sham act.
21,3,8,1,"There is no evidence of any defect in the declarations of will, such as error, deceit, or threat."
22,1,1,0,"The parties have not reached mutual consent, as the seller rejected the buyer's initial offer and proposed a counteroffer."
22,1,2,1,Both parties demonstrate a clear and genuine intention to negotiate and eventually conclude a contract for the vehicle.
22,1,3,0,"There is no agreement on the essential terms yet, specifically the purchase price of the car."
22,1,4,,"Since no contract has been concluded yet, compliance with mandatory statutory provisions cannot be determined."
22,1,5,1,"The negotiation is conducted in good faith, with polite communication and reasonable pricing proposals."
22,1,6,1,The parties are negotiating freely and consciously determining their respective offers without any coercion.
22,1,7,1,There is no indication that this negotiation is a simulated or sham legal act.
22,1,8,1,"The declarations of will are clear and do not appear to be affected by any error, deceit, or threat."
22,2,1,,The parties are still negotiating and have not yet reached a mutual agreement on the final price.
22,2,2,1,Both parties demonstrate a clear and active intention to reach an agreement and finalize the sale.
22,2,3,,"The final price, which is an essential term of the contract, is still being negotiated."
22,2,4,,Compliance with mandatory statutory provisions cannot be fully determined until a final contract is formed.
22,2,5,1,"The negotiation is conducted in a polite, fair, and cooperative manner, consistent with good faith."
22,2,6,1,Both parties are participating voluntarily and negotiating the terms of the deal freely.
22,2,7,1,There is no indication that this negotiation is a simulated or sham transaction.
22,2,8,1,"The declarations of will are free from any apparent error, deceit, or threat."
22,3,1,1,"Both parties have explicitly declared their mutual consent to the price of $16,050 and the terms."
22,3,2,1,"Both parties expressed a clear, common intention to be legally bound by confirming they have a deal."
22,3,3,1,"The parties have agreed on the essential terms, including the specific vehicle, the final price of $16,050, and the inclusion of a full tank of gas."
22,3,4,1,The agreement appears to comply with standard statutory provisions for the sale of a motor vehicle.
22,3,5,1,"The negotiation was conducted in good faith, with fair concessions from both sides, aligning with principles of social coexistence."
22,3,6,1,Both parties consciously and freely negotiated and agreed upon the final price and terms without any external pressure.
22,3,7,1,There is no indication that this transaction is a simulated or sham legal act.
22,3,8,1,"The declarations of will do not appear to be affected by any error, deceit, or threat."
23,1,1,,"PARSE_ERROR: {""criteria"": {""1"": {""label"": null, ""justification"": ""The parties are still negotiating the price, so mutual consent has not yet been reached.""}, ""2"": {""label"": 1, ""justification"": ""Both parties demons"
23,1,2,,"PARSE_ERROR: {""criteria"": {""1"": {""label"": null, ""justification"": ""The parties are still negotiating the price, so mutual consent has not yet been reached.""}, ""2"": {""label"": 1, ""justification"": ""Both parties demons"
23,1,3,,"PARSE_ERROR: {""criteria"": {""1"": {""label"": null, ""justification"": ""The parties are still negotiating the price, so mutual consent has not yet been reached.""}, ""2"": {""label"": 1, ""justification"": ""Both parties demons"
23,1,4,,"PARSE_ERROR: {""criteria"": {""1"": {""label"": null, ""justification"": ""The parties are still negotiating the price, so mutual consent has not yet been reached.""}, ""2"": {""label"": 1, ""justification"": ""Both parties demons"
23,1,5,,"PARSE_ERROR: {""criteria"": {""1"": {""label"": null, ""justification"": ""The parties are still negotiating the price, so mutual consent has not yet been reached.""}, ""2"": {""label"": 1, ""justification"": ""Both parties demons"
23,1,6,,"PARSE_ERROR: {""criteria"": {""1"": {""label"": null, ""justification"": ""The parties are still negotiating the price, so mutual consent has not yet been reached.""}, ""2"": {""label"": 1, ""justification"": ""Both parties demons"
23,1,7,,"PARSE_ERROR: {""criteria"": {""1"": {""label"": null, ""justification"": ""The parties are still negotiating the price, so mutual consent has not yet been reached.""}, ""2"": {""label"": 1, ""justification"": ""Both parties demons"
23,1,8,,"PARSE_ERROR: {""criteria"": {""1"": {""label"": null, ""justification"": ""The parties are still negotiating the price, so mutual consent has not yet been reached.""}, ""2"": {""label"": 1, ""justification"": ""Both parties demons"
23,2,1,,The parties are still negotiating and have not yet reached a mutual agreement on the final price.
23,2,2,1,Both parties demonstrate a clear and active intention to conclude a contract and be bound by its terms.
23,2,3,,"The final price, which is an essential term of the contract, is still under negotiation."
23,2,4,,"The contract has not yet been concluded, so compliance with mandatory statutory provisions cannot be determined."
23,2,5,1,"The negotiation is conducted in a polite, fair, and cooperative manner, consistent with good faith."
23,2,6,1,Both parties are participating in the negotiation freely and consciously determining the terms.
23,2,7,1,There is no indication that this transaction is a simulated or sham legal act.
23,2,8,1,"The declarations of will do not appear to be affected by any error, deceit, or threat."
23,3,1,1,"Both parties have explicitly declared their mutual consent to the price of $16,875."
23,3,2,1,Both parties express a clear intention to be legally bound by the agreement and proceed with the paperwork.
23,3,3,1,"The essential terms of the contract, namely the specific vehicle and the final price of $16,875, have been agreed upon."
23,3,4,,Compliance with all mandatory statutory provisions for a vehicle sale cannot be fully determined at this stage.
23,3,5,1,"The negotiation was conducted in a fair, polite manner consistent with good faith and fair dealing."
23,3,6,1,Both parties consciously and freely negotiated the price and decided to conclude the contract.
23,3,7,1,There is no indication that this transaction is a simulated or sham legal act.
23,3,8,1,"The declarations of will do not appear to be affected by any error, deceit, or threat."
24,1,1,,"The parties are still negotiating the price, so mutual consent has not yet been established."
24,1,2,1,Both parties express a clear willingness to negotiate and reach an agreement on the sale of the car.
24,1,3,,The essential term of price is still under negotiation and has not been agreed upon.
24,1,4,,It cannot be determined at this stage of negotiation whether mandatory statutory provisions will be met.
24,1,5,1,"The negotiation is conducted in a polite, fair, and professional manner by both parties."
24,1,6,1,Both parties are participating in the negotiation freely and of their own accord.
24,1,7,1,There is no indication that this negotiation is a sham or simulated act.
24,1,8,1,"The declarations of will appear genuine and free from error, deceit, or duress."
24,2,1,1,"Both parties have explicitly agreed on the price of $15,800, establishing mutual consent."
24,2,2,1,"The parties express a clear, common intention to finalize the transaction and be bound by the agreement today."
24,2,3,1,"The parties have agreed on the essential terms of the contract, specifically the 2019 Toyota Yaris and the price of $15,800."
24,2,4,1,The agreement appears to comply with standard legal requirements for the sale of a used vehicle.
24,2,5,1,"The negotiation was conducted in a polite, fair, and transparent manner, consistent with good faith."
24,2,6,1,Both parties freely and consciously negotiated the terms and made the decision to close the deal.
24,2,7,1,There is no indication that this transaction is simulated or a sham act.
24,2,8,1,"The declarations of intent are clear and free from any apparent error, deceit, or threat."
24,3,1,1,"Both parties have explicitly declared their mutual consent to the agreed price of $15,800."
24,3,2,1,"Both parties express a clear, common intention to meet and finalize the legal transfer of the vehicle."
24,3,3,1,"The parties have agreed on the essential terms, including the specific vehicle and the final price of $15,800."
24,3,4,,"The final paperwork and legal transfer have not yet been executed, so compliance with all mandatory statutory provisions cannot be fully determined yet."
24,3,5,1,"The transaction is being conducted in a fair, transparent manner consistent with good faith and fair dealing."
24,3,6,1,Both parties are participating in the negotiation freely and consciously determining the terms of the agreement.
24,3,7,1,There is no indication that this transaction is a simulated or sham legal act.
24,3,8,1,"The declarations of will from both parties appear free of any error, deceit, or threat."
25,1,1,,The parties are still negotiating and have not yet reached a mutual agreement on the price.
25,1,2,1,Both parties demonstrate a clear and active intention to negotiate and conclude a contract for the car.
25,1,3,,"The essential term of price is still under negotiation, as the seller countered the buyer's initial offer."
25,1,4,1,The negotiation for a used car sale is proceeding in accordance with standard legal practices.
25,1,5,1,"The interaction is polite, professional, and aligns with the principles of good faith and fair dealing."
25,1,6,1,Both parties are participating in the negotiation freely and of their own accord.
25,1,7,1,There is no indication that this negotiation is a simulated or sham transaction.
25,1,8,1,"The declarations of intent are clear and free from any apparent error, deceit, or threat."
25,2,1,1,"Both parties have explicitly declared their mutual consent to the price of $16,200 and confirmed they have a deal."
25,2,2,1,"Both parties express a clear, common intention to be bound by the agreement and proceed to finalize the paperwork."
25,2,3,1,"The parties have agreed on the essential terms, which are the specific vehicle (2019 Toyota Yaris) and the purchase price ($16,200)."
25,2,4,1,"The agreement on price and object is legally compliant, with no apparent violations of mandatory statutory provisions."
25,2,5,1,The transaction is a standard car sale conducted in good faith and aligns with the principles of social coexistence.
25,2,6,1,"The parties freely negotiated and consciously decided to agree on the final price of $16,200."
25,2,7,1,There is no indication that this transaction is a simulated or sham legal act.
25,2,8,1,"The declarations of will appear genuine and free from any defects such as error, deceit, or duress."
26,1,1,0,The parties have not reached mutual consent as the seller rejected the buyer's initial offer and proposed a counter-offer.
26,1,2,1,Both parties demonstrate a clear intention to negotiate and eventually conclude a contract for the vehicle.
26,1,3,0,"There is no agreement on the essential terms yet, specifically the purchase price of the vehicle."
26,1,4,,It cannot be determined at this early stage of negotiation whether mandatory statutory provisions will be met.
26,1,5,1,"The negotiation is conducted in a polite, professional manner consistent with the principles of good faith and fair dealing."
26,1,6,1,Both parties are participating in the negotiation freely and consciously determining their own proposals.
26,1,7,1,There is no indication that this negotiation is a simulated or sham legal act.
26,1,8,1,"Neither party's declarations of will appear to be affected by error, deceit, or threat."
26,2,1,,The parties are still negotiating the price and have not yet reached mutual consent.
26,2,2,1,Both parties express a clear intention to finalize a deal and be bound by its terms.
26,2,3,,"The final price, an essential term of the contract, is still being negotiated."
26,2,4,,"The contract has not yet been concluded, so compliance with mandatory statutory provisions cannot be fully determined."
26,2,5,1,"The negotiation is conducted in a polite, fair, and professional manner consistent with good faith."
26,2,6,1,Both parties are participating in the negotiation freely and consciously determining their terms.
26,2,7,1,There is no indication that this negotiation is a simulated or sham transaction.
26,2,8,1,"The declarations of will are free from any apparent defects such as error, deceit, or threat."
26,3,1,1,"Both parties have explicitly expressed mutual consent to the price of $16,250."
26,3,2,1,Both parties show a clear intention to be bound by the agreement and proceed to finalize the paperwork.
26,3,3,1,"The essential terms of the contract, namely the specific car and the final price of $16,250, have been agreed upon."
26,3,4,1,The agreement appears to comply with mandatory statutory provisions as they prepare to finalize the official paperwork.
26,3,5,1,"The negotiation was conducted in a fair, polite manner, consistent with good faith and fair dealing."
26,3,6,1,"Both parties consciously and freely decided to agree on the final price of $16,250."
26,3,7,1,There is no indication that this transaction is a simulated or sham legal act.
26,3,8,1,"None of the declarations of will appear to be affected by error, deceit, or threat."
27,1,1,,The parties are still negotiating and have not yet reached a mutual agreement on the price.
27,1,2,1,Both parties demonstrate a clear intention to negotiate and eventually enter into a binding contract.
27,1,3,,The essential term of price is still being negotiated and has not been agreed upon.
27,1,4,,It cannot be determined at this early stage of negotiation whether all mandatory statutory provisions will be met.
27,1,5,1,"The negotiation is being conducted in a polite, fair, and professional manner, consistent with good faith."
27,1,6,1,Both parties are participating in the negotiation freely and without any external pressure.
27,1,7,1,There is no indication that this is a simulated or sham transaction.
27,1,8,1,"The declarations of intent are clear and free from any apparent error, deceit, or threat."
27,2,1,1,"Both parties have explicitly agreed on the price of $15,900, establishing mutual consent."
27,2,2,1,"The parties express a clear, immediate intention to finalize the transaction and be bound by the agreement."
27,2,3,1,"The parties have agreed on the essential terms, which are the specific car (2019 Toyota Yaris) and the final price ($15,900)."
27,2,4,,It cannot be determined at this stage whether all mandatory statutory formalities for a car sale have been met.
27,2,5,1,The negotiation was conducted in good faith and the terms are fair and consistent with standard business practices.
27,2,6,1,Both parties negotiated freely and voluntarily agreed to the final price without any external pressure.
27,2,7,1,There is no evidence suggesting that this transaction is simulated or a sham.
27,2,8,1,"The declarations of will appear genuine and free from any error, deceit, or threat."
27,3,1,1,"Both parties have explicitly confirmed their mutual agreement on the price of $15,900 and are moving forward with the transaction."
27,3,2,1,"The parties express a clear, common intention to be legally bound by arranging the paperwork and the physical transfer of the vehicle."
27,3,3,1,"The essential terms of the contract, specifically the subject matter (2019 Toyota Yaris) and the final price ($15,900), have been fully agreed upon."
27,3,4,1,"The parties are preparing a bill of sale and arranging a meeting to complete the transfer, which complies with standard legal requirements for car sales."
27,3,5,1,"The negotiation has been conducted in a polite, transparent, and cooperative manner, consistent with the principles of good faith."
27,3,6,1,Both parties have negotiated freely and consciously arrived at the agreed price without any external pressure.
27,3,7,1,There is no indication that this is a simulated or sham transaction; both parties genuinely intend to execute the sale.
27,3,8,1,"The declarations of will are clear and free from any apparent defects such as error, deceit, or threat."
28,1,1,0,The parties have not reached mutual consent as they are still negotiating and disagree on the final price.
28,1,2,1,Both parties demonstrate a clear intention to negotiate and eventually conclude a contract for the vehicle.
28,1,3,0,"There is no agreement on the essential terms yet, specifically the purchase price of the car."
28,1,4,,It cannot be fully determined at this early stage of negotiation whether all mandatory statutory provisions will be met.
28,1,5,1,"The negotiation is conducted in a polite, fair, and professional manner, consistent with good faith."
28,1,6,1,Both parties are participating in the negotiation freely and consciously without any signs of coercion.
28,1,7,1,There is no indication that this negotiation is a simulated or sham legal act.
28,1,8,1,"None of the declarations of will in this round appear to be affected by error, deceit, or threat."
28,2,1,1,"Both parties have explicitly agreed on the price of $16,000, establishing mutual consent."
28,2,2,1,"Both parties express a clear, common intention to finalize the transaction and be bound by the deal."
28,2,3,1,"The essential terms of the contract, specifically the vehicle and the final price of $16,000, have been agreed upon."
28,2,4,,It cannot be fully determined at this stage whether all mandatory statutory formalities for a vehicle transfer have been met.
28,2,5,1,"The negotiation was conducted in a fair manner and in good faith, aligning with principles of social coexistence."
28,2,6,1,Both parties consciously and freely negotiated and agreed to the final price without any coercion.
28,2,7,1,There is no indication that this transaction is a simulated or sham legal act.
28,2,8,1,"The declarations of will from both the buyer and the seller appear to be free from any error, deceit, or threat."
28,3,1,1,"Both parties have explicitly declared their mutual consent to the price of $16,000."
28,3,2,1,Both parties express a clear intention to proceed with the paperwork and finalize the transaction.
28,3,3,1,"The parties have agreed on the essential terms, specifically the vehicle (2019 Toyota Yaris) and the price ($16,000)."
28,3,4,,It cannot be fully determined at this stage whether all mandatory statutory provisions for the transfer of vehicle ownership will be met.
28,3,5,1,The negotiation was conducted in good faith and the terms are consistent with fair dealing.
28,3,6,1,Both parties freely negotiated and consciously agreed to the final price without any coercion.
28,3,7,1,There is no indication that this transaction is a simulated or sham agreement.
28,3,8,1,"There is no evidence of any defect, error, deceit, or threat affecting either party's declaration of will."
29,1,1,0,The parties have not reached mutual consent as they are still proposing different prices.
29,1,2,1,Both parties express a clear intention to negotiate and reach an agreement on the sale of the car.
29,1,3,0,"The parties have not agreed on the price, which is an essential term of the contract."
29,1,4,,It cannot be determined at this stage whether mandatory statutory provisions will be met.
29,1,5,1,"The negotiation is conducted in a polite, fair, and cooperative manner."
29,1,6,1,Both parties are negotiating freely and making voluntary offers without any coercion.
29,1,7,1,There is no indication that this negotiation is a simulated or sham transaction.
29,1,8,1,"There is no evidence of error, deceit, or threat affecting either party's declarations."
29,2,1,1,"Both parties have explicitly agreed on the price of $16,000, establishing mutual consent."
29,2,2,1,The parties expressed a clear intention to finalize the transaction and be bound by the agreement.
29,2,3,1,"The parties have agreed on the specific car (2019 Toyota Yaris) and the final price of $16,000."
29,2,4,,The final formal contract execution and compliance with statutory registration requirements cannot be determined at this stage.
29,2,5,1,"The negotiation was conducted in a polite, fair, and transparent manner by both parties."
29,2,6,1,Both parties negotiated freely and voluntarily arrived at the agreed price.
29,2,7,1,The transaction appears to be a genuine sale of a vehicle with no indication of a simulated act.
29,2,8,1,"There is no evidence of any defect, fraud, misrepresentation, or coercion affecting either party's consent."
29,3,1,1,"Both parties have explicitly declared their mutual consent to the price of $16,000 and are proceeding to finalize the transaction."
29,3,2,1,"Both parties express a clear, common intention to be legally bound by arranging a meeting to complete the paperwork and payment."
29,3,3,1,"The essential terms of the contract, including the specific vehicle (2019 Toyota Yaris) and the final price ($16,000), have been fully agreed upon."
29,3,4,1,"The parties are arranging to meet at a bank to complete the official paperwork, indicating compliance with statutory transfer requirements."
29,3,5,1,"The negotiation was conducted in good faith, with transparent communication regarding the vehicle's history and pricing."
29,3,6,1,Both parties participated in the negotiation freely and consciously determined the final price without any external pressure.
29,3,7,1,There is no indication that this transaction is a simulated or sham agreement; it is a genuine sale of a vehicle.
29,3,8,1,"The declarations of will are free from any apparent defects such as error, deceit, or threat."
30,1,1,0,The parties have not reached mutual consent as the seller rejected the buyer's initial offer and proposed a counter-offer.
30,1,2,1,Both parties demonstrate a clear intention to negotiate and eventually conclude a contract for the vehicle.
30,1,3,0,"The parties have not agreed on the essential term of price, as the buyer offered $15,500 and the seller countered with $16,200."
30,1,4,1,The negotiation is proceeding in accordance with standard legal practices and shows no statutory violations.
30,1,5,1,"The interaction is polite, fair, and conducted in good faith by both parties."
30,1,6,1,Both parties are participating in the negotiation freely and consciously determining their own terms.
30,1,7,1,There is no indication that this negotiation is a simulated or sham transaction.
30,1,8,1,"None of the declarations of will appear to be affected by error, deceit, threat, or any other defect."
30,2,1,,The parties are still negotiating and have not yet reached mutual consent on a final price.
30,2,2,1,Both parties demonstrate a clear intention to reach an agreement and conclude a contract.
30,2,3,,"The final price, an essential term of the contract, is still being negotiated and has not been agreed upon."
30,2,4,,"No contract has been concluded yet, so compliance with mandatory statutory provisions cannot be determined."
30,2,5,1,"The negotiation is being conducted in a polite, fair, and professional manner consistent with good faith."
30,2,6,1,Both parties are participating voluntarily and freely proposing terms without any external pressure.
30,2,7,1,"The transaction appears to be a genuine negotiation for the sale of a vehicle, with no signs of a sham act."
30,2,8,1,"There is no indication of error, deceit, threat, or any other defect affecting the parties' declarations of will."
30,3,1,1,"Both parties have explicitly declared their mutual consent to the price of $16,000."
30,3,2,1,"Both parties express a clear intention to be legally bound by the agreed terms, with the seller preparing the paperwork."
30,3,3,1,"The parties have agreed on the essential terms: a 2019 Toyota Yaris for the price of $16,000."
30,3,4,1,"The agreement for a car sale appears to comply with standard legal provisions, with no apparent statutory violations."
30,3,5,1,The negotiation was conducted in good faith and the agreed price is consistent with fair dealing.
30,3,6,1,Both parties consciously and freely negotiated the price and decided to conclude the contract.
30,3,7,1,There is no indication that this transaction is a simulated or sham legal act.
30,3,8,1,"The declarations of will do not appear to be affected by any error, deceit, or threat."
31,1,1,,The parties are still negotiating and have not yet reached mutual consent on the final terms.
31,1,2,1,Both parties demonstrate a clear intention to negotiate and eventually enter into a binding contract.
31,1,3,,The essential term of price is still under negotiation and has not been agreed upon.
31,1,4,1,The negotiation is proceeding in accordance with standard legal practices for a private car sale.
31,1,5,1,"The interaction is polite, professional, and consistent with the principles of good faith and fair dealing."
31,1,6,1,Both parties are participating in the negotiation freely and without any external pressure.
31,1,7,1,There is no indication that this transaction is simulated or a sham.
31,1,8,1,"The communications show no signs of being affected by error, deceit, or threat."
31,2,1,1,"Both parties have explicitly agreed on the price of $16,000, establishing mutual consent."
31,2,2,1,"The parties express a clear, common intention to finalize the deal and proceed with the paperwork."
31,2,3,1,"The essential terms of the contract, specifically the vehicle and the final price of $16,000, have been agreed upon."
31,2,4,,Whether all mandatory statutory provisions for transferring vehicle ownership are met cannot be fully determined at this stage.
31,2,5,1,The negotiation is conducted in good faith and aligns with the principles of social coexistence.
31,2,6,1,Both parties negotiated freely and consciously decided to agree on the final terms.
31,2,7,1,There is no indication that this transaction is a simulated or sham legal act.
31,2,8,1,"The declarations of will do not appear to be affected by any error, deceit, or threat."
31,3,1,1,"Both parties have explicitly expressed mutual consent to the price of $16,000 and the sale of the vehicle."
31,3,2,1,Both parties show a clear intention to be legally bound by agreeing to proceed with the paperwork and handover.
31,3,3,1,"The essential terms of the contract, namely the specific vehicle and the final price of $16,000, have been agreed upon."
31,3,4,1,"The parties are actively arranging the necessary legal paperwork, such as the bill of sale, to comply with statutory requirements."
31,3,5,1,"The negotiation has been conducted in good faith, with fair dealing and polite communication from both sides."
31,3,6,1,Both parties have freely and consciously negotiated and agreed to the terms of the sale without any coercion.
31,3,7,1,There is no indication that this transaction is a simulated or sham legal act.
31,3,8,1,"There is no evidence of any defect of will, such as error, deceit, or threat, influencing either party's decision."
32,1,1,0,The parties have not reached mutual consent as the seller rejected the buyer's initial offer and proposed a counter-offer.
32,1,2,1,Both parties demonstrate a clear and active intention to negotiate and eventually conclude a contract for the vehicle.
32,1,3,0,"There is no agreement on the essential terms yet, specifically the purchase price of the vehicle."
32,1,4,,Compliance with all mandatory statutory provisions cannot be fully determined at this early stage of negotiation.
32,1,5,1,"The parties are negotiating in a polite, fair, and professional manner, consistent with good faith."
32,1,6,1,"Both parties are participating in the negotiation freely and consciously, without any signs of external pressure."
32,1,7,1,There is no indication that this negotiation is a simulated or sham transaction.
32,1,8,1,"The declarations of will from both parties appear genuine and free from any error, deceit, or threat."
32,2,1,1,"Both parties have explicitly agreed on the price of $16,000 to finalize the deal."
32,2,2,1,"The parties express a clear, mutual intention to finalize the transaction and bind themselves to the agreement."
32,2,3,1,"The parties have agreed on the essential terms, specifically the car (2019 Toyota Yaris) and the final price of $16,000."
32,2,4,,"Compliance with mandatory statutory provisions, such as formal registration or written contract requirements, cannot be fully determined at this stage."
32,2,5,1,"The negotiation was conducted in good faith, with fair pricing and transparent communication."
32,2,6,1,"Both parties negotiated freely and voluntarily arrived at the agreed price of $16,000."
32,2,7,1,There is no evidence suggesting that this transaction is a simulated or sham agreement.
32,2,8,1,"The declarations of will appear genuine and free from any error, deceit, or threat."
32,3,1,1,"Both parties have explicitly expressed mutual consent to the price of $16,000 and confirmed the agreement."
32,3,2,1,Both parties express a clear intention to be legally bound by proceeding with the paperwork and vehicle pickup.
32,3,3,1,"The parties have agreed on the essential terms, specifically the 2019 Toyota Yaris and the final price of $16,000."
32,3,4,1,"There are no indications of any violations of mandatory statutory provisions, and they are preparing the necessary paperwork."
32,3,5,1,"The transaction is conducted in good faith, with polite cooperation and fair dealing from both sides."
32,3,6,1,Both parties have consciously and freely decided to conclude the contract without any external pressure.
32,3,7,1,The transaction appears to be genuine and there is no indication that it is a simulated or sham act.
32,3,8,1,"There is no evidence of any defect of will, such as error, deceit, or threat, affecting either party's declaration."
33,1,1,,The parties are still negotiating and have not yet reached a mutual agreement on the price.
33,1,2,1,Both parties demonstrate a clear intention to negotiate and enter into a contract for the sale of the car.
33,1,3,,"The essential term of price is still being negotiated, so agreement has not yet been reached."
33,1,4,1,The negotiation appears to comply with standard legal requirements for a car sale.
33,1,5,1,"The parties are negotiating in a polite, fair, and professional manner."
33,1,6,1,Both parties are participating in the negotiation voluntarily and without any apparent coercion.
33,1,7,1,There is no indication that this negotiation is a simulated or sham transaction.
33,1,8,1,"There is no evidence of error, deceit, or threat affecting either party's declarations."
33,2,1,0,"The parties have not reached mutual consent as the seller rejected the buyer's offer of $15,850 and countered with $16,000."
33,2,2,1,"Both parties express a clear intention to conclude a contract, with the seller stating they would have a deal if the price is met."
33,2,3,0,"There is no agreement on the essential terms yet, specifically the final purchase price of the vehicle."
33,2,4,,It cannot be determined at this stage of negotiation whether mandatory statutory provisions will be met upon contract conclusion.
33,2,5,1,"The negotiation is conducted in a polite and fair manner, consistent with the principles of good faith and fair dealing."
33,2,6,1,Both parties are negotiating freely and consciously determining the terms of the potential agreement.
33,2,7,1,There is no indication that this negotiation is a simulated or sham transaction.
33,2,8,1,"The declarations of will from both parties appear to be free from any defects such as error, deceit, or threat."
33,3,1,1,"Both parties have explicitly expressed mutual consent by agreeing on the final price of $16,000."
33,3,2,1,Both parties show a clear intention to be legally bound and proceed with the paperwork and payment.
33,3,3,1,"The parties have agreed on the essential terms, which are the specific 2019 Toyota Yaris and the price of $16,000."
33,3,4,1,The agreement appears to comply with standard legal requirements for a vehicle sale.
33,3,5,1,"The negotiation was conducted in good faith, with fair and respectful communication from both sides."
33,3,6,1,"Both parties consciously and freely decided to agree on the final price of $16,000 without any coercion."
33,3,7,1,There is no indication that this transaction is a simulated or sham legal act.
33,3,8,1,"There is no evidence of error, deceit, or threat affecting either party's declaration of will."
34,1,1,0,The parties have not reached mutual consent as they currently disagree on the price.
34,1,2,1,Both parties demonstrate a clear intention to negotiate and eventually conclude a contract for the car.
34,1,3,0,"The parties have not yet agreed on the essential term of the contract, which is the final price."
34,1,4,,It cannot be determined at this stage whether mandatory statutory provisions will be met upon conclusion.
34,1,5,1,"The negotiation is conducted in a polite and fair manner, consistent with the principles of good faith."
34,1,6,1,Both parties are negotiating freely and consciously without any signs of coercion.
34,1,7,1,There is no indication that this negotiation is a simulated or sham transaction.
34,1,8,1,"Neither party's declarations of will appear to be affected by error, deceit, or threat."
34,2,1,1,"Both parties have expressed mutual consent by agreeing on the final price of $15,850."
34,2,2,1,"The parties have expressed a clear, common intention to finalize the transaction today."
34,2,3,1,"The essential terms, including the specific vehicle and the final price of $15,850, have been agreed upon."
34,2,4,,Compliance with mandatory statutory registration and transfer formalities cannot be fully determined at this stage.
34,2,5,1,"The negotiation was conducted in a polite, fair, and transparent manner, consistent with good faith."
34,2,6,1,Both parties consciously and freely proposed and accepted the terms of the agreement.
34,2,7,1,There is no indication that this transaction is a simulated or sham legal act.
34,2,8,1,"The declarations of intent appear to be genuine and free from any error, deceit, or threat."
34,3,1,1,"Both parties have explicitly agreed to the price of $15,850, establishing mutual consent."
34,3,2,1,Both parties express a clear intention to finalize the purchase and proceed with the paperwork.
34,3,3,1,"The parties have agreed on the essential terms, which are the specific car (2019 Toyota Yaris) and the price ($15,850)."
34,3,4,,"The final written contract and registration have not yet been executed, so statutory compliance cannot be fully determined."
34,3,5,1,"The negotiation was conducted in good faith, with both parties politely compromising to reach a fair price."
34,3,6,1,Both parties freely negotiated and voluntarily agreed to the final price without any external pressure.
34,3,7,1,There is no indication that this is a simulated or sham transaction; both parties intend to execute a real sale.
34,3,8,1,"There is no evidence of error, deceit, or threat affecting either party's declaration of will."
35,1,1,0,The parties have not reached mutual consent as they are still negotiating the price.
35,1,2,1,Both parties demonstrate a clear intention to negotiate and eventually conclude a contract.
35,1,3,0,"There is no agreement on the essential terms yet, as the buyer offered $15,500 and the seller countered with $16,200."
35,1,4,,It cannot be determined at this stage whether mandatory statutory provisions will be met once a contract is finalized.
35,1,5,1,"The negotiation is conducted in a polite, fair, and professional manner consistent with good faith."
35,1,6,1,Both parties are participating freely and consciously in determining the terms of the potential contract.
35,1,7,1,The transaction appears to be a genuine commercial negotiation with no indication of a simulated act.
35,1,8,1,"There is no evidence of error, deceit, threat, or any other defect in the declarations of will."
35,2,1,1,"Both parties have explicitly agreed on the price of $16,000, establishing mutual consent."
35,2,2,1,"The parties express a clear, common intention to finalize the transaction and close the deal immediately."
35,2,3,1,"The parties have agreed on the essential terms, specifically the 2019 Toyota Yaris and the final price of $16,000."
35,2,4,,The formal execution of the contract and compliance with statutory registration requirements cannot be fully determined from the chat transcript.
35,2,5,1,"The negotiation was conducted in a polite, fair, and transparent manner, consistent with the principles of good faith and fair dealing."
35,2,6,1,Both parties negotiated freely and voluntarily arrived at the agreed price without any signs of coercion.
35,2,7,1,There is no indication that this transaction is simulated or intended as a sham.
35,2,8,1,"The declarations of will appear genuine and are not affected by any apparent error, deceit, or threat."
35,3,1,1,"Both parties have explicitly declared their mutual consent to the price of $16,000."
35,3,2,1,Both parties express a clear intention to be legally bound by finalizing the paperwork and payment.
35,3,3,1,"The essential terms of the contract, namely the specific vehicle and the final price of $16,000, have been agreed upon."
35,3,4,1,The agreement to transfer the title and keys upon payment conforms to standard statutory provisions for vehicle sales.
35,3,5,1,The parties are acting in good faith and cooperating constructively to finalize the transaction.
35,3,6,1,Both parties have freely and consciously negotiated and agreed to the terms without any external pressure.
35,3,7,1,There is no indication that this transaction is simulated or a sham.
35,3,8,1,"None of the declarations of will appear to be affected by error, deceit, or threat."
36,1,1,0,The parties have not reached mutual consent as they are still negotiating and have proposed different prices.
36,1,2,1,Both parties demonstrate a clear and active intention to negotiate and eventually conclude a contract for the vehicle.
36,1,3,0,"There is no agreement on the essential terms yet, specifically the final purchase price of the car."
36,1,4,,It cannot be determined at this stage as no final contract has been concluded yet.
36,1,5,1,"The negotiation is conducted in a polite, professional manner consistent with the principles of good faith and fair dealing."
36,1,6,1,Both parties are participating in the negotiation freely and consciously determining their respective offers.
36,1,7,1,There is no indication that this negotiation is a simulated or sham transaction.
36,1,8,1,"The declarations of will from both parties appear genuine and free from any defects such as error, deceit, or threat."
36,2,1,1,"Both parties have explicitly declared their mutual consent to the price of $15,800."
36,2,2,1,"The parties express a clear, mutual intention to finalize the transaction and be bound by the agreement."
36,2,3,1,"The parties have agreed on the essential terms, which are the specific vehicle (2019 Toyota Yaris) and the purchase price ($15,800)."
36,2,4,,Compliance with all mandatory statutory provisions for a vehicle transfer cannot be fully determined from the chat transcript alone.
36,2,5,1,"The negotiation was conducted in good faith, with fair pricing and polite communication."
36,2,6,1,Both parties negotiated freely and voluntarily arrived at the agreed price without any external pressure.
36,2,7,1,There is no indication that this transaction is simulated or a sham.
36,2,8,1,"The declarations of will appear genuine and free from any defects such as error, deceit, or duress."
36,3,1,1,"Both parties have explicitly declared their mutual consent to the final price of $15,800."
36,3,2,1,"The parties express a clear, common intention to proceed with the paperwork and payment to finalize the transaction."
36,3,3,1,"The parties have agreed on the essential terms, specifically the vehicle (2019 Toyota Yaris) and the final price ($15,800)."
36,3,4,1,"The parties are arranging a standard bill of sale and secure payment methods, indicating compliance with standard legal procedures."
36,3,5,1,The negotiation was conducted in good faith and the terms are consistent with fair dealing.
36,3,6,1,Both parties freely negotiated and agreed on the price without any signs of coercion.
36,3,7,1,The transaction appears to be a genuine sale of a vehicle with no indication of a simulated act.
36,3,8,1,"There is no evidence of error, deceit, or threat influencing either party's decision."
37,1,1,0,The parties have not reached mutual consent as the seller rejected the buyer's initial offer and proposed a counter-offer.
37,1,2,1,Both parties express a clear intention to negotiate and eventually bind themselves to a contract for the sale of the vehicle.
37,1,3,0,"There is no agreement on the essential terms yet, as the buyer and seller have proposed different prices."
37,1,4,,"No contract has been concluded yet, so compliance with mandatory statutory provisions cannot be determined."
37,1,5,1,"The negotiation is being conducted in a polite and fair manner, consistent with the principles of good faith."
37,1,6,1,Both parties are participating in the negotiation freely and consciously determining their proposed terms.
37,1,7,1,The exchange represents a genuine commercial negotiation with no indication of being a simulated or sham act.
37,1,8,1,"There is no evidence of any defect in the parties' declarations of will, such as error, deceit, or duress."
37,2,1,1,"Mutual consent is achieved as the seller explicitly accepted the buyer's offer of $16,000."
37,2,2,1,Both parties express a clear intention to conclude the contract and be bound by the agreed price.
37,2,3,1,"The parties have agreed on the essential terms, which are the specific vehicle and the price of $16,000."
37,2,4,1,The agreement does not appear to violate any mandatory statutory provisions.
37,2,5,1,"The negotiation was conducted in a respectful, fair, and good-faith manner by both parties."
37,2,6,1,Both parties consciously and freely negotiated and agreed to the final terms without coercion.
37,2,7,1,There is no indication that this transaction is a simulated or sham legal act.
37,2,8,1,"None of the declarations of will appear to be affected by error, deceit, or threat."
37,3,1,1,"Both parties have explicitly declared their mutual consent to the price of $16,000 and confirmed the agreement."
37,3,2,1,"Both parties express a clear intention to be legally bound by planning the paperwork, payment, and title transfer."
37,3,3,1,"The parties have agreed on the essential terms, specifically the vehicle (2019 Toyota Yaris) and the final price ($16,000)."
37,3,4,1,"The transaction is proceeding in accordance with standard legal procedures, including title transfer and paperwork."
37,3,5,1,The negotiation was conducted in good faith and the terms of the sale are consistent with fair dealing.
37,3,6,1,Both parties freely and consciously negotiated and agreed to the final terms without any external pressure.
37,3,7,1,There is no indication that this transaction is a simulated or sham legal act.
37,3,8,1,"The declarations of will are free from any apparent defects such as error, deceit, or threat."
38,1,1,,The parties are still negotiating and have not yet reached mutual consent on a final price.
38,1,2,1,Both parties express a clear intention to negotiate and eventually conclude a contract for the vehicle.
38,1,3,,"The essential term of price is still being negotiated, as the seller rejected the buyer's initial offer and proposed a counteroffer."
38,1,4,1,The negotiation is proceeding in accordance with standard legal and statutory practices for private car sales.
38,1,5,1,"The interaction is polite, professional, and adheres to the principles of good faith and fair dealing."
38,1,6,1,Both parties are participating in the negotiation freely and consciously determining their own terms.
38,1,7,1,There is no indication that this negotiation is a simulated or sham legal act.
38,1,8,1,"The declarations of will from both parties appear to be free of error, deceit, or threat."
38,2,1,1,"Both parties have explicitly agreed on the price of $15,900, establishing mutual consent."
38,2,2,1,"The parties expressed a clear, common intention to finalize the deal and be bound by the agreement today."
38,2,3,1,"The parties have agreed on the essential terms, specifically the 2019 Toyota Yaris and the price of $15,900."
38,2,4,,It cannot be fully determined at this stage whether all mandatory statutory formalities for a car sale have been completed.
38,2,5,1,"The negotiation was conducted in a polite, fair, and transparent manner, consistent with the principles of good faith."
38,2,6,1,Both parties negotiated freely and voluntarily arrived at the agreed price without any external pressure.
38,2,7,1,There is no indication that this is a simulated transaction; both parties appear genuinely interested in the sale.
38,2,8,1,"The declarations of will appear genuine and free from any defects such as error, deceit, or duress."
38,3,1,1,"Both parties have explicitly expressed mutual consent to the price of $15,900 and are coordinating the final steps."
38,3,2,1,"The parties demonstrate a clear, common intention to be legally bound by arranging a meeting to complete the paperwork and payment."
38,3,3,1,"Agreement has been reached on the essential terms of the contract, specifically the vehicle and the final price of $15,900."
38,3,4,1,The parties are planning to complete the transaction legally by transferring the title and handling paperwork at a bank.
38,3,5,1,"The negotiation has been conducted in good faith, with fair dealing and polite cooperation from both sides."
38,3,6,1,Both parties have consciously and freely decided to agree on the price and the terms of the meeting.
38,3,7,1,There is no indication that this transaction is a simulated or sham legal act.
38,3,8,1,"Neither party's declaration of will appears to be affected by any error, deceit, or threat."
39,1,1,,The parties are still negotiating and have not yet reached mutual consent on the price.
39,1,2,1,Both parties demonstrate a clear intention to negotiate and eventually conclude a contract for the vehicle.
39,1,3,,Agreement on the essential term of price has not yet been reached as the seller made a counter-offer.
39,1,4,1,The negotiation is proceeding in accordance with standard legal and statutory practices for private car sales.
39,1,5,1,"The interaction is polite, professional, and adheres to the principles of good faith and fair dealing."
39,1,6,1,Both parties are participating in the negotiation freely and consciously without any external pressure.
39,1,7,1,There is no indication that this negotiation is a simulated or sham transaction.
39,1,8,1,"The declarations of will do not appear to be affected by any error, deceit, or threat."
39,2,1,0,The parties have not reached mutual consent as they are still proposing different prices.
39,2,2,1,Both parties demonstrate a clear intention to negotiate and eventually conclude a contract.
39,2,3,0,"There is no agreement on the essential terms yet, specifically the final purchase price."
39,2,4,,"The contract has not yet been concluded, so compliance with mandatory statutory provisions cannot be determined."
39,2,5,1,"The negotiation is being conducted in a polite, fair, and good-faith manner by both parties."
39,2,6,1,Both parties are consciously and freely participating in the negotiation and determining their offers.
39,2,7,1,There is no indication that this negotiation is a simulated or sham legal act.
39,2,8,1,"None of the declarations of will in this round appear to be affected by error, deceit, or threat."
39,3,1,1,"Both parties have explicitly declared their mutual consent to the price of $16,400."
39,3,2,1,"The parties express a clear, shared intention to finalize the transaction and proceed with the paperwork."
39,3,3,1,"The parties have agreed on the essential terms, specifically the car model and the final price of $16,400."
39,3,4,,"The formal contract and paperwork have not yet been executed, so compliance with all mandatory statutory provisions cannot be fully determined."
39,3,5,1,"The negotiation was conducted in good faith, with fair compromises from both sides."
39,3,6,1,Both parties negotiated freely and voluntarily arrived at the agreed price.
39,3,7,1,There is no evidence suggesting that this transaction is a simulated or sham agreement.
39,3,8,1,"The declarations of will appear genuine and free from any error, deceit, or duress."
40,1,1,0,The parties have not reached mutual consent as the seller rejected the buyer's initial offer and proposed a counter-offer.
40,1,2,,"While both parties express interest in negotiating, a final common intention to be bound by a contract cannot be determined yet."
40,1,3,0,"There is no agreement on the essential terms of the contract, specifically the purchase price, as the parties are still negotiating."
40,1,4,,It cannot be determined at this stage whether mandatory statutory provisions are met as no contract has been concluded.
40,1,5,1,"The negotiation is proceeding in a polite, fair, and professional manner, consistent with good faith."
40,1,6,1,Both parties are participating in the negotiation consciously and freely without any signs of coercion.
40,1,7,1,There is no indication that this negotiation is a simulated or sham legal act.
40,1,8,1,"The declarations of will do not appear to be affected by any error, deceit, or threat."
40,2,1,0,"The parties have not reached mutual consent as the buyer's offer of $15,900 was met with a counteroffer of $16,000 by the seller."
40,2,2,,"While both parties express a desire to close the deal, a common intention to be legally bound cannot be fully determined until an agreement is reached."
40,2,3,0,"There is no agreement on the essential terms of the contract yet, specifically the final purchase price."
40,2,4,,"No contract has been concluded yet, so compliance with mandatory statutory provisions cannot be evaluated."
40,2,5,1,"The negotiation is conducted in a polite, fair, and professional manner, consistent with good faith."
40,2,6,1,Both parties are participating in the negotiation freely and consciously determining their respective offers.
40,2,7,1,"The transaction appears to be a genuine negotiation for the sale of a vehicle, with no indication of a simulated act."
40,2,8,1,"There is no evidence of error, deceit, threat, or any other defect affecting the parties' declarations of will."
40,3,1,1,"Both parties have explicitly expressed mutual consent to the price of $16,000."
40,3,2,1,Both parties show a clear intention to conclude the contract and proceed with the paperwork.
40,3,3,1,"The parties have agreed on the essential terms, specifically the 2019 Toyota Yaris and the price of $16,000."
40,3,4,1,The agreement appears to comply with standard legal requirements for a vehicle sale.
40,3,5,1,"The negotiation was conducted in a fair, polite manner consistent with good faith and fair dealing."
40,3,6,1,Both parties consciously and freely negotiated and agreed to the final price without coercion.
40,3,7,1,There is no indication that this transaction is a simulated or sham legal act.
40,3,8,1,"The declarations of will do not appear to be affected by any error, deceit, or threat."
